:020000040810E2
:100000000080041015C41008B5B81008BDB8100859
:10001000C5B81008CDB81008D5B810080000000009
:10002000000000000000000000000000DDB8100823
:10003000EBB8100800000000F9B8100807B9100864
:1000400065C4100865C4100865C4100865C41008AC
:1000500065C4100865C4100865C4100865C410089C
:1000600065C4100865C4100865C4100865C410088C
:1000700065C4100865C4100865C4100865C410087C
:1000800065C4100865C4100865C4100865C410086C
:1000900065C4100865C4100865C4100865C410085C
:1000A00065C4100865C4100865C4100865C410084C
:1000B00065C4100865C4100865C4100865C410083C
:1000C00065C4100865C4100865C4100865C410082C
:1000D00065C4100865C4100865C4100865C410081C
:1000E00065C4100865C410080000000065C410084D
:1000F00065C4100865C4100865C4100865C41008FC
:1001000065C4100865C4100865C4100865C41008EB
:1001100065C4100865C4100865C4100865C41008DB
:1001200065C4100865C4100865C4100865C41008CB
:1001300065C4100865C4100865C4100865C41008BB
:1001400065C4100865C4100800000000000000002D
:1001500065C4100865C4100865C4100865C410089B
:1001600065C4100865C4100865C4100865C410088B
:1001700065C4100865C4100865C4100800000000BC
:1001800065C4100865C4100865C4100865C410086B
:1001900065C4100865C4100865C4100865C410085B
:1001A00065C4100865C4100865C4100865C410084B
:1001B00065C4100865C4100865C4100865C410083B
:1001C00065C4100865C4100865C4100865C410082B
:1001D00065C4100865C4100865C4100865C410081B
:1001E00065C4100865C4100865C4100865C410080B
:1001F00065C4100865C4100865C4100865C41008FB
:1002000065C4100865C4100865C4100865C41008EA
:1002100065C4100865C4100865C4100865C41008DA
:1002200065C4100865C4100865C4100865C41008CA
:1002300065C4100865C4100865C4100865C41008BA
:1002400065C4100865C4100865C4100865C41008AA
:1002500065C4100865C4100865C4100865C410089A
:1002600065C4100865C4100865C4100865C410088A
:1002700065C4100865C4100865C4100865C410087A
:1002800065C4100865C4100865C4100800000000AB
:0802900065C4100865C41008E4
:1002C0000348044B834202D0034B03B118477047E5
:1002D0000402001004020010000000000548064B54
:1002E0001B1AD90F01EBA301491002D0034B03B134
:1002F00018477047040200100402001000000000BC
:1003000010B5064C237843B9FFF7DAFF044B13B15D
:100310000448AFF300800123237010BD484C001047
:1003200000000000A8C4110808B5044B1BB1044923
:100330000448AFF30080BDE80840CFE700000000AC
:100340004C4C0010A8C4110851EC100B204A21F0AD
:10035000004393421FD900B51E4A934285B008D985
:1003600002460B4608F038FF41EC100B05B05DF873
:1003700004FB684600F030F800F0030001289DED12
:10038000021B9DED000B17D0022809D0B8B901203F
:1003900000F0DAFEEAE79FED0C1B002000F0D4BE6F
:1003A000012000F0D1FE53EC102B03F1004300EECE
:1003B000903A05B05DF804FB01F04EF8D6E701F085
:1003C0004BF8F0E7AFF300800000000000000000F1
:1003D000FB21E93FFFFFEF7F2DE9F04F53EC102B9E
:1003E000874923F000458D4291B0044640F28E804B
:1003F00084498D421E462AD8002E1046194676A3FF
:10040000D3E9002340F3A88108F0E6FE7E4B9D422D
:1004100006460F4600F08B8071A3D3E9002308F055
:10042000DBFE8046894642464B463046394608F058
:10043000D3FE6BA3D3E9002308F0CEFEC4E9008904
:10044000C4E902010127384611B0BDE8F08F6F49B9
:100450008D4240F286806E498D425FD84FEA255A20
:10046000AAF2164AA5EB0A5110469046894609F0B1
:100470001BFB08F0FFFF02460B4640464946CDE90C
:100480000A2308F0A9FE634B002209F05DF88946B3
:10049000804609F009FB08F0EDFF02460B46404696
:1004A0004946CDE90C2308F097FE5A4B002209F08B
:1004B0004BF8CDE90E0110AF03254FF000084FF0C7
:1004C000000977E9020142464B46AB46013D09F07F
:1004D000A3FA0028F5D1504B019302230093524612
:1004E0005B4621460AA800F08BF9002E0746AADADF
:1004F0006168226801F10043E168C4E90023A26851
:1005000001F10043C4E9022347429CE70020002197
:1005100084ED000BC4E90201002794E71046194658
:1005200008F05AFEC4E90201C4E90001F4E72EA371
:10053000D3E9002308F050FE2DA3D3E9002306469B
:100540000F4608F049FE8046894642464B463046F3
:10055000394608F041FE26A3D3E9002308F03CFE0B
:100560006CE701F0AFF859EC108B23A3D3E900231B
:100570004046494608F0E8FF284B002208F02EFECE
:1005800009F092FA074608F075FF02460B46CDE9DE
:10059000042311A3D3E9002308F0D6FF02460B463B
:1005A0004046494608F018FE0DA3D3E900238246D1
:1005B0008B46DDE9040108F0C7FF1F2FCDE90201DA
:1005C00030DC174B7A1E53F82230AB422AD0024659
:1005D0000B469DE0AFF3008000004054FB21F93F43
:1005E0003163621A61B4D03D0000601A61B4D03D3D
:1005F0007370032E8A19A33B83C8C96D305FE43F33
:10060000FB21E93F7BD90240FB21F93FFB21394126
:10061000FFFFEF7F0000704194FA11080000E03FF7
:1006200014FA1108DDE902235046594608F0D4FDBA
:100630002B150793C1F30A53C3EB1553102B8046B8
:1006400089466BDD64A3D3E90023DDE9040108F0EA
:100650007BFF8046894642464B465046594608F045
:10066000BBFD02460B4650465946CDE9082392464B
:100670009B4608F0B1FD42464B4608F0ADFD58A33D
:10068000D3E9002380468946DDE9040108F05CFFD8
:1006900042464B4608F0A0FD02460B4650465946DE
:1006A000CDE9022308F098FD079AC1F30A53D31A43
:1006B000312B804689464CDD4CA3D3E90023DDE98C
:1006C000040108F041FF8046894642464B465046A9
:1006D000594608F081FD82468B4652465B46DDE96D
:1006E000080108F079FD42464B4608F075FD41A32C
:1006F000D3E9002380468946DDE9040108F024FFA0
:1007000042464B4608F068FD02460B46CDE90223FF
:100710005046594608F060FD8046894642464B46A1
:10072000C4E900895046594608F056FDDDE9022328
:1007300008F052FD002EC4E90201BFF684AE09F1B3
:100740000043C4E9008301F10043C4E902037F428E
:1007500079E6DDE908ABE1E708F040FD224B9D4278
:1007600006460F4618D01AA3D3E9002308F036FD39
:100770008046894642464B463046394608F02CFDB5
:1007800013A3D3E9002308F029FDC4E90089C4E9D3
:1007900002014FF0FF3756E60FA3D3E9002308F01C
:1007A0001DFD0FA3D3E9002306460F4608F016FDF2
:1007B0008046894642464B463046394608F00CFD95
:1007C00007A3D3E9002308F009FDDEE7AFF30080BB
:1007D0003163621A61B4D03D0000601A61B4D03D4B
:1007E0007370032E8A19A33BFB21F93F0000002EF2
:1007F0008A19A33BC14920259A837B390000000058
:100800002DE9F04FADF5197D9C460B91BD4BA2999A
:10081000049053F82130059312F1140F0CF1FF33BB
:100820000393C0F2AD82B849D31E81FB0301DB17ED
:10083000C3EBA10308930133A3EB8303DB00D618BA
:10084000089A039BD41A059AD7181DD40137DDF8EE
:100850008CA2274420AD4FF000084FF00009E3467A
:1008600008E05AF8240008F005FE0134BC42E5E82F
:10087000020108D0002CF4DA013440464946BC425B
:10088000E5E80201F6D1DC46059B002BB8BF4FEA34
:10089000CC0738DB20AB03EBCC0A059BDDF80C90D2
:1008A000029663444FEACC070093049BCDE906C748
:1008B0000DF5E07B03EBCC084B46D9469B46039BEA
:1008C000002BC0F2A281049E57460024002577E940
:1008D0000223F6E8020108F037FE02460B462046E6
:1008E000294608F07BFC464504460D46EFD1009BA7
:1008F0000BF1010B9B45E9E802450AF1080ADED13C
:10090000DDE906C7029E049B059A009203EB070BE4
:100910000CAB03EB8203043B09930CAB03EB8207A4
:10092000CDF828C0009A98AB03EBC203002A53E924
:1009300028454FEAC2082CDD0DF5E07AD0440DF1D0
:10094000300902960697714B00222046294608F08E
:10095000FBFD09F0A9F808F08DFD6D4B002206465D
:100960000F4608F0F1FD02460B462046294608F0E6
:1009700033FC09F099F878E9022349F8040B394669
:10098000304608F02BFCD04504460D46DBD1029ED4
:10099000069F45EC104B304600F04AFB55EC104BDF
:1009A00000224FF07F532046294608F0CDFD41EC50
:1009B000100B00F0CDFC574B51EC100B002208F04F
:1009C000C3FD02460B462046294608F005FC0D46AD
:1009D000044609F069F8824608F04CFD02460B46D1
:1009E0002046294608F0F8FB002E8046894640F351
:1009F0009380009B0CAA581EC6F1180352F82020C1
:100A000042FA03F404FA03F3D21AC6F117010CAB4D
:100A100042FA01F5002D43F82020A24400F3DC80C7
:100A2000002200234046494608F0F6FF002800F067
:100A30005782009B059A93420CDD0CAA02EB8303BC
:100A4000002253F8041DBB4242EA0102F9D1002AF8
:100A500040F0DE80059B0CAA013B52F82330002BAE
:100A600040F0CE80099A012352F8041D0133002979
:100A7000FAD0009A13440132914600990A980293E1
:100A80000144089802EB000A0AF1804AA3980AF18F
:100A9000FF3A00EB8A0A20A800EBC108CDE90667FF
:100AA00070A901EBC20200925AF8040F08F0E2FCB0
:100AB000039B002BE8E8020120DB049E474600244C
:100AC000002577E90223F6E8020108F03DFD024621
:100AD0000B462046294608F081FB5E4504460D463C
:100AE000EFD1009BE3E802450093029B09F1010965
:100AF0009945D9DDDDE90667009313E70024002559
:100B0000EFE700BFA0FB1108ABAAAA2A0000703EC5
:100B1000000070410000204055D1009B0CAA013B11
:100B200052F82350ED15002D7FF77AAF009B002B74
:100B30000AF1010A40F343820CAB002253F8044B44
:100B4000002C3BD0C4F1807443F8044C6FF07F401C
:100B5000009C03E01968411A43F8041B01329442D7
:100B6000F8DC0124002E0DDD012E3ED0022E09D12D
:100B7000009B5A1E0CAB0CA953F82230C3F315038B
:100B800041F82230022D7FF44BAF42464B46944948
:100B9000002008F021FB80468946002C3FF440AF3E
:100BA00030469FED8D0B00F043FA4046494653EC2A
:100BB000102B08F011FB8046894631E7009901327D
:100BC0009142BBDCCEE7874B002208F043FF0028B0
:100BD00040F0C480054623E7009B002B0AF1010A80
:100BE000D8BF0024A8DC012EC0D1009B5A1E0CAB3C
:100BF0000CA953F82230C3F3160341F82230C1E7A1
:100C0000009B5A1C9146134637E7002400256EE6E8
:100C1000009A0CAB541ECDE9035A53F82430183E09
:100C20005BB902F18043013B0CAA02EB830353F84A
:100C3000042D013C183E002AF9D030469FED660B8A
:100C400000F0F6F9002C57EC106BC0F2C48104F1EF
:100C5000010A0CAB03EB8A054FEACA0270ABDFF85E
:100C6000889103EBCA0A4FF00008934655F8040D2B
:100C700008F000FC32463B4608F066FC4B466AE949
:100C8000020142463046394608F05EFC0CAB9D42FC
:100C900006460F46EAD1ABF1080370A95A4601EBAC
:100CA000030A0DF590784FF00009CDE9064243465E
:100CB0005246A346CA46DDF81490CDF81480B9F127
:100CC000000FC0F28380DFF82481009317460026CE
:100CD00000240025029201E0564510DCF7E80223CB
:100CE000F8E8020108F030FC02460B46204629468F
:100CF00008F074FA0136B14504460D46ECDA009B63
:100D0000029A0BF1FF3BBBF1FF3FE3E802450AF11A
:100D1000010AA2F10802D2D1A29BDDF81480022BB5
:100D2000DDE9064264DC002B2FDC10D108EB020465
:100D30000020002174E9022308F050FA4445F9D15B
:100D4000039B002B40F037810B9BC3E90001049B00
:100D500003F007000DF5197DBDE8F08F009B002B17
:100D60000AF1010AC8BF02253FF7E6AE42464B46EC
:100D70001B49002008F030FA0225804689464FE6DC
:100D800000216FF01703089159E508EB02050026D2
:100D9000002775E902233046394608F01FFA454519
:100DA00006460F46F5D13B46D5E90001324608F02C
:100DB00013FA039B002B00F0E2800B9D07F1004328
:100DC000C5E90063002C40F0DE80E7E00024002548
:100DD00097E700BFAFF30080000000000000F03F85
:100DE0000000F03F0000E03F0000703EB0FB110843
:100DF000A29B032BABD1002C00F0FD8008EBC405B7
:100E00004FEAC40AD5E90067CDE905A50095A946D2
:100E1000029479E902453046394622462B4608F0CD
:100E2000DDF9B246BB4606460F4632463B462046F3
:100E3000294608F0D1F952465B4608F0CFF9C14582
:100E4000C9E90201C9E90067E3D1029C012CDDE98F
:100E500005A500F0D080D5E90045009E08F1080BFB
:100E6000474676E902892046294642464B46CDE967
:100E7000004508F0B3F904460D4622462B4640468D
:100E8000494608F0A9F9DDE9002308F0A7F9B345C0
:100E9000C6E90201C6E90045E3D10AF10804B846F3
:100EA0003C4407F110050020002174E9022308F0FA
:100EB00095F9A542F9D1039BD8E90067D8E9024525
:100EC000002B47D10B9BC3E90401C3E90067C3E9C9
:100ED0000245049B03F007000DF5197DBDE8F08F76
:100EE000704249EC108BCDE9035A00F0A1F855ECA3
:100EF000104B4B4B00222046294608F0ABFDF8B1C1
:100F0000484B00222046294608F01EFB08F0CCFD85
:100F1000074608F0AFFA424B002208F015FB0246E4
:100F20000B462046294608F057F908F0BDFD009B06
:100F30000CAA5C1C42F82300183642F824707CE6A8
:100F40002046294608F0B0FD009B0CAA1C4642F83A
:100F5000230072E632460B9E07F10043C6E90023E8
:100F600005F10043C6E9024301F10043C6E9040369
:100F7000049B03F007000DF5197DBDE8F08F0B9B76
:100F8000C3E900676CB14AAE0125F6E802230135DA
:100F900008F024F9AC42F8DA039B13B101F10043E5
:100FA00019460B9BC3E90201049B03F007000DF5F2
:100FB000197DBDE8F08F01F100431946C4E6022D0A
:100FC0007FF42EAD02460B460020174908F004F9C5
:100FD0008046894624E5A29B022B06DC002B0DDC13
:100FE0007FF4B5AE00200021AAE6A29B032B7FF47C
:100FF000AEAE0DF59078002000215CE7039BDDE9A3
:10100000480133B10B9C00224FF00043C4E9002398
:10101000C4E70B9C00220023C4E90023C1E700BF02
:10102000000070410000703E0000F03F0000000032
:1010300070B555EC104BC5F30A5206462B4672BBF1
:1010400025F00043234329D03B4B2046294600226C
:1010500008F07AFA394B9E4204460D4652DBC1F342
:101060000A520B46363A4CF250318E4223DC16447B
:1010700040F2FE7296421EDC002E34DC16F1350F73
:1010800038DB6FF31E53363643EA065520462C4BA9
:101090002946002208F058FA41EC100B70BD40F2CE
:1010A000FF718A42DFD122462046294608F096F891
:1010B00041EC100B70BD002D17A1D1E9000107DB39
:1010C00015A3D3E9002308F03FFA41EC100B70BDE3
:1010D00013A1D1E9000110A3D3E9002308F034FAE9
:1010E00041EC100BF3E76FF31E5343EA065545EC52
:1010F000104B70BD002D0CA1D1E9000102DA0CA14A
:10110000D1E9000108A3D3E9002308F01DFA41EC5E
:10111000100B70BDAFF300809C7500883CE4377EF7
:101120009C7500883CE437FE59F3F8C21F6EA50198
:1011300059F3F8C21F6EA58100005043B03CFFFF79
:101140000000903C000000002DE9F04F55EC104BE2
:1011500025F0004385B0B3F1795F8DED001B80462B
:1011600006D22046294608F09FFC002800F08A801D
:1011700022462B462046294608F0E6F906460F4649
:1011800032463B462046294608F0DEF943A3D3E920
:10119000002382468B463046394608F0D5F941A3F4
:1011A000D3E9002308F018F832463B4608F0CCF9A2
:1011B0003EA3D3E9002308F011F832463B4608F07D
:1011C000C3F93CA3D3E9002308F006F832463B46B6
:1011D00008F0BAF939A3D3E9002307F0FFFFCDE9FE
:1011E0000201B8F1000F35D0DDE900012A4B0022E1
:1011F00008F0AAF9DDE9022380468946504659469F
:1012000008F0A2F902460B464046494607F0E4FFC3
:1012100032463B4608F098F9DDE9002307F0DCFF91
:101220001BA3D3E9002306460F465046594608F053
:101230008BF902460B463046394607F0CFFF02468F
:101240000B462046294607F0C7FF41EC100B05B0BE
:10125000BDE8F08F02460B463046394608F074F977
:101260000BA3D3E9002307F0B7FF52465B4608F013
:101270006BF922462B4607F0B1FF41EC100B05B08D
:10128000BDE8F08F45EC104B05B0BDE8F08F00BF16
:10129000495555555555C53F0000E03F7CD5CF5ABF
:1012A0003AD9E53DEB9C2B8AE6E55A3E7DFEB157E7
:1012B000E31DC73ED561C119A0012A3FA6F8101150
:1012C0001111813F0000000051EC100B1E4A21F06B
:1012D000004393421ED900B51C4A934285B008D9F9
:1012E00002460B4607F078FF41EC100B05B05DF8A5
:1012F00004FB6846FFF770F800F0030001289DED3D
:10130000021B9DED000B14D0022807D0A0B900F0FD
:10131000A3F8EBE79FED0A1B00F09EB800F09CF8E5
:1013200053EC102B03F1004300EE903A05B05DF84A
:1013300004FBFFF709FFF3E70120FFF705FFD5E7FF
:101340000000000000000000FB21E93FFFFFEF7FED
:1013500051EC100BC1F30A532DE9F041A3F2FF3514
:10136000132D0C46064632DC002D20DB384B43FAA9
:1013700005F801EA080303430F462DD032A3D3E951
:10138000002307F02BFF0022002308F06DFB40B183
:10139000002C03DA4FF480132B411F4427EA080482
:1013A00000262346324643EC102BBDE8F08126A3ED
:1013B000D3E9002307F012FF0022002308F054FBBA
:1013C0000028EED0002C2ADB00263446E9E7332D36
:1013D00006DDB5F5806F1BD041EC100BBDE8F08148
:1013E000A3F213434FF0FF37DF400742F4D016A3B8
:1013F000D3E9002307F0F2FE0022002308F034FBBB
:101400000028CED0002C334610DB23EA0706C8E7BD
:1014100002460B4607F0E2FE41EC100BDEE724F03B
:10142000004426430DD14FF00044BAE7142D06D0F6
:10143000C5F134050122AA401344B342E5D2013478
:10144000E3E7044C0026ACE79C7500883CE4377E5B
:10145000FFFF0F000000F0BF2DE9F04F57EC106BBD
:1014600027F00048B8F1795F5BEC11AB85B071D221
:101470003046394608F018FB002800F0F480324668
:101480003B463046394608F05FF879A3D3E900239C
:1014900004460D4608F058F877A3D3E9002307F077
:1014A0009DFE22462B4608F04FF875A3D3E9002392
:1014B00007F092FE22462B4608F046F872A3D3E9C5
:1014C000002307F08BFE22462B4608F03DF870A360
:1014D000D3E9002307F080FE22462B4608F034F8BB
:1014E0006DA3D3E9002307F079FE22462B4608F0CE
:1014F0002BF8CDE900016E4B00222046294608F06A
:1015000023F8DDE90023804689462046294608F075
:101510001BF844464D468046894652465B46304657
:10152000394608F011F802460B464046494607F096
:1015300053FE02460B462046294607F04DFE024662
:101540000B4600205B4907F047FE41EC100B05B04D
:10155000BDE8F08F32463B463046394607F0F4FF8F
:1015600043A3D3E9002304460D4607F0EDFF42A351
:10157000D3E9002307F032FE22462B4607F0E4FFB2
:101580003FA3D3E9002307F027FE22462B4607F0AE
:10159000DBFF3DA3D3E9002307F020FE22462B46C4
:1015A00007F0D2FF3AA3D3E9002307F015FE224645
:1015B0002B4607F0C9FF38A3D3E9002307F00EFE3E
:1015C0002B46224607F0C0FF3B4B9845CDE9000172
:1015D00091D93A4B98453DD8A8F5001300223549DA
:1015E00000209046994607F0F7FDCDE90201304B07
:1015F00000222046294607F0A7FF42464B4607F047
:10160000EBFDDDE90023804689462046294607F0A8
:101610009BFF44464D468046894652465B463046CF
:10162000394607F091FF02460B464046494607F00F
:10163000D3FD02460B462046294607F0CDFD024663
:101640000B46DDE9020107F0C7FD41EC100B05B0C8
:10165000BDE8F08F9FED127BDFF864908DED027B8B
:101660004FF00008C3E79FED100B05B0BDE8F08F09
:10167000D43888BEE9FAA8BDC4B1B4BD9EEE213EFF
:10168000AD529C804F7E923E9015CB19A001FA3E40
:101690007751C1166CC1563F4C5555555555A53F10
:1016A000000000000000E73F000000000000F03FE5
:1016B0000000E03F0000F03F3233D33F0000E93F3D
:1016C0000000D23F51EC100B024621F0004343ECE6
:1016D000102B70470CB410B59CB01EAB0291069154
:1016E0006FF0004104910791084953F8042B0591CC
:1016F000002402A901931B9400F0A4FA029B1C7021
:101700001CB0BDE8104002B0704700BF0802FFFFE8
:101710000EB430B59CB06FF000411FAB049107913F
:101720000A4953F8042B029000240690084D0868DB
:10173000019302A905951B9400F084FA029B1C708A
:101740001CB0BDE8304003B0704700BF0C00001073
:101750000802FFFF0000000038B5124B1D682A6B1D
:1017600004461AB10023C2E9044338BD182003F02F
:10177000CFF90246286378B101200021C2E90401B3
:10178000094B0A480A499160C2E900030B2393817F
:101790000023C2E9044338BD064B0748462100F048
:1017A000D9F800BF0C00001034126DE60E33CDAB3B
:1017B000ECDE0500A4001208BC0012081C4B10B59A
:1017C0001C68226B8AB113691A4954691A4803FBD1
:1017D00001F100FB0411A3FB0030013341EB0001D8
:1017E000C2E9043121F0004010BD182003F090F947
:1017F0000246206388B1114C114B0E48114991608B
:101800009FED097BC2E900430B2393810E4B0146F8
:1018100082ED047BC2E9043110BD0C4B0C4852210F
:1018200000F098F8AFF30080010000000000000015
:101830000C0000102DF451582D7F954C0E33CDAB7C
:1018400034126DE6ECDE05002E7F954CA4001208E4
:10185000BC00120888420ED98B1883420BD900EBCA
:10186000020C002A6ED0624613F801CD02F801CDB9
:101870009942F9D170470F2A0FD8034602F1FF3C75
:10188000002A5FD00CF1010C013B8C4411F8012BB4
:1018900003F8012F6145F9D1704740EA01039B0726
:1018A00051D1A2F1100370B501F1200C23F00F0506
:1018B00001F1100E00F11004AC441B095EF8105C3D
:1018C00044F8105C5EF80C5C44F80C5C5EF8085C54
:1018D00044F8085C5EF8045C44F8045C0EF1100EF9
:1018E000E64504F11004E9D1013312F00C0F01EBCD
:1018F000031102F00F0400EB031328D0043C24F082
:1019000003064FEA940C1E441C1F8E465EF8045BCF
:1019100044F8045FB442F9D10CF1010402F003026F
:1019200003EB840301EB840102F1FF3C4AB10CF1AB
:10193000010C013B8C4411F8012B03F8012F614588
:10194000F9D170BD704702F1FF3C03469AE7224689
:10195000EAE700BF00B50B4C25681446EE681A464E
:1019600085B003460D464CB107490095CDE90114F9
:101970003046064903F030FB01F032F904490C46C9
:10198000F3E700BF0C000010E8001208F80012088E
:10199000F400120808B513460022FFF7DBFF00BF72
:1019A000014B1868704700BF0C00001011F0FF01D8
:1019B000034600F0030239D08ABB026810B501EB80
:1019C000012E0EEB0E4E8EEA0204A2F1013323EA41
:1019D0000203A4F1013222EA0402134313F0803F10
:1019E0000FD150F8044F84EA0E0CA4F10133ACF18E
:1019F000013223EA040322EA0C02134313F0803F6E
:101A0000EFD0037823B936E010F8013F002B32D035
:101A10009942F9D110BD8A4228D09A0729D01A7864
:101A200018460133002AF6D110467047CAB9026839
:101A3000A2F1013323EA020313F0803F08D150F8EA
:101A4000042FA2F1013323EA020313F0803FF6D002
:101A500003785BB110F8013F002BFBD17047990769
:101A600005D0184613F8012B002AF8D17047184604
:101A7000DDE71846A1E7184610BD00BF2DE9F04785
:101A80008F681D46AF420B680C46164636D8B1F932
:101A90000CC01CF4906F0ED13D46184631462A46C4
:101AA000FFF7D8FEA368DF1B2368A7602B44002044
:101AB0002360BDE8F0874A69096902EB42025F1AB8
:101AC00002EBD2726B1C52103B44934292BF914680
:101AD00099461A461CF4806F804611D0114601F0D9
:101AE0007FFD824600B321693A4602F0E7FDA389F3
:101AF00023F4906343F08003A38105E02F46CCE7F5
:101B000003F07EFA824658B10AEB0703A9EB0707F8
:101B1000A760C4F810A0C4F8149023602F46BCE757
:101B20002169404602F064FEA3890C2243F0400381
:101B3000C8F800204FF0FF30A381BAE72DE9F04F3D
:101B40009368176883B09246002B74D04FF0000B57
:101B50008B680A6881460C465D4645E0B4F90C3056
:101B600013F4906F2CD0D4E90401161A01EB410252
:101B700002EBD272711C52102944914292BF9046DE
:101B800088460A465B0539D51146484601F028FDCE
:101B9000019000283DD03246216902F08FFDA289D4
:101BA000019B22F4906242F08002A2819819A8EB76
:101BB0000606A660C4F8148023612060A8462E465D
:101BC00032465946FFF746FEDAF80810A368226845
:101BD000A3EB08033244491BA3602260CAF8081033
:101BE00049B3D7E900B5083798461046002DF8D01C
:101BF0009D421E46B2D2A8462E46E1E7014648461F
:101C000003F0FEF903460028D0D12169484602F0CE
:101C1000EFFDA3890C2243F04003C9F800204FF0E8
:101C2000FF30A38100220023CAF80820CAF804303C
:101C300003B0BDE8F08F00200023CAF8043003B0E1
:101C4000BDE8F08F2DE9F04F1C468B891D069DB035
:101C500088468146934603D50B69002B00F0F1803E
:101C60000023099343F22003ADF829309BF800309C
:101C70007D4D03940126002B73D0DA4603E01AF859
:101C8000013F002B75D0252BF9D1BAEB0B0473D192
:101C90009AF80020002A64D000234FF0FF32CDE9EB
:101CA00005230AF1010A049307938DF853301A9320
:101CB00005E0049A06FA03F31A430492A246544636
:101CC000052214F8011B284603F0EAFDA346431B36
:101CD0000028EED1049BD80644BF20228DF8532063
:101CE00019079AF8001044BF2B228DF853202A2997
:101CF00050D1039A11680432002903927CDB0791CA
:101D00009AF801102E295BD0584C0322204603F08C
:101D1000C7FD38B1049B001B4022824013430BF1E6
:101D2000010B04931BF8011B51488DF82810062263
:101D300003F0B6FD002865D04E4B002B55D003AA0A
:101D400000924D4B424604A9484601F035F907463A
:101D50007A1C06D0099B3B4409939BF80030002B6A
:101D60008BD1B8F80C305B067AD409981DB0BDE869
:101D7000F08FBAEB0B04F4D023465A46414648464E
:101D8000FFF77CFE0130ECD0099B9AF80020234439
:101D900009937FE7A1F13002092A88BFD346B1D861
:101DA000079B00E00134217803EB830302EB43033C
:101DB000A1F13002092AF5D92E290793A346A3D110
:101DC0009BF801102A2927D1039B9BF802101A685F
:101DD00005920433002A0BF102000393B8BF4FF0C1
:101DE000FF338346B8BF05938EE7039B073323F089
:101DF000070308330393ADE7494243F00203079119
:101E000004937DE703AA00921B4B424604A948466F
:101E100003F034FA07469BE7A1F130020023092AB8
:101E200005930BF1010B3FF66FAF1BF8011F03EB9E
:101E3000830302EB4303A1F13002092AF5D905938C
:101E400062E7402101F0CCFBC8F80000C8F81000A0
:101E500018B14023C8F8143002E70C23C9F8003049
:101E60004FF0FF3082E700BF28011208300112084E
:101E700034011208B92F10087D1A100870B50F4BE5
:101E80000F4DAB42A3EB050607D0B610002455F862
:101E9000043B01349847A642F9D81AF005FB094DD6
:101EA000094B5E1BAB424FEAA60606D0002455F84C
:101EB000043B01349847A642F9D870BD7C02120851
:101EC0007C0212087C021208800212080EB470B55F
:101ED0009DB021AC00254FF4017254F8046BADF8AD
:101EE00014201B950290069003F0CAF80B4B0B933D
:101EF0000B4B03904FF6FF710790ADF81610186862
:101F00000F953246234602A91495019406F0B4FABF
:101F10001DB0BDE8704003B0704700BFE9791008FC
:101F20000C0000100CB4F0B59DB022AC00254FF4AD
:101F300001730646084654F8047BADF8143002914C
:101F400006911B9503F09CF80346039307930A4BF5
:101F50000B934FF6FF73ADF816303A4630462346E2
:101F600002A90F951495019406F086FA1DB0BDE8FC
:101F7000F04002B0704700BFE9791008036A2DE90C
:101F8000F041846880460E46002B3BD0A3891B0796
:101F900017D52369ABB1013EA36816F8015F013B79
:101FA000A360EDB1002B07DAA7699F4222462946BC
:101FB000404610DC0A2D0ED023685A1C22601D708A
:101FC000EAE72146404601F085FA0028E3D04FF0C9
:101FD000FF30BDE8F08102F069FC0130DCD1F6E7AA
:101FE000002B09DA22460A21404602F05FFC01304C
:101FF000EDD00A20BDE8F08123680A22591C216037
:102000001A70F6E700F052FCC0E700BF024B014631
:102010001868FFF7B3BF00BF0C00001001292DE9BD
:10202000F0415BD94FF00108C64600244FF0FF3560
:10203000434608E0A3EB05081C464FF0010E04EBF5
:102040000E03994210D900EB050CC75C1CF80E601A
:10205000B742EFD332D04FF001082546C64644447C
:1020600004EB0E039942EED80127C2F80080BE4669
:1020700000244FF0FF363B4607E09F1B1C464FF005
:10208000010E04EB0E03994210D900EB060C10F878
:1020900003801CF80EC0E045EFD817D00127264674
:1020A000BE463C4404EB0E039942EED80136681C50
:1020B000864201D317603046BDE8F081C6450ABFAD
:1020C00074440EF1010E4FF0010EB8E7BE450ABF91
:1020D00074440EF1010E4FF0010ED2E701270026E5
:1020E000E8E700BF2DE9F04F174687B005AA804604
:1020F0008946384619461C46FFF790FF059B029318
:1021000082460246F918384600F0B8FA00285FD136
:1021100044F400630193029BE31A06460546A9EBCB
:1021200004010393CAF1010BA9421BD35645334660
:1021300038BF53469C4223D9581EEA1838444244BB
:1021400002E001339C421BD012F801CB10F801EFE2
:10215000E645F6D09C4213D95D441D44A9424FF098
:102160000006E3D2019908EB090003F057FA814415
:10217000A9EB0401A942D9D2002007B0BDE8F08F35
:1021800056450AF1FF336FD205EB0A02424407EBD2
:102190000A00009502E09E4211D0734610F801CD6E
:1021A00012F8015DAC4503F1FF3EF4D0009D013310
:1021B00001369E4207D8029B039E1D44B4E70136B8
:1021C0009E42009DF7D908EB050007B0BDE8F08FEF
:1021D000A4EB0A03534538BF5346013301930593DB
:1021E00044F400630025A9EB040100930AF1FF36D3
:1021F000CAF1010BA94216D3544520D905EB0A02B6
:102200004244B819534602E001339C4217D012F8F9
:1022100001CB10F801EFE645F6D09C420FD95D44A2
:102220001D44A942E8D2009908EB090003F0F6F931
:102230008144A9EB0401A9429ED35445DED8BAF1EA
:10224000000FC0D005EB0A00404407EB0A0201E092
:10225000BB42B8D012F801ED10F801CDE6451346A7
:10226000F6D0019B1D44C5E75346A1E72DE9F04F89
:102270009346ADF21C4D05AA80468A46584619463B
:102280001C46FFF7CBFE134681460DF2144243F87D
:10229000044F9342FBD16CB1601E58440BF1FF32E6
:1022A00006AD12F8011FA31A013B5B44824245F8B8
:1022B0002130F6D1059B01934A460BEB03015846AA
:1022C00000F0DCF9002878D144F4006307460546A5
:1022D000AAEB040E0293661EAE4511D308EB050C63
:1022E00006AA1CF8063052F82330C3B11FB1019A78
:1022F0009A4288BFA31A1D44AE454FF00007EDD2A5
:1023000008EB0A00029903F089F98244AAEB040E53
:10231000AE45E3D200200DF21C4DBDE8F08F4F45D5
:102320003B4638BF4B469E4218D9591EEA185944BD
:102330004244009502E001339E420ED012F8010B98
:1023400011F8015F8542F6D09E42009D06D9C9F181
:1023500001022A44D5180027BEE7009D4F4509F128
:10236000FF3380F0818005EB090242440BEB090149
:102370000095CDF80C9002E09F4213D04B4611F827
:10238000015D12F8010D854203F1FF39F4D0009D83
:10239000DDF80C90013301379F4209D8019B1D44A1
:1023A000E71A99E701379F42009DDDF80C90F5D9B7
:1023B00060460DF21C4DBDE8F08FA4EB09034B45C0
:1023C00038BF4B4601330193059344F40063002565
:1023D000AAEB040E0093661EAE4509D308EB050078
:1023E00006AA835D52F823306BB11D44AE45F5D289
:1023F00008EB0A00009903F011F98244AAEB040EDD
:10240000AE45EBD286E7B14517D209F1FF3105EBB6
:102410000902594442444B4602E00133B3420CD016
:1024200012F8017B11F801CFBC45F6D09E4204D9C9
:10243000C9F101022A44D518CEE7B9F1000F3FF4E3
:102440006AAF05EB090141440BEB090202E05B4571
:102450003FF461AF12F801CD11F8017DBC45134680
:10246000F5D0019B1D44C1E74B4694E72DE9F041AF
:102470000D46097890B00446002954D06A78002AA5
:1024800000F08280AB78002B51D0E8782E680028CD
:1024900000F081802B79002B56D0284602F0F0FD09
:1024A000064640F40071204603F0B8F886425AD838
:1024B000FE2E00F28880801B27184022711C68467F
:1024C00000F08AF87EB16A1E5FFA86FC901912F855
:1024D000013F03F03F0340336B44A91A614490422B
:1024E00003F8401CF3D1013CA35D03F03F034033EC
:1024F0006B4413F8403C1C44A74203D238E04444E8
:10250000A74235D314F806C00CF03F0C0CF1400381
:102510000DEB030C3246294620461CF8408C00F097
:10252000ADF80028EBD1204610B0BDE8F08100786E
:1025300042EA0142B8B140EA03439A42214614F804
:10254000010FF7D14C1EEEE7227862B131BA01E0FB
:102550008B421ED042EA0323204614F8012F002AA2
:10256000F6D18B4215D00024204610B0BDE8F08192
:10257000BB5DB819002BF6D04FF4006103F04EF8A4
:102580000744A742AFD2EEE710B0BDE8F041FFF735
:102590000DBAC41EC7E7120442EA0162217842EA7A
:1025A00003230029DFD0024601E00029DBD041EA05
:1025B0000200B3EB002F25464FEA002214F8011F5A
:1025C000F3D1AC1EAFE7014633462A46204610B091
:1025D000BDE8F0414AE600BF830730B547D0541E3E
:1025E000002A3ED0CAB2034601E0013C39D303F8C9
:1025F000012B9D07F9D1032C2CD9CDB205EB052574
:102600000F2C05EB054535D9A4F1100222F00F0C73
:1026100003F1100EE6444FEA121C1A46C2E90055B7
:10262000C2E9025510327245F8D10CF1010214F0E2
:102630000C0F03EB021204F00F0C13D0ACF10403E7
:1026400023F003030433134442F8045B9342FBD1A9
:102650000CF003042CB1C9B21C4403F8011BA342C3
:10266000FBD130BD64461346002CF4D1F9E7034694
:102670001446C0E71A46A446E0E700BF032A30B478
:1026800015D941EA0004A40784460B4604D0541E21
:102690000FE0043A032A08D91946604653F8044B60
:1026A0005CF8045BA542F4D0F1E760461946541E7D
:1026B0007AB1431E0139021901E09A4209D013F898
:1026C000010F11F801CF6045F7D0A0EB0C0030BC32
:1026D0007047002030BC704700207047024A034911
:1026E000034802F0F3B900BF00000010A12D10084C
:1026F000100000100C4B4168994210B5044601D0FF
:1027000000F04EFBA168094B994202D0204600F030
:1027100047FBE168064B994204D02046BDE81040D3
:1027200000F03EBB10BD00BF644C0010CC4C00104C
:10273000344D0010002070472DE9F8432A4C2B49F6
:10274000DFF8BC90DFF8BC80294FC4F838110025B1
:1027500004230822294604F15C00264EE360C4E904
:102760000055C4E90455A5606566A561FFF734FF0F
:10277000214B63670822294604F1C400C4E90849D3
:10278000C4E90A87C4E91A55C4E91E552567C4F887
:10279000CC50C4F880502663FFF71EFF174BC4F8D7
:1027A000DC30294604F16803082204F59670C4F869
:1027B0008830C4E92398C4E92576C4E93455C4E9CE
:1027C0003855C4F8D850C4F83451C4F8E850FFF76D
:1027D00003FF04F1D003C4E93D98C4E93F76C4F88F
:1027E000F030BDE8F88300BF644C0010DD2610080F
:1027F0002D7A1008517A1008090001001200020019
:10280000C5791008ED791008F8B5254BD3F83831A3
:102810000646002B3CD0234FD7E90134013B04D5B9
:102820001DE05A1C04F1680419D0B4F90C50013BA6
:10283000002DF6D11C4BE360C4E90155C4E90455F1
:1028400065662560A5610822294604F15C00FFF752
:10285000C3FEC4E90D55C4E912552046F8BD3D68D4
:102860000DB12F46D8E74FF4D671304600F0B8FED0
:10287000044680B10423C0E900530C302946A0600F
:102880004FF4D0722546FFF7A7FE3C602F46C3E702
:10289000FFF752FFBFE70C2338603360DDE700BF6E
:1028A000644C0010000000100100FFFF036A03B138
:1028B0007047044B044AD3F838310262002BF7D139
:1028C0003AE700BF644C0010F5261008704700BFBF
:1028D000704700BF024A0349002002F0F7B800BF6A
:1028E00000000010D9261008024A0349002002F017
:1028F000EDB800BF000000103527100800000000F0
:1029000002780B78012A28BF9A4240F0D8806DE9FE
:10291000044540EA0104CDE902676FF0000C4FEA7C
:1029200044721AB380EA010414F0070F6BD100F06F
:10293000070420F0070004F0030521F007014FEA27
:10294000C505F0E8042314F0040FF1E804670CFA5D
:1029500005F462EA040266EA04060BD063EA0403A3
:10296000624667EA0407664604E000BFF0E8042315
:10297000F1E8046782FA4CF582EA0604A4FA8CF4C2
:102980006CBB83FA4CF583EA0705A5FA8CF595B97B
:1029900050E9022351E9026782FA4CF582EA060403
:1029A000A4FA8CF483FA4CF583EA0705A5FA8CF5B2
:1029B0002543DBD09CB92DBAB5FA85F424F0070481
:1029C00027FA04F1DDE9026723FA04F303F0FF00BC
:1029D00001F0FF01FDE80445A0EB0100704724BAB7
:1029E000B4FA84F424F0070426FA04F1DDE902675E
:1029F00022FA04F202F0FF0001F0FF01FDE80445B5
:102A0000A0EB0100704714F0030F3CD110F0030459
:102A100028D150F8082B51F8083B82FA4CF582EA8D
:102A20000305A5FA8CF55DB950F8042C51F8043C67
:102A300082FA4CF582EA0305A5FA8CF5002DE8D060
:102A40002DBAB5FA85F424F0070423FA04F122FA2A
:102A500004F202F0FF0001F0FF01FDE80445A0EBE5
:102A6000010070474FEAC40420F0030050F8082B1F
:102A700021F0030151F8083B0CFA04F462EA040265
:102A800063EA0403C9E710F003041DD0A1EB0401BD
:102A900020F00300E40750F8042B06D012D28B7804
:102AA0005FFAA2F4E41A06D12BB1CB785FFAB2F444
:102AB000E41A00D133B920465DF8104B7047A2EB01
:102AC0000300704701F1040150F8042BCC0721F0FA
:102AD000030151F8043B48D824D222F07F4482FA03
:102AE0004CF594EA1325A5FA8CF50AD165B951F88D
:102AF000043B84EA0204B4EB036F0ED150F8042BBC
:102B0000EBE74FEA132355E035F07F454DD10878C8
:102B1000FDE80445C0F1000070474FEA126203F07F
:102B2000FF0347E002EA1C4482FA4CF594EA13459D
:102B3000A5FA8CF50AD165B951F8043B84EA020480
:102B4000B4EB034F0CD150F8042BEBE74FEA1343DF
:102B500030E015EA1C4528D10B884FEA124229E0E3
:102B60004FEA124203EA1C4324E002F0FF0482FA17
:102B70004CF594EA1365A5FA8CF50AD165B951F8BC
:102B8000043B84EA0204B4EB032F09D150F8042B70
:102B9000EBE74FEA13630DE015F0FF0F05D10B686B
:102BA0004FEA122223F07F4304E04FF00000FDE8DB
:102BB0000445704712BA1BBA82FA4CF482EA030445
:102BC000A4FA8CF5B5FA85F402FA04F203FA04F3D8
:102BD0004FEA1260FDE80445A0EB1360704700BFA8
:102BE00008B5062002F0C0FD012008F0ADFE00BFD0
:102BF000002A3ED030B584460446084380070B4681
:102C00002ED1032A07D82BE0043A25D01EF0803FAE
:102C100022D1032A22D92068194653F8045BA0F177
:102C2000013EA842A4462EEA000E04F10404EBD0B3
:102C30009CF800000C7884421DD1E64668B11EF86D
:102C4000010F11F8014FA2EB0E03A04203F1FF3375
:102C500011D11CEB0303F1D1002030BDA44619466D
:102C60009CF800000C78A04205D1012AF4D0E64679
:102C7000E4E710467047001B30BD00BFB1F90C30CF
:102C80002DE9F0411E070C4680463DD44A68002AD3
:102C900056DDE56A002D34D00022D8F80060C8F86F
:102CA000002013F48052216A57D101234046A847DF
:102CB000451C024666D0B4F90C30E56A216A580713
:102CC00005D56368D21A636B0BB1236CD21A00234B
:102CD0004046A847431C42D0002363602369236019
:102CE000A389DF0400D56065616BC8F8006041B15D
:102CF00004F14403994202D0404601F079FD0023DB
:102D000063630020BDE8F0810E69002EF9D09B07B7
:102D10000D6808BF4B690E6018BF0023AD1B8B60A8
:102D20000BE02B463246216AA76A4046B847B0F10D
:102D3000000CA5EB0C05664406DD002DF1DCE0E798
:102D40000A6C002AA5DCDCE7B4F90C3043F0400340
:102D5000A3814FF0FF30BDE8F081626DAFE7D8F896
:102D60000010B4F90C301D29F0D80C4ACA40D50720
:102D7000ECD52269226000226260DA04B4D5002911
:102D8000B1D0B1E7D8F80030002B94D01D2B01D082
:102D9000162BD9D1C8F80060B3E700BF010040206E
:102DA0000B69B3B110B5044682B008B1036A5BB1D8
:102DB000B1F90C3013B9002002B010BD204602B0AA
:102DC000BDE81040FFF75ABF0191FFF76FFD019971
:102DD000EEE70020704700BFB8B138B50D4A03696F
:102DE000156804462BB10DB12B6A53B1B4F90C3000
:102DF0000BB9002038BD21462846BDE83840FFF712
:102E00003DBF2846FFF752FDF0E7034A0349044857
:102E100001F05CBE0C00001000000010A12D100895
:102E2000100000102DE9F04755EC104B84B0002D38
:102E30000D9E894692463DDB0027652E1F7035D0DA
:102E40003DDC452E32D0462E5AD1032103AB0193EF
:102E500002AB009345EC104B0C9B4A4600F0D6FCAD
:102E6000074626F02003462B07EB090805D13B78DF
:102E7000302B39D00C9B1B689844204629460022F1
:102E8000002306F0C9FD002838D1039B984506D9D8
:102E900030215A1C03921970039B4345F9D30E9AB3
:102EA000DB1B3846136004B0BDE8F08709F1010967
:102EB0000221CBE705F100422D271546BDE7662E1E
:102EC000C3D003AB019302AB009345EC104B0C9BBA
:102ED0004A46022100F09AFC672E0746C1D11AF03B
:102EE000010F1ED1039BDAE700220023204629466A
:102EF00006F092FDC0B10C9B1B6898444346CEE798
:102F000003AB019302AB009345EC104B0C9B4A467C
:102F1000022100F07BFC472E0746A2D11AF0010FD8
:102F2000E0D007EB0908A8E70C9AC9F10103136088
:102F3000A2E700BF70B50029BABF49422D232B2359
:102F4000092982B0027043702BDD0DF10704194D81
:102F5000A446A5FB0123DB0803EB8302A1EB42029D
:102F60008E463032BEF1630F66460CF8012C1946CE
:102F70000CF1FF3CEDDCB31E3031A3420CF8011C18
:102F800000F102050AD2421C13F8011B02F8011FCE
:102F9000A342F9D10DF109039B1B1D44281A02B06D
:102FA00070BD30231944051D8370C170281A02B00A
:102FB00070BD00BFCDCCCCCC2DE9F04F8DB00C4610
:102FC000DDF8588016461F46054601F0C1FC03682F
:102FD0000693184602F054F800230A93D8F80030FC
:102FE0000790073323F0070303F10802D4F800A089
:102FF00094F818B0C8F8002093ED007B8DED047BA9
:103000009DED047B53EC172B904623F0004984ED93
:10301000127B9F4B4FF0FF324046494606F02EFD93
:1030200040B99B4B404649464FF0FF3206F008FD41
:10303000002871D0DDE9040102460B4606F01EFDB2
:10304000002840F0298261684B1C4AF480620BF032
:10305000DF0832D0B8F1470F00F022810023226050
:1030600003930AAB029309AB00939DED040BCDF8DB
:1030700004B00DF123032846FFF7D4FE8146BBF1CF
:10308000650F099937D9BBF1660F00F028810A9BBB
:103090008B4240F32F810029D4BFC1F102020122EB
:1030A00013442361A1654FF0000A9DF82330002BE3
:1030B0004AD02D2384F8433046E0062100232260C5
:1030C000CDF804B0616003930AAB029309AB00939F
:1030D0009DED040B0DF123032846FFF7A3FEB8F185
:1030E000470F8146CBD10999C81C80F2F180ABF122
:1030F000020B5FFA8BFB01395A4604F1500009912B
:10310000FFF718FF0A9A1318012A8246236140F339
:10311000378101332361C8E7DDE904010022002380
:1031200006F084FC10B12D2384F843302AF0040209
:10313000584B2260584ABBF1470F8CBF91469946C5
:10314000032323614FF0000A009733460BAA214660
:10315000284602F001F8013023D0236858052BD40B
:1031600023694A4631462846B847013019D02268BB
:10317000E0680B9B920719D5984217DD4FF00008C5
:1031800004F1190904E0E0680B9BC21A42450DDD09
:1031900001234A4631462846B847013008F1010864
:1031A000F1D14FF0FF300DB0BDE8F08F9842B8BFBD
:1031B00018460DB0BDE8F08FBBF1650F33D9D4E9E7
:1031C00012010022002306F027FC002800F09A805C
:1031D000324A012331462846B8470130E1D0DDE9C3
:1031E000093A534502DB2268D107C1D5DDE9062340
:1031F00031462846B8470130D3D0BAF1010FB6DDC9
:103200000AF1FF3A4FF0000904F11A0801E0D14534
:10321000ADD00123424631462846B847013009F176
:103220000109F4D1BDE7DDF82880B8F1010F40F3C2
:10323000988001234A4631462846B8470130B0D02D
:10324000DDE9062331462846B8470130A9D0D4E944
:1032500012010022002308F1FF3B06F0DDFB0028ED
:1032600000F09380B8F1010F40F386804FF0000921
:1032700004F11A0801E0D9457ED0012342463146C7
:103280002846B847013009F10109F4D189E700BFA8
:10329000FFFFEF7F3C011208400112084C011208A9
:1032A00009B9012161600023226003930AAB0293F4
:1032B00009AB00939DED040BCDF804B00DF1230391
:1032C0002846FFF7AFFD09998146C81CFFF60FAFEE
:1032D000636899423FF70BAF4FF0670BD7E60029C1
:1032E000636856DD2161002B00F0858001330B44BB
:1032F0002361D7E623682161DB077FF5D3AE4B1C42
:103300002361CFE6099B002B4ADD0A9BD4F858B015
:1033100004935B45A8BF5B46002B984608DD4A46F0
:1033200031462846B84701303FF43BAFD4F858B097
:1033300028EAE87293456BDD4FF0000A04F11A08A1
:10334000934604E0A36DA3EB0B0252455FDD01231E
:10335000424631462846B84701300AF1010AF1D108
:103360001FE7D9073FF565AF4A4601233146284696
:10337000B84701303FF415AF534604F15002F1E66F
:103380002268D2077FF591AEC3E65B4609F10102E0
:10339000ECE7002B34D12268D20731D4012380E638
:1033A000494A012331462846B84701303FF4F9AE77
:1033B000DDE9093A5AEA030324D0DDE90623314660
:1033C0002846B84701303FF4ECAE099B002B78DA71
:1033D0004FF0000B04F11A0803E0099B5B425B45C8
:1033E0006FDD0123424631462846B84701300BF1D4
:1033F000010BF2D1D5E62268D0077FF553AE75E711
:1034000002334EE62268D3077FF5B2AED5E79B467E
:10341000099B049A9A4202DC2268D00708D5DDE9AC
:10342000062331462846B84701303FF4BAAE099B1F
:10343000049AA2EB0B0AD31A9A45A8BF9A46BAF18E
:10344000000F0BDD09EB0B02534631462846B84707
:1034500001303FF4A6AE099B049AD31A2AEAEA7A0D
:1034600053457FF784AEDDF810B04FF0000904F14A
:103470001A0807E0099BABEB0303A3EB0A034B45D8
:103480007FF775AE0123424631462846B8470130E2
:1034900009F10109EED184E6059B0C4A002BBCBF63
:1034A0002D2384F843302AF004032360084BBBF13A
:1034B000470F8CBF91469946032323614FF0000AC2
:1034C00042E653464A464DE64C01120848011208AE
:1034D0004401120838B52F4B1B6805460C4613B142
:1034E0001A6A002A4BD0B4F90C3018071CD522698F
:1034F00022B313F0010107D0616900204942A060A6
:10350000A1613AB1002038BD980758BF6169A16038
:10351000002AF7D1190658BF1046F4D543F04003EE
:10352000A3814FF0FF3038BDD9062CD55A0712D4ED
:10353000226943F00803A381002ADAD103F4207141
:10354000B1F5007FD5D02146284601F0DDFFB4F962
:103550000C302269CDE7616B51B104F14402914214
:1035600004D0284601F044F9B4F90C30002262631B
:1035700022690021C4E9002123F02403D9E7184679
:10358000FFF794F9AFE7092243F040032A60A381D3
:10359000C7E700BF0C00001070B5104E3368054639
:1035A0000C46B3B12146284603F006F9431C0CD063
:1035B000C41C24F00304A04205D0211A284603F0BD
:1035C000FBF8013001D0204670BD4FF0FF3420469B
:1035D00070BD194603F0F0F83060E3E7A04D00102D
:1035E0002DE9F843CD1C25F0030508350C2D38BF17
:1035F0000C25002D064618DBA94216D8DFF8DC8022
:1036000001F07EFFD8F80420A2B1144603E06368FD
:1036100022467BB11C4623685B1BF8D40B2B1FD8BA
:103620009442636854D053600CE00C233360002054
:10363000BDE8F88329463046FFF7AEFF431C044639
:1036400019D00560304601F05DFF04F10B00231D29
:1036500020F00700C21A1CBF1B1AA350BDE8F88354
:1036600061199442256014BF5160C8F80410635179
:1036700063684B60E6E7D8F804701FB33C467F6888
:10368000002FFBD123683946304604EB030903F0D1
:1036900093F8814516D12368ED1A29463046FFF785
:1036A0007BFF01300ED02368D8F804202B44236020
:1036B000536883B1A34203D01A465B689C42FBD196
:1036C0000023B0E70C233360304601F01BFFAEE768
:1036D000C8F80430B6E7C8F80470B3E7A04D00108E
:1036E0002DE9F04F03690C69A34283B0C0F28A80D0
:1036F000013C01F1140500F1140855F8243058F884
:10370000242001339A428E4681464FEA840105EB1C
:10371000840708EB840AB2FBF3F63AD3CDE900152F
:103720000022AC46404613465CF8041B05681FFAAD
:1037300081FB06FB0B22090C4FEA124B06FB01BB77
:1037400092B2A9B2891A19441FFA8BF3C3EB214331
:1037500003EB154389B241EA0341674540F8041B76
:103760004FEA1B424FEA2343DED2DDE9001558F849
:10377000013073B9AAF1040AD04504D307E0D0455B
:1037800004F1FF3403D25AF80439002BF7D0C9F8FA
:1037900010407146484602F095FD00282EDB414658
:1037A000002255F8040BD1F800C01FFA80FE1FFA62
:1037B0008CF3A3EB0E031344020CC2EB234202EB87
:1037C0001C429BB243EA0243AF4241F8043B4FEA3A
:1037D0002242E6D258F8242008EB84036AB9043B5D
:1037E000434504D807E0984504F1FF3403D253F869
:1037F0000429002AF7D0C9F810400136304603B03A
:10380000BDE8F08F002003B0BDE8F08F2DE9F04F48
:10381000C5699DB08DED060B269C049057EC106B8E
:1038200002910B920993002D00F0B183296851B1E8
:103830006A684A60012393408B6002F075FA049B2A
:10384000DB6900221A60B7F10009B4BF012300232D
:103850002360774BBCBF29F00049CDF81C9033EAB8
:10386000090300F0AC809DED067B002251EC170BA4
:1038700000238DED007B06F0CFF8804668B1099AF1
:1038800001231360279B13B1279A6A4B13606A4B7D
:10389000059305981DB0BDE8F08F9DED000B0498D1
:1038A0001AAA1BA902F07CFE5FEA1955824640F075
:1038B0009C80DDE91A85454405F23243202B40F314
:1038C0009B83C3F1400309FA03F905F2124326FA78
:1038D00003F349EA030005F0BDFD0123013DA1F119
:1038E000F8711293554B002205F076FC4AA3D3E9F8
:1038F000002305F029FE4AA3D3E9002305F06EFC5E
:10390000064628460F4605F0B5FD47A3D3E9002338
:1039100005F01AFE02460B463046394605F05EFCBD
:1039200006460F4606F0C0F8002204460890002321
:103930003046394606F07AF8002840F03683089C75
:10394000A8EB0508162C08F1FF3B00F214833C4B52
:1039500003EBC403D3E90023DDE9000106F066F8B8
:10396000002873D0631E0893BBF1000F4FF00003D3
:103970001193C0F2068300230C93089B002B6BDA93
:10398000089B0C9A0D93D21A0C925A42002308936A
:10399000029B1092092B67D8052BC4BF043B0293EE
:1039A000029BA3F10203CCBF00250125032B00F2EB
:1039B0004986DFE813F07C04790470045204099A04
:1039C000C9F3130942F20F7359EA060913601CD1B7
:1039D000279B002B00F02D861A4B05930833279A5E
:1039E000059813601DB0BDE8F08FDDE90012C2F349
:1039F0001303084643F07F51CDF84880A5F2FF3508
:103A0000DDF8688041F440116CE7279B002B40F003
:103A100000840D4B05933CE761436F63A787D23F5A
:103A2000B3C8608B288AC63FFB799F501344D33FAD
:103A30000000F07F4D0112084C0112080000F83F11
:103A400008FD1108500112085C011208B8F1000FBE
:103A500040F3AF8411900C90089B0D939B4400237E
:103A60001093029B092B97D900234FF0FF32CDE929
:103A70000A23012502930E95049BDB6900215960FE
:103A80000A9B1393049802F00FF90590002800F0A8
:103A9000E285049B059ADB691A600A9B0E2B00F2F3
:103AA0000D81002D00F00A810D99002940F3518409
:103AB000AE4B01F00F0203EBC203C805D3E9008946
:103AC0004FEA211540F11584A94BDDE90001D3E946
:103AD000082305F063FECDE9140105F00F05032767
:103AE0007DB1A34EE90708D540464946D6E90023F3
:103AF00005F02AFD0137804689466D1006F108065B
:103B0000F0D142464B46DDE9140105F047FE804600
:103B10008946119B43B1974B00224046494605F028
:103B200085FF002840F01785384605F0A3FC424683
:103B30004B4605F009FD904B002205F04FFBA1F12B
:103B40005073CDE9140115930A9B002B00F09D8062
:103B50000D9B19930A9B18934946404605F0A4FF14
:103B6000189A824B03EBC20313ED027B05468DEDE1
:103B7000167B05F07FFC0B4602464946404605F0A1
:103B80002BFB059F0E9B30357E1CECB28046894690
:103B90003546002B00F07284DDE9162377490020BA
:103BA00005F0FCFDDDE9142305F016FB3C704246F0
:103BB0004B4604460D4605F057FF002840F0BF84F1
:103BC000CDF858B0CDF850A0AB460027189DA246BE
:103BD0002AE00137AF4280F20685694B50465946CC
:103BE000002205F0B1FC664B002282468B4640461F
:103BF000494605F0A9FC8946804605F055FF044674
:103C000005F038FC02460B464046494605F0E4FA0A
:103C1000303406F8014B52465B468046894605F033
:103C200005FF002840F0DC8442464B465149002005
:103C300005F0D2FA52465B4605F0F8FE0028C8D0DF
:103C4000199BDDF850A0059A374603F1010802E000
:103C5000974200F0A6843E4617F8013D392BF7D075
:103C60000133DBB23B70454674E1384605F002FC97
:103C700042464B4605F068FC3F4B002205F0AEFA89
:103C8000A1F15073CDE9140115933E4B002240463B
:103C9000494605F0A1FADDE9144522462B460646C1
:103CA0000F4605F0E1FE002840F08A843046394690
:103CB000224605F1004305F0B9FE28BB1B9B002BF3
:103CC000C0F292800D9A0E2A00F38E80274B0D9A37
:103CD00003EBC20393ED007B0B9B002B8DED027B6E
:103CE00019DA0A9B002B16DC0ED1264B0022DDE9E7
:103CF000020105F029FC02460B46DDE9000105F052
:103D00009FFE002800F05C840023059E00931F4660
:103D10000B9BDD4344E2059B5D1CDDE90278DDE998
:103D200000013A46434605F039FD05F0BDFE064662
:103D300005F0A0FB3A46434605F006FC02460B465A
:103D4000DDE9000105F048FA059A06F13003137029
:103D50000A9B012B2F4600F037830125CDF800A0E8
:103D6000A846DDE902AB99462CE000BF08FD11082A
:103D7000F8FD11080000F03F00001C400000E03F8B
:103D8000000024400000144052465B46204629466D
:103D900005F004FD05F088FE064605F06BFB524673
:103DA0005B4605F0D1FB08F101080B4602462946A7
:103DB000204605F011FA06F13003C84507F8013B2B
:103DC00000F000838F4B002205F0BEFB0022002391
:103DD00004460D4605F020FE0028D5D00D9DDDF8E7
:103DE00000A001353E46B5E00E9A002A40F0F18071
:103DF0000023109E0C9D0E931F4665B1BBF1000F72
:103E000009DD5D450C9A2B46A8BF5B46D21A0C9281
:103E1000ED1AABEB030B109B53B10E9B13B1002EAD
:103E200040F00B835146109A049802F067F98246DD
:103E30000498012102F096F8089B0090002B40F0B6
:103E4000D381029B012B40F3E9810120584410F0FB
:103E50001F0000F0B780C0F12003042B40F3F8816D
:103E60000C9BC0F11C0003440C93054483440C9B41
:103E7000002B05DD514604981A4602F0AFF9824640
:103E8000BBF1000F05DD009904985A4602F0A6F92F
:103E90000090119B002B40F08C810A9B002B40F37B
:103EA00064810E9B002B40F0BC800D9D0135DDF838
:103EB0001480009CDDF828B0DDF81090012607E0A2
:103EC000514600230A22484601F052FF013682463D
:103ED00021465046FFF704FCB34500F1300008F8D6
:103EE000010BEDDC0A9B002BC8BF1E46059BD8BF0B
:103EF0000126814603EB060B00245146012204985B
:103F000002F06CF90099824602F0DCF9002840F3D7
:103F10000382059A02E0934500F016825E460BF19B
:103F2000FF3B16F8013C392BF5D001338BF80030FC
:103F3000DDF810800099404601F0F6FE57B12CB133
:103F4000BC4203D02146404601F0EEFE04983946BB
:103F500001F0EAFE0498514601F0E6FE00233370BA
:103F6000099B1D60279B002B3FF493AC05981E60B6
:103F70001DB0BDE8F08F0123BBF1000F1193BFF618
:103F8000FAACC8F101030C934FF0000BF5E41020DC
:103F900000F0BEFD049B0246D861002800F04D836E
:103FA000C0E90055C0E902554DE4204605F062FA2B
:103FB00032463B4605F030FD00287FF4C0AC631E5E
:103FC0000893BCE41C230C9A1A440C921D449B4495
:103FD0004DE7029A012A40F3AA810A9B109A5E1EBD
:103FE000B242C0F26781002BA2EB060680F2EC829F
:103FF0000C9B0A9A9D1A6AE1C3F1200306FA03F0AA
:1040000069E400BF000024403946002304980A22D6
:1040100001F0AEFE139B002B074640F3FE820D9687
:104020000A93002D05DD394604982A4602F0D6F899
:104030000746089B002B40F0E481B846059E0A9C89
:10404000731E1C44069B03F00103CDE90B43049C43
:1040500000995046FFF744FB39468346504602F02C
:1040600031F9009905464246204602F04DF9C368F1
:104070000BF130090146ABBB0A90504602F022F921
:104080000A990890204601F04FFE089A002A54D160
:10409000029B1BB90C9B002B00F0AB82002D3FDB79
:1040A0000B9BB346B3420BF8019B00F0C181514614
:1040B00000230A22204601F05BFE4745824639462E
:1040C0004FF000034FF00A02204630D001F050FEBE
:1040D0004146074600230A22204601F049FE5E467B
:1040E0008046B5E7049801F01FFE002D06DB069B15
:1040F00003F00102029B1D432A4329D151460122AC
:10410000049802F06BF80099824602F0DBF8002870
:1041100040F3F680B9F1390F00F048820BF1310914
:104120000D9D06F8019B3C460135474600E701F02E
:104130001FFE5E46074680468AE7002DC0F29D823C
:10414000029B1D430C9B1D4300F09782002AA7DDB4
:10415000B9F1390F00F02A820D9D09F101033C46A7
:1041600006F8013B01354746E2E6029B022B7FF74A
:1041700098AE0A9B002B40F02381009904980522F9
:1041800001F0F6FD01460090504602F09BF8002831
:1041900040F31681059E0D9D312306F8013B013544
:1041A0000099049801F0C0FD0135002F7FF4CEAED8
:1041B000D0E60099504602F085F80028BFF66DAEB3
:1041C0005146002304980D9C0A2201F0D1FD0E9B5C
:1041D000661E8246002B7FF417AF139B002B40F323
:1041E0000F820D9D0A9362E601461A46049801F07B
:1041F00085FF029B0090012B6FDD00230893009A3E
:10420000136902EB8303186901F05AFEC0F1200024
:104210001CE6964B05930333FFF7E1BB069B002B8F
:104220007FF413AEDDE90612C2F31303002B7FF413
:104230000CAE8F4B13402BB10C9B01330C930BF145
:10424000010B0123089A0893002A3FF4FEADD6E73C
:104250003FF40DAEC0F13C03B5E601230E930B9B7A
:104260000D9A134413930133012B1F460A93B8BFD1
:104270000127049B172FDE6940F2FB8101220423F2
:104280005B0003F11400B842114602F10102F7D9B4
:104290007160FFF7F7BB01230E930B9B002B36DDFC
:1042A0001F4613930A93E4E700230E93D7E70023F6
:1042B0000E93F2E7109B089A1096F31A1A4408928C
:1042C0000A9B0C9A15461A449B440C9200260498AB
:1042D000012101F047FE07468FE5069B002B8CD19C
:1042E000DDE90601C1F313030A46002BA1D00890B3
:1042F00085E79DED007B02278DED147BFFF7F0BB7A
:104300007FF40EAF19F0010F7FF404AF08E701232B
:10431000CDE90A33FFF7B0BB03D119F0010F7FF4E9
:10432000F8AD5E461BF8013D302BFAD000E6129A3C
:10433000002A00F0078103F233430C9A109E1546C1
:104340001A449B440C92C2E7059A3123013513703D
:10435000EEE500F0FB800D9A464B554205F00F024A
:1043600003EBC203D3E90023DDE9000105F0ECF81B
:104370002D11CDE9140100F057813F4E0023022793
:1043800080468946EA0709D5D6E9002340464946D2
:1043900005F0DAF801378046894601236D1006F1F1
:1043A0000806EFD1002B7FF4B4ABDDE91489FFF7E9
:1043B000B0BBC8F1010383460C931190FFF74CBBCF
:1043C000059EA5E4DDF800A002460B4604F006FFBA
:1043D0000D9D02460B46CDE900230135DDE90223A0
:1043E000A84605F041FB40B9DDE90223DDE9000103
:1043F00005F012FB18B1F30701D5059A2BE43E46F0
:10440000A8E57968049801F04FFC0546002800F003
:1044100029813B6902339A0007F10C010C3000F04E
:104420004DF904982946012201F0D8FE804605E6A0
:104430000D9D3C46013547465FE5049C39463246B2
:10444000204601F05BFE524601460746204601F039
:104450009FFD51468046204601F066FC109B9B1B49
:10446000C24610933FF4E4ACDCE400BF5C011208E8
:104470000000F07F08FD1108F8FD1108DDE91623A2
:10448000DDE9140105F060F8059B1C70189B012BF9
:10449000CDE90E0100F0BF80189F059B12961F44C6
:1044A0007E4B00224046494605F04EF80D46044634
:1044B00005F0FAFA814604F0DDFF09F13009024601
:1044C0000B462046294604F087FE06F8019BB742BA
:1044D00080468946E4D1129D714B0022DDE90E0130
:1044E00004F07CFE02460B464046494605F0BCFA05
:1044F00000286FD1DDE90E236949002004F06CFE2D
:1045000002460B464046494605F090FA88B91B9B87
:10451000002BFFF66DAC0D9B0E2B3FF769AC614B8A
:104520000D9A03EBC20393ED007B8DED027BFFF749
:10453000F4BB3E46013F16F8013C302BF9D0199DE3
:10454000013507E51A9BC3F13603F6E6DDE900897C
:104550000227FFF7DEBA0A9B002B3FF486AB139CC1
:10456000002C7FF7ABAB0D9B013B00224046494638
:1045700019934A4B04F0E8FF80468946781C04F002
:1045800079FF42464B4604F0DFFF474B002204F020
:1045900025FEA1F15073CDE9140118941593FFF78E
:1045A000DBBA08F101083123FFF75CBB0D9D059ACA
:1045B000B34639233C460BF8013B01354746ADE491
:1045C000002300931F46E5E50C9A15461A449B44C8
:1045D0000C927CE6199B059A03F10108FFF73BBB9F
:1045E000DDF850A0ABE7DDF858B0DDF850A0FFF7DC
:1045F00065BBB9F1390FD9D0002D3FF78FAD8FE5ED
:10460000029B022B03DC139B0D9D0A934FE4139B2B
:104610000A930D96ADE537465EE7029B022BF6DC6A
:10462000139B0D960A93FCE4DDE914890227FFF73A
:1046300070BA1E4B0593FFF72CB91D4B1D48EF2197
:10464000FDF788F90498C36900255D60294601F0EB
:104650002BFB0590A8B9184B1648002240F2AF1169
:10466000FDF778F9144B13482A4640F2EF21FDF785
:1046700071F900217160FFF705BA002A3FF73EADDE
:104680004EE5049B059ADB690B951A604FF0FF33EA
:10469000012213930E920A93FFF710BB00002440EF
:1046A0000000E03F08FD110800001C405001120806
:1046B000A4001208600112088C011208844641EA25
:1046C000000313F003036DD1403A41D351F8043B8A
:1046D00040F8043B51F8043B40F8043B51F8043BDC
:1046E00040F8043B51F8043B40F8043B51F8043BCC
:1046F00040F8043B51F8043B40F8043B51F8043BBC
:1047000040F8043B51F8043B40F8043B51F8043BAB
:1047100040F8043B51F8043B40F8043B51F8043B9B
:1047200040F8043B51F8043B40F8043B51F8043B8B
:1047300040F8043B51F8043B40F8043B51F8043B7B
:1047400040F8043B51F8043B40F8043B403ABDD2EA
:10475000303211D351F8043B40F8043B51F8043B8C
:1047600040F8043B51F8043B40F8043B51F8043B4B
:1047700040F8043B103AEDD20C3205D351F8043B1B
:1047800040F8043B043AF9D2043208D0D2071CBFE7
:1047900011F8013B00F8013B01D30B880380604610
:1047A000704700BF082A13D38B078DD010F0030386
:1047B0008AD0C3F10403D21ADB071CBF11F8013BF6
:1047C00000F8013B80D331F8023B20F8023B7BE745
:1047D000043AD9D3013A11F8013B00F8013BF9D270
:1047E0000B7803704B7843708B788370604670470A
:1047F000002950D038B551F8043C0C1F002BB8BF2D
:10480000E418054600F07CFE274A13682BB1A3424A
:104810000CD92168601883422CD06360284614604C
:10482000BDE8384000F06EBEA3420FD81A465B6860
:10483000002BF9D111685018844217D02CD3636033
:1048400054602846BDE8384000F05CBE116850183E
:10485000A04214D020D8216860188342EFD1186894
:104860005B680844C4E900035460EAE723680B442A
:104870001360E6E718685B6808442060CDE72068AD
:104880000144501883421160DBD1D3E90004014494
:10489000C2E90014D5E770470C232B602846BDE819
:1048A000384000F02FBE00BFA44D0010F8B50D46F3
:1048B0001446064610B1036A002B37D0A389A269BB
:1048C000A2601A0719D52369BBB122686169D31A9E
:1048D000EDB299422F4620DD0133A1680139A16074
:1048E000511C2160157062699A420DD0A389DB07C3
:1048F00001D50A2D08D03846F8BD21463046FEF7CE
:10490000E9FD38B92369E0E721463046FEF748FA69
:104910000028F0D04FF0FF37EDE721463046FEF794
:104920003FFA0028F6D122680123D6E7FDF7BEFF43
:10493000C4E700BF10B4044C03460A4620685DF883
:10494000044B1946FFF7B2BF0C000010F03070475F
:10495000004870474C010010004870474C0100109F
:10496000242B2DE9F84F43D8012B41D080464948EC
:104970001F468E4675461EF801BB10F80B4014F01A
:104980000804F7D1BBF12D0F6FD0BBF12B0F08BF7F
:104990009EF800B06FF0004908BF05F1020E73BB2E
:1049A000BBF1300F4BD00A273B460025B9FBF7F689
:1049B000284607FB169A05E03AD007FB00C0012500
:1049C0001EF801BBABF1300CBCF1090F06D9ABF1FD
:1049D000410CBCF1190F19D8ABF1370C63451EDD42
:1049E000B5F1FF3FECD08642E6D24FF0FF35E7E766
:1049F000FCF7D6FF162303600020BDE8F88F102BCC
:104A0000D3D1BBF1300F23D01F46CEE7ABF1610C01
:104A1000BCF1190F03D8ABF1570C6345E0DC6B1CFC
:104A20002BD054B9002AE8D085BB1160BDE8F88FBF
:104A3000E245C2DA4FF0FF35C2E74042F2E79EF8A6
:104A4000003003F0DF03582B08D008273B46ACE7C3
:104A50009EF8000000F0DF005828D5D110279EF8FE
:104A600001B03B460EF1020E9FE79EF800B04FF0FA
:104A7000004905F1020E012491E72223C8F8003015
:104A800032B10EF1FF3148461160CFE78146F8E7B9
:104A90004846B2E7F1FB110862E700BF10B4044CCE
:104AA0008446134620685DF8044B0A46614657E782
:104AB0000C00001010B4044C8446134620685DF8C6
:104AC000044B0A4661464BE70C0000102DE9F84301
:104AD0000746884616464FF00009D6E90154013DC5
:104AE00010D4A389012B08D9B4F90E300133214623
:104AF000384602D0C04749EA0009013D6B1C04F169
:104B00006804EED13668002EE7D14846BDE8F88348
:104B1000024B01461868FEF763BD00BF0C00001091
:104B2000024B01461868FFF763BE00BF0C0000107F
:104B30002DE9F04F0C4687B0896805934B1EB3F5FD
:104B4000AE7F0646904640F2BB8127466FF4AE70BA
:104B500057F81C3B01EB000E40F25D11A16043F4DD
:104B6000F0634FF0000A236043463D46B046D3460B
:104B7000CDF810A0CDF808A0D146CDF804A00A4683
:104B8000CDF80CE01E4633681878A0F12B034E2BAD
:104B900070D8DFE813F0C9006F00C90023016F006F
:104BA0004F00530053005300530053005300530071
:104BB000530053006F006F006F006F006F006F00B5
:104BC0006F001C016F006F006F000101FA006F00A1
:104BD0006F00EB006F006F006F006F00DC006F0074
:104BE0006F006F006F006F00D6006F006F006F00E6
:104BF0006F00D0006F006F006F006F006F006F00DC
:104C00006F001C016F006F006F000101FA006F0060
:104C10006F00EB006F006F006F006F00DC006F0033
:104C20006F006F006F006F00D6006F006F006F00A5
:104C30006F00D0002368D90500F135811BEB0A0312
:104C400018D19A46236823F4C0732360D34605F82D
:104C5000010BA268013A2369A260013323617368E2
:104C6000013B002B736040F3C38033680133336032
:104C7000002A88D1334646469846B9F1000F03D042
:104C8000236823F4807323600BF1FF32012A40F282
:104C9000D0800AF1FF33062B1AD8BAF1020F40F286
:104CA0004381BAF1030F13D0AAF1040A5FFA8AFA1A
:104CB0006FEA0A0AAA44D4F87C3115F8011D42466D
:104CC000304698472369554503F1FF332361F2D1FC
:104CD0002268D00520D5510500F13781236915F8E8
:104CE000011C013B6529236105F1FF3A0DD04529DF
:104CF0000BD0D4F87C31424630469847236915F8EA
:104D0000021C013B2361A5F1020A4246D4F87C3122
:104D1000304698472268554612F0100200F0A380F2
:104D2000002007B0BDE8F08F23681906A2D523F054
:104D3000800323608BE7BAF1070F9BD14FF0080A7D
:104D400085E7BAF1060F95D14FF0070A7FE7BBF16F
:104D5000000F40F08180B9F1000F00F0B980BAF186
:104D6000010F0DD0BAF1040F0AD083E7BAF1000F9A
:104D70004BD0BAF1030F03D0BAF1050F7FF47AAF2D
:104D80000AF1010A5FFA8AFA61E7BAF1020F7FF4C9
:104D900071AF4FF0030A5AE7236803F4A062B2F53B
:104DA000806F05D059057FF565AFB9F1000F36D09A
:104DB0009A0504D4019A0495A9EB0202029223F405
:104DC000F06343F4C07323604FF000093FE7BBF189
:104DD000010F7FF44FAF4FF0020B38E723689A05BD
:104DE0007FF548AF23F420732360CDF804902EE7BD
:104DF000D4F8803131464046984700287FF43AAFD6
:104E0000A268002A7FF4BFAE34E7B9F1000F6CD17D
:104E1000236803F4E062B2F5E06F00F0BF800BF1AD
:104E2000FF323346012A46464FF0000998463FF6C6
:104E300030AFBD420CD9D4F87C3115F8011D424683
:104E4000304698472369BD4203F1FF332361F2D115
:104E5000012007B0BDE8F08FBBF1020F7FF47FAFF8
:104E60004FF0030BF3E62A70236803F4C063B3F535
:104E7000806F3ED0029B002B40F087800022394695
:104E8000304602F0BBFC23689A0757EC106B40D504
:104E900005990B681A1D0A601B6883ED000BE36817
:104EA0000133E3603CE723F080032360039B09F1B7
:104EB0000109002B3FF4CDAE039B013B0393CAE6EF
:104EC00027464FF0000E57F81C3B43F4F06348E6CA
:104ED000236803F4E062B2F5E06F7FF440AF23F49F
:104EE000F06323604FF0010BB1E633464646984627
:104EF000C6E6019B9945C1D0A3EB090204F26F13EA
:104F00009D4228BF04F5B7752A492846FCF700FCE6
:104F1000B4E7059802685B0702F1040125D501603A
:104F2000136883ED000BBAE7BD4291D9D4F87C3108
:104F300015F8011D4246304698472369BD4203F1EA
:104F4000FF332361F2D1012083E7BD4280D9D4F839
:104F50007C3115F8011D4246304698472369BD4211
:104F600003F1FF332361F2D172E7059B19601568E5
:104F70003B4632463046394604F080FDA0B9304603
:104F8000394604F0D9FD286089E7049D0A23691C8D
:104F90003046FFF781FD029BC21AAFE723F4F063AE
:104FA00023604FF0010A52E6034800F077FE85EDDA
:104FB000000A74E7A0011208F40012080CB400B54E
:104FC00083B004AB53F8042B019300F023FD03B02E
:104FD0005DF804EB02B070470EB410B583B005ABBA
:104FE000064C53F8042B01930146206800F012FD93
:104FF00003B0BDE8104003B0704700BF0C000010C4
:105000002DE9F041144641B30AB306460D4602F0BD
:1050100023FD8442074602D8B4EB500F13D8214633
:105020003046FEF7DDFA804650B1BC4222462946A2
:1050300028BF3A46FFF742FB29463046FFF7D8FB28
:105040004046BDE8F081A8464046BDE8F081A04654
:10505000FFF7CEFB4046BDE8F081BDE8F0411146C8
:10506000FEF7BEBA000000000000000000000000D3
:105070000000000000000000000000000000000030
:1050800030B490F800F020F007016FF0000C10F041
:10509000070491F820F040F048804FF000046FF0D2
:1050A0000700D1E9002391F840F000F1080082FAEE
:1050B0004CF2A4FA8CF283FA4CF3A2FA8CF34BBBB9
:1050C000D1E9022382FA4CF200F10800A4FA8CF232
:1050D00083FA4CF3A2FA8CF3E3B9D1E9042382FA00
:1050E0004CF200F10800A4FA8CF283FA4CF3A2FA15
:1050F0008CF37BB9D1E9062301F1200182FA4CF24D
:1051000000F10800A4FA8CF283FA4CF3A2FA8CF3B3
:10511000002BC6D0002A04BF04301A4612BAB2FAD5
:1051200082F200EBD20030BC7047D1E9002304F0DA
:105130000305C4F100004FEAC50514F0040F91F80F
:1051400040F00CFA05F562EA05021CBF63EA0503AC
:1051500062464FF00004AAE72DE9F84F92461F4639
:105160000A698B68DDF828909A42B8BF1A46CAF8D7
:10517000002091F843300C46064613B10132CAF8BC
:105180000020226891065FD5DAF800300233CAF8B1
:105190000030226812F0060F11461DD1E1689942D5
:1051A000D8BF114618DD4FF0000804F1190B05E0D7
:1051B000E568DAF80030ED1A45450CDD01235A4662
:1051C00039463046C847013008F10108F0D14FF0A8
:1051D000FF30BDE8F88F216894F84330003B18BFDA
:1051E00001238A060AD5E1185A1C302081F84300B1
:1051F000224494F8451082F84310023304F143022C
:1052000039463046C8470130E1D02368DAF800500B
:10521000216903F00603042BD4E902201BD08A4243
:1052200020DD4FF00008521A90441A34002501E0A6
:10523000454517DA0123224639463046C847013032
:1052400005F10105F4D1C2E712F0060F0DD0003BC5
:1052500018BF0123D2E7401B8A4220EAE078E2DC53
:105260000028E2DC0020BDE8F88FE168DAF80030C1
:105270009942D8BF114696DCAEE700BF2DE9F04752
:10528000174684B00A7E0C9D0C460646984601F1EE
:10529000430C002A35D0A2F15803D9B2202969D88D
:1052A000202B67D8DFE813F0E60066006600660092
:1052B0006600660066006600660066006600AC0078
:1052C000700066006600660066007000660066009A
:1052D0006600660021008300C60066006600B60016
:1052E0006600830066006600EC002B682268616936
:1052F000181D286010061B6802D4520600F1E080D9
:1053000019600023E1462361CDF800803B4603AAE3
:1053100021463046FFF720FF013020D023694A465E
:1053200039463046C047013019D02368E068DDF8BF
:105330000C909B0718D5484516DD002504F1190A85
:1053400004E0E068A0EB0903AB420DDD0123524607
:1053500039463046C047013005F10105F1D14FF023
:10536000FF3004B0BDE8F0874845B8BF484604B0F8
:10537000BDE8F08784F84220012004F142090023AF
:10538000206184F84330BFE72A682368111D18069E
:10539000296002D4590600F1958010680146002862
:1053A0006268C0F2938054484FF00A0E15E02068FE
:1053B0002B6810F0800F53F8041B02D1400648BF41
:1053C00089B26F2A4C482B6014BF4FF00A0E4FF081
:1053D000080E0023626884F84330002AA26051DB83
:1053E000236823F00403236000294BD1002A7BD1DA
:1053F000E146BEF1080F56D0ACEB0903236183E709
:105400002B681A6804332B6004F1420984F84220A7
:105410000120B4E72B686268191D2960D3F8009059
:105420000021484600F03CFA002863D0A0EB0900B8
:105430006060A4E7236843F02003236078222F48AC
:1054400084F845202A6813F0800F52F8041B03D11A
:1054500013F0400F18BF89B22A60DA0744BF43F047
:105460002003236019B9236823F0200323604FF041
:10547000100EAEE7582384F845301F482368E1E753
:105480002368DBE77546E146B1FBF5F305FB131A2C
:105490000A46AA4210F80A1009F8011D1946F3D26B
:1054A000BEF1080FA8D12368DD07A5D5626823697E
:1054B0009A42A1DC302309F8013C09F1FF399BE74E
:1054C00019801EE7B2F90010084668E72D20002A6F
:1054D000A26084F8430002DB23F0040323600A2562
:1054E00005484942AE46CEE7037884F8423004F1DD
:1054F00042097EE7606842E7A8011208BC01120871
:10550000704700BF704700BF70B5B1F90C300C4652
:10551000990796B007D504F147030122C4E9043284
:10552000236016B070BDB4F90E100029054629DBC2
:105530006A4601F053F9002822DB4FF480612846C7
:10554000019EFEF74DF888B3A389206043F08003E5
:1055500006F47046A381B6F5005F4FF48063C4E99A
:105560000403DED1B4F90E10284603F0DBFB00285B
:10557000D7D0A38923F0030343F00103A381D0E72D
:10558000B4F90C3013F0800F14BF40264FF480663E
:1055900031462846FEF724F840B1A389206043F045
:1055A0008003C4E90406A38116B070BDB4F90C30C1
:1055B0009A05B6D423F0030304F1470243F0020333
:1055C0000121C4E90421A3812260AAE770B50C4639
:1055D000B1F90E10002996B015461E460FDB6A463B
:1055E00001F0FCF800280ADB019B03F47043A3F5EB
:1055F0000053B3FA83F34FF480625B0908E0A28999
:1056000012F0800F4FF0000314BF40224FF480626D
:10561000002033602A6016B070BD00BF71B1034630
:1056200000EB010C01E0634506D01A460133117806
:105630000029F8D1101A7047181A704708467047A9
:1056400038B5C46B0CB1002038BD80210546FDF78C
:10565000C7FF0246E86330B1031F7C3243F8044FB2
:105660009342FBD1EFE74FF0FF3038BD30B51F2933
:1056700083B0054608D8C36B0C4653B153F82400D9
:1056800043F8242003B030BD162303604FF0FF30F1
:10569000F8E780210192FDF7A3FF019AE863034632
:1056A0000028F3D0011F00F17C05002041F8040F11
:1056B000A942FBD1E2E700BF1F2938B505461ED835
:1056C000C26B0C466AB152F8213053B1012B06D09F
:1056D000591C10D0002142F8241020469847002081
:1056E00038BD284603F092FB224601462846BDE815
:1056F000384003F075BB16230360012038BD162324
:1057000003604FF0FF3038BD1F292AD838B5C36B6E
:105710000C460546A3B153F8242003EB84034AB199
:10572000511C0BD0012A07D0002520461D60904750
:10573000284638BD012038BD032038BD022038BDC1
:105740008021FDF74DFF0346E86338B1021F0021B9
:105750007C3042F8041F8242FBD1DCE74FF0FF307F
:1057600038BD4FF0FF30704738B5134B1F281D6808
:105770001DD8EA6B044662B152F820304BB1012BC0
:1057800005D0591C0FD0002142F820109847002066
:1057900038BD284603F03AFB224601462846BDE8BC
:1057A000384003F01DBB16232B60012038BD1623A3
:1057B0002B604FF0FF3038BD0C000010114B1F283C
:1057C00070B51E6808D8F36B04460D464BB153F80C
:1057D000240043F8245070BD162333604FF0FF308F
:1057E00070BD80213046FDF7FBFE0346F0630028C4
:1057F000F4D0021F00217C3042F8041F8242FBD10A
:10580000E5E700BF0C00001038B50B4B1D68EC6BD2
:105810000CB1002038BD80212846FDF7E1FEE86389
:1058200038B1031F00F17C0243F8044F9342FBD1CF
:10583000EFE74FF0FF3038BD0C00001038B5174BC4
:105840001F281D6826D80446E86BA0B150F8243004
:1058500000EB84004BB15A1C0BD0012B07D0002564
:10586000056020469847284638BD012038BD0320F2
:1058700038BD022038BD80212846FDF7B1FEE8631F
:1058800040B1031F00F17C01002243F8042F8B423A
:10589000FBD1DBE74FF0FF3038BD00BF0C0000103C
:1058A00001F0FF01102A2BDB10F0070F08D010F8D1
:1058B000013B013A8B422DD010F0070F42B3F6D1D5
:1058C000F0B441EA012141EA014122F007047FF0EE
:1058D00000070023F0E80256083C85EA010586EA45
:1058E000010685FA47F5A3FA87F586FA47F6A5FA81
:1058F00087F68EB9EED1F0BC01F0FF0102F007028D
:1059000032B110F8013B013A83EA010313B1F8D137
:105910000020704701387047002D06BF3546033818
:10592000073815F0010F07D1013015F4807F02BF51
:10593000013015F4C03F0130F0BC0138704700BFA2
:105940000EB400B582B003AB816853F8042B019309
:1059500000F060F802B05DF804EB03B0704700BFE0
:105960000FB400B5074983B004AB086853F8042BA3
:105970008168019300F04EF803B05DF804EB04B0C9
:10598000704700BF0C0000109368013B002B936030
:1059900011DA10B49469A34209DB0A2907D013680D
:1059A000581C1060197008465DF8044B70475DF88C
:1059B000044BFEF77BBF1368581C10601970084633
:1059C000704700BF9BB1F8B5134406460F46541EFE
:1059D0005D1E01E0AC4208D014F8011F3A46304683
:1059E000FFF7D2FF431CF5D1F8BD0020F8BD002021
:1059F000704700BF936810B514461BB918460023C2
:105A0000636010BD02F05EFB0023A36000236360AF
:105A100010BD00BF2DE9F04FA1B08B4691461C464A
:105A2000049018B1036A002B00F01C81BBF80C3005
:105A3000180740F19580DBF81030002B00F09080C3
:105A40000023CA460D9343F22003ADF839309AF88B
:105A50000030864E07940127002B79D0D14604E010
:105A600019F8013F002B00F08580252BF8D1B9EB08
:105A70000A0840F0828099F80030002B68D000239B
:105A80004FF0FF32CDE9092309F1010908930B9387
:105A90008DF863301E9305E0089A07FA03F31A4362
:105AA0000892A1464C46052214F8011B3046FFF728
:105AB000F7FEA246831B0028EED1089BD90644BFFF
:105AC00020228DF8632099F800101A0744BF2B227A
:105AD0008DF863202A2966D1079A116804320029BB
:105AE0000792C0F29A800B9199F801102E2970D07C
:105AF0005F4C03222046FFF7D3FE38B1089B001B02
:105B00004022824013430AF1010A08931AF8011B4C
:105B100058488DF838100622FFF7C2FE002800F022
:105B20008280554B002B69D007AA0092534B0498F2
:105B30005A4608A9FDF740FA0390039B013307D0AA
:105B40000D9B039A13440D939AF80030002B85D1D6
:105B5000BBF80C305B060AD40D9821B0BDE8F08F7D
:105B600004985946FDF7B6FC00283FF469AF4FF0A2
:105B7000FF30F2E7B9EB0A08EAD00AF1FF35CDF8B9
:105B80001490A946049D01E0A0453ED94C465A46D2
:105B900019F8011F2846FFF7F7FE02340130A4EB85
:105BA0000A04F1D1D4E7A1F13002092A88BFCA461C
:105BB0009CD80B9B00E00134217803EB830302EBBC
:105BC0004303A1F13002092AF5D92E290B93A246ED
:105BD0008ED19AF801102A292FD1079B9AF802102A
:105BE0001A6809920433002A0AF102000793B8BF29
:105BF0004FF0FF338246B8BF099379E7079B07331D
:105C000023F00703083307939AE70D99DDF8149002
:105C1000414499F800300D912FE7494243F00203C7
:105C20000B91089360E707AA0092144B04985A4618
:105C300008A9FFF723FB03907FE7A1F130020023BF
:105C4000092A09930AF1010A3FF652AF1AF8011F17
:105C500003EB830302EB4303A1F13002092AF5D9D8
:105C6000099345E7FCF722FEE0E600BF2801120891
:105C70003001120834011208B92F1008C559100854
:105C800010B4054C8446134620685DF8044B0A4660
:105C90006146FFF7BFBE00BF0C0000109FED010A78
:105CA000704700BF0000C07F70B5C66905460C464E
:105CB0005EB1F368A3B153F82400E8B1026843F879
:105CC00024200023C0E9033370BD1020FEF720FF1D
:105CD0000646E861E8B10023C0E90033C0E90233B9
:105CE00021220421284602F04BFFEB69F060DB68BB
:105CF000002BE0D1002070BD012101FA04F6721DD5
:105D00009200284602F03CFF0028F3D0C0E901468B
:105D1000D7E7034B034832466B21FBF71BFE00BF5E
:105D2000A4001208D001120870B5C66905460C46D9
:105D30004EB13CB1EB696268DB6853F82210216018
:105D400043F8224070BD1020FEF7E2FE0246E861F3
:105D500020B1C0E90066C0E90266EAE7024B0348E9
:105D60008F21FBF7F7FD00BFA4001208D001120835
:105D70002DE9F0410D6907460E461C4601F1140E4F
:105D80000020DEF800108BB202FB03434FEA134CF5
:105D9000090C02FB01CC01309BB203EB0C438542A2
:105DA0004EF8043B4FEA1C44EBDC3CB1B368AB4219
:105DB00007DD06EB850301355C6135613046BDE8E2
:105DC000F081716838460131FFF76EFF804690B16F
:105DD0003269023206F10C0192000C30FEF76EFCC3
:105DE000314638464646FFF79FFF06EB85030135EF
:105DF0005C613561E2E7034B03484246BA21FBF799
:105E0000A9FD00BF8C011208D00112082DE9F8434A
:105E10001746284A1E4608330C46092E82FB0312F9
:105E20004FEAE3730546C3EB62033ADD4FF0010C22
:105E300000214FEA4C0C634501F10101F9DC2846D1
:105E4000FFF732FF014670B3089B4361092F4FF003
:105E50000103036112DC0A340927BE420BDDF61B85
:105E6000264414F8013B0A22303B2846FFF780FF06
:105E7000B4420146F5D10846BDE8F88304F10908AB
:105E800004EB0709444614F8013B0A22303B28463C
:105E9000FFF76EFF4C450146F5D1A7F108044444D5
:105EA000DBE70021CBE70A46034B0448D321FBF78D
:105EB00051FD00BF398EE3388C011208D001120861
:105EC000B0F5803F034636BF030400201020B3F135
:105ED000807F3CBF1B020830B3F1805F3CBF1B01D9
:105EE0000430B3F1804F03D3002B06DB0130704741
:105EF0009B0003D45B0003D420207047023070471E
:105F000003307047036813F00702014607D0DA0731
:105F10001FD4980721D55B080B600120704798B209
:105F2000A0B11046DAB20AB908301B0A1A0704BF3A
:105F30001B0904309A0704BF9B080230DA0703D418
:105F40005B0800F1010006D00B6070471B0C1020AD
:105F5000E8E700207047202070479B080B60022074
:105F6000704700BF10B50C460121FFF79DFE0246A9
:105F700018B10123C0E9043410BD034B034840F2BB
:105F80004511FBF7E7FC00BF8C011208D001120895
:105F90002DE9F04FD1F810801569A84585B00E465F
:105FA000924605DB2A46534645468A4690461E469B
:105FB000DAF80830DAF8041005EB0804A342B8BF99
:105FC0000131FFF771FE8446002800F08B8000F15C
:105FD000140707EB840E774505D23B46002243F8B1
:105FE000042B9E45FBD8143606EB88080AF11409E9
:105FF000464509EB850566D2A5EB0A03153B23F060
:1060000003030AF1150A043355452CBF9B464FF094
:10601000040BCDF808E00394AE46E24605E0090C17
:106020002AD1B04507F104074AD956F8041B8DB2AE
:10603000002DF4D0CC463C46002301965CF8040BBE
:10604000216886B28AB2000C05FB0622090C1A44AC
:1060500005FB001101EB124192B242EA0142E64512
:1060600044F8042B4FEA1143E8D8019E47F80B305F
:1060700056F8041C090CD4D03B68002248461D4643
:106080003C469446028801FB02C202EB15429BB2D9
:1060900043EA024344F8043B50F8043B25684FEAC6
:1060A000134CABB201FB0C3303EB124370454FEAC8
:1060B000134CE7D3B04547F80B3007F10407B4D8C9
:1060C000DDE902E4D446002C02DC05E0013C03D00B
:1060D0005EF8043D002BF9D06046CCF8104005B0C6
:1060E000BDE8F08F034B044862464FF4B171FBF7F3
:1060F00031FC00BF8C011208D00112082DE9F043D9
:1061000012F0030383B0144607462DD10E46A410A7
:106110001CD0FA698AB39568002D39D0E3074FF097
:10612000000906D4641011D0286898B10546E30729
:10613000F8D531462A463846FFF72AFF31468046D1
:106140003846FFF7F1FD64104646EDD1304603B006
:10615000BDE8F0832A4629463846FFF719FF286034
:10616000C0F800900546E2E7013B184A52F82320A8
:106170000023FFF7FDFD0646C9E71020FEF7C8FC27
:106180000246F861E0B10023C0E90033C0E9023300
:10619000012138460192FFF787FD019A054640B17B
:1061A000012340F27121C0E90431002390600360B3
:1061B000B4E7074B07482A4640F24511FBF7CAFBF4
:1061C000054B044840F2B311FBF7C4FBF8FC11087F
:1061D0008C011208D0011208A40012082DE9F04722
:1061E0000D4691462B69496803EB6218AB6808F1CC
:1061F00001049C4207464FEA621A04DD5B009C42A0
:1062000001F10101FADC3846FFF74EFD0646002891
:106210004DD0BAF1000F00F114000EDD0AF10502B5
:106220004FEA820C034606EB8202002143F8041B6E
:106230009342FBD1ACF114031844296905F114030E
:1062400019F01F0903EB810129D0C9F1200E844602
:106250004FF0000A1A6802FA09F242EA0A024CF800
:10626000042B53F8042B994222FA0EFAF2D84B1B56
:10627000153B23F00303043305F11502914238BFA7
:10628000042340F803A0BAF1000F00D14446384679
:1062900034612946FFF748FD3046BDE8F0870438F1
:1062A00053F8042B40F8042F9942F9D8EEE7034B3A
:1062B000034832464FF4EF71FBF74CFB8C01120898
:1062C000D00112080B6984460069C01A16D10CF17E
:1062D000140C14310CEB830210B401EB830301E0C6
:1062E000944508D252F8044D53F8041D8C42F7D05F
:1062F00005D24FF0FF305DF8044B70477047012026
:106300005DF8044B704700BF2DE9F04F15460A6950
:106310002B69D21A002A83B0884640F0878001F1A9
:10632000140605F1140101EB830106EB830301E080
:106330009E427ED253F8044D51F8042D9442F7D07A
:1063400075D32B460024454698466968FFF7ACFC98
:106350008146002800F089802E69C460D8F81000BA
:1063600005F1140B08F1140E09F1140A05F11002DD
:106370000EEB80000BEB860157464FF0000CCDF87A
:1063800004B05EF8044B52F8045F1FFA84FBABB212
:10639000A3EB0B03240C6344C4EB154404EB23442C
:1063A0009BB243EA0443704547F8043B4FEA244C50
:1063B000E7D8A0EB080208F115084045A2F1150244
:1063C00034BF0020012092080028DDF804B002F15B
:1063D00001044FEA840408BF04240BEB0405A9421E
:1063E000544433D92746284650F8043B1CFA83FE10
:1063F0001A0C634402EB2E429BB243EA02438142F1
:1064000047F8043B4FEA224CEED80139491B21F0F2
:1064100003010C4423B954F8043D013E002BFAD08B
:106420004846C9F8106003B0BDE8F08F89DA01244E
:106430008BE70021FFF738FC814678B10122002369
:10644000C0E90423484603B0BDE8F08F00284FEAB6
:10645000820208BF00220AEB0204DBE7064B074872
:106460004A4640F23721FBF775FA034B03484A4688
:1064700040F24521FBF76EFA8C011208D001120898
:1064800082B08DED000B164B019A1340A3F15073AF
:10649000002B06DD00221946104641EC100B02B01D
:1064A00070475B42B3F1A07F4FEA235209DA4FF401
:1064B0000023134100221946104641EC100B02B094
:1064C0007047A2F114031E2BDABF4FF00042DA40EE
:1064D000012200231946104641EC100B02B0704710
:1064E0000000F07FF8B5046900F1140606EB84049F
:1064F000271F54F8045C2846FFF7E2FCC0F1200394
:106500000A280B6033DDBE42A0F10B0119D254F80A
:10651000080C21B3C1F120078D4020FA07F2154382
:106520008840A4F1080145F07F538E4243F44013A4
:1065300019D254F80C1CF9400843024643EC102BC6
:10654000F8BD0B280AD005FA01F141F07F53002075
:1065500043F44013024643EC102BF8BD002045F0F5
:106560007F5343F44013024643EC102BF8BDC0F1B7
:106570000B0C25FA0CF1BE4241F07F5338BF54F8A2
:10658000081C00F1150034BF21FA0CF1002105FAB6
:1065900000F0084343F44013024643EC102BF8BDCF
:1065A0002DE9F0430E4683B0012159EC108B1546BE
:1065B000FFF77AFB0446002846D0C9F30A57C9F30F
:1065C00013030FB143F480130193B8F1000313D107
:1065D00001A8FFF797FC019B636101222030226133
:1065E0000FB3A7F233470744C0F135003760286086
:1065F000204603B0BDE8F08368460093FFF782FCB5
:10660000019BF8B10099C0F1200203FA02F2C340E5
:106610000A430193002B62610CBF01220222A36195
:106620002261002FDDD104EB8203A0F23240306002
:106630001869FFF745FCC0EB42102860204603B004
:10664000BDE8F083009AE5E7034B0448224640F298
:106650000F31FBF77FF900BF8C011208D00112083F
:106660002DE9F04383B0884669468146FFF73AFF3B
:1066700001A9404655EC104BFFF734FFD8F8103015
:10668000D9F81020D21ADDE900315B1A03EB42136E
:10669000002B59EC108B0DDD05EB03573D464246B0
:1066A0004B462046294603F079F841EC100B03B025
:1066B000BDE8F083C3EB033309EB03518946EEE7F2
:1066C000172870B506460CDD0A490B4D0020002442
:1066D00022462B4602F038FF013EF9D141EC100B67
:1066E00070BD064B03EBC003D3E9040141EC100B72
:1066F00070BD00BF0000F03F00002440F8FC11080E
:106700000139491101F1010C116902F1140303EB84
:1067100081018B4200EB8C0C16D210B5A0F1040E57
:1067200053F8044B4EF8044F9942F9D88B1A153B95
:1067300023F0030304331844844504D9002340F8AC
:10674000043B8445FBD810BD844505D9002340F89F
:10675000043B8445FBD87047704700BF03694A116A
:10676000934200F1140009DA00EB830302E053F8CE
:10677000042DAAB98342FAD80020704700EB8203A7
:10678000F8DD11F01F01F5D010B450F8224024FAC2
:1067900001F28A40944209D001205DF8044B704711
:1067A0000120704753F8042D002AF5D18342F9D80F
:1067B00000205DF8044B704738B5074D00220446B1
:1067C00008462A6005F01CF9431C00D038BD2B6830
:1067D000002BFBD0236038BDA84D001070B50C46CF
:1067E000084D03460026204611461C462E6005F043
:1067F000DFF8431C00D070BD2B68002BFBD023605A
:1068000070BD00BFA84D00102DE9F04F2DED028B9B
:106810009DB0884600210792189100220021CDE901
:1068200004128346414617910F4611F8012B2D2A79
:106830005ED801A050F822F00B6A1008F168100829
:10684000F1681008F1681008F1681008F168100884
:10685000F1681008F1681008F1681008276810083E
:10686000276810082768100827681008276810088C
:10687000F1681008F1681008F1681008F168100854
:10688000F1681008F1681008F1681008F168100844
:10689000F1681008F1681008F1681008F168100834
:1068A000F1681008F1681008F1681008F168100824
:1068B000F1681008F168100827681008F1681008DE
:1068C000F1681008F1681008F1681008F168100804
:1068D000F1681008F1681008F1681008F1681008F4
:1068E000F1681008B36F1008F1681008C76F10083E
:1068F00000210891302A00F09780002309932F2A65
:10690000144640F202854FF0000938464E464D4687
:1069100013E00130082D1790C8BF09EB89090478EE
:10692000C6BF02EB4902A2F13009A3F130062F2CB9
:1069300005F10105224640F3B88006EB8603392CA9
:1069400002EB4303E5DDB0490122FCF751F90028D1
:106950007BD1179A1346013217925C78002D40F0D4
:10696000A285302C40F09C851346184601331793BE
:106970001C78302CF9D0C2F101031844A4F1310382
:10698000082B36D8179F431CA4F1300E0D93012518
:106990003C464FF0000A06EB86060EEB460600204A
:1069A000631C17936478A4F13002092A00F2F18283
:1069B000179C01309646002AF2D00128D8BF05F175
:1069C000010C40F3FB8600EB050C0CF1FF3103E0FA
:1069D0005E00A94200F0F286082D06EB860305F161
:1069E0000105F5DD102DDCBF09EB89094FEA4909E6
:1069F000EFE7652C40F0EA8200230122CDE90C2369
:106A00009A46099B034340F0D282079B9FED7C8B03
:106A10000BB1C3F80080B0EE480AF0EE680A1DB072
:106A2000BDEC028BBDE8F08F7A7802F0DF02582AC5
:106A300000F02E84013717973A78302AFAD0002ACE
:106A400000F08F820123099359E70020CDE90C0063
:106A5000AA46652C36D0452C34D000230E93002D49
:106A60007CD1099B034340F07C820C9B002BCCD152
:106A7000692C00F0778400F37084492C00F0728454
:106A80004E2CC2D1614917A802F0C2F90028BCD02F
:106A9000179B1B78282B00F083855D4802F0BCFA19
:106AA000B0EE408AF0EE608A5DE257490122FCF7C1
:106AB0009FF80028C9D1179B0D905A1C17925C783B
:106AC000AA4670E7002D9CD0DDF85C8008F1010338
:106AD000179398F801402B2C00F066822D2C00F0C3
:106AE0005B824FF0000CA4F13001092900F24C82C6
:106AF000302C179B0AD1013317931C78302CFAD015
:106B0000A4F13102082AA8D8A4F130015A1C179226
:106B10005C782F2C40F30D8496460E9308E00132EA
:106B200017929EF801402F2CA3F1300106DD964606
:106B300001EB8103392C04EB4303F0DD0E9BD21AE9
:106B4000082A40F3F68344F61F630E93BCF1000F4E
:106B500085D00E9B5B420E93002D82D0DDE90D2384
:106B6000BAF1000F08BFAA469B1A102D30460C93AD
:106B70002C46A8BF102402F06DFC092D02460B46DE
:106B8000CDE9042316DD234B03EBC40353E91223A1
:106B900002F0DAFC024648469046894602F05AFC6A
:106BA00002460B464046494602F018FB0F2DCDE940
:106BB000040131DC0C9B002B00F039830C9B40F36B
:106BC0006882162B40F3BC830C9AC5F125039342CF
:106BD00022DB104CC5F10F0504EBC501DDE90423F0
:106BE000D1E9000102F0B0FC0C9B5D1B04EBC50475
:106BF000D4E9002302F0A8FC41EC180BB3E100BF7C
:106C0000000000000000000000021208100212083C
:106C1000F400120808FD11080C9B2C1B1C44002CCE
:106C200040F3DA8114F00F000AD03B4901EBC001B8
:106C3000DDE90423D1E9000102F086FCCDE904017D
:106C400034F00F034BD0B3F59A7F00F3A083102BE1
:106C5000DFF8D8E04FEA231440F3E884DDE90423A9
:106C60004FF0000C0997F046E146774614F0010F0B
:106C70001046194607D0D8E9002302F065FC4FF012
:106C8000010C02460B466410012C09F1010908F1C0
:106C90000808EBD1BE46099FBCF1000F01D0CDE939
:106CA0000423059BA3F154730EEBC9010593DDE9A1
:106CB0000423D1E9000102F047FC184BCDE904019F
:106CC0000B400A4616498B4200F2618315498B42FC
:106CD00040F24484144C4FF0FF33CDE904340023D8
:106CE000099300962B46524639465846FFF78EF8D0
:106CF0001290002800F04B83DDE90D329B1A0C9AAC
:106D0000002AA8BF00230D934FF0000922EAE27386
:106D10001393CA46E6E000BF08FD11080000F07FAB
:106D20000000A07C0000907CFFFFEF7FF8FD1108C1
:106D3000D21A1F2AA4EB020400F33B82012303FAB8
:106D400002F500231093099B26444444A0451E44A9
:106D50004346A8BF2346B342A8BF3346002B03DDFA
:106D6000E41AF61AA8EB03080D9B002B00F3CA8166
:106D7000002C00F3E0810C9B002B00F31082002E0E
:106D800000F30282B8F1000F08DD51464246584632
:106D9000FFF724FA8246002800F0FF8118993A464E
:106DA0005846FFF7B1FA8146002800F0F68100232B
:106DB000C268C36051460E92FFF784FA0028C0F201
:106DC0000284059E00F07C8351464846FFF748FC4C
:106DD00055EC104B00224FF080432046294602F02C
:106DE0002FFE002800F07E810E9B002B40F0EE81EC
:106DF000049B002B40F07882C6F31303002B40F075
:106E00001982B14B00222046294602F00FFE0028CD
:106E100040F04D83AD4B00222046294602F094FB02
:106E20000A460146CDE9101202F100430A900B9385
:106E3000DFF8A082A64B06EA08089845DDE90A4576
:106E400000F0CB81099B1BB3B8F1D46F20D89AA373
:106E5000D3E90023DDE9100102F0F2FDA0B1DDE984
:106E6000100102F049FE012838BF012002F0F2FAB9
:106E70000E9BCDE91001002B40F08F8201F1004301
:106E800014901593DDE9144505F1D663A3EB0805CD
:106E9000B0EE480AF0EE680AFFF7F2FA204653EC2B
:106EA000102B294602F050FB53EC182B02F096F9F8
:106EB000CDE904010C46099B23B9864B2340984534
:106EC00000F0C18118995846FEF72EFF3946584602
:106ED000FEF72AFF51465846FEF726FF4946584618
:106EE000FEF722FF129C58466168FEF7DDFE07465A
:106EF000002800F0528122690232920004F10C0154
:106F00000C30FDF7DBFB9DED048B1AAA19A958463E
:106F1000B0EE480AF0EE680AFFF742FB189000282E
:106F200000F0128101215846FFF71CF88246002824
:106F300000F03381199B002BC0F221810D9A139E22
:106F400003EB0208099A1A9C9B1A2344624A013BEC
:106F50009342C4F13604FFF6EBAE002310930125F3
:106F6000F1E69FED578B079A0AB1179B1360089BB8
:106F7000002B3FF450AD18EE901A18EE102A01F1D4
:106F8000004343EC182B46E50023CDF85C800E93BC
:106F900065E501230C935CE54FF0010C08F1020359
:106FA000179398F802409EE54FF0000CF6E7002595
:106FB0008AE500220892791C17917A78002A3FF41A
:106FC00024AD0F4696E401220892F4E7452C3FF4E5
:106FD00013AD01230C9344E53FF481AE644214F0F9
:106FE0000F020AD03D4B03EBC203DDE90401D3E9F4
:106FF000002302F0D3FBCDE9040124113FF46FAE6E
:107000001F2C40DC14F0100318BF6A230993DDE93C
:107010000423DFF8CC804FF0000C14F0010F104671
:10702000194607D0D8E9002302F08EFA4FF0010C80
:1070300002460B46641008F10808EED1BCF1000FBF
:1070400001D0CDE90423099BA3B1DDE90401C1F31B
:107050000A52C2F16B03002B0ADD1F2B40F327837A
:107060000020342B049040F38E834FF05C73059323
:107070006A230993DDE904010022002302F0CCFC1D
:1070800000283FF42EAE22239FED0D8BCBF800306D
:1070900069E71633FFF6C0ADDDE90D329A1A0F4BE2
:1070A00003EBC203DDE90401D3E9002302F076FB20
:1070B00041EC180B57E700BF0000C0FFFFFFDF41A6
:1070C00000000000000000000000F03F0000E03F72
:1070D0000000E07F0000F07F02FCFFFF08FD1108C8
:1070E00048FE1108BE4B20462946002202F02CFA29
:1070F0000E9BCDE91001002B63D101F100430A90F2
:107100000B9395E651461A465846FEF7F7FF82461E
:10711000002842D00146189A5846FEF739FF002849
:107120003BD00E9018995846FEF7FEFD0E9B189323
:10713000002C7FF720AE189922465846FFF74EF8EC
:10714000189000287FF417AE05469FED978B2223F9
:10715000CBF8003029465846FEF7E6FD394658463A
:10716000FEF7E2FD51465846FEF7DEFD12995846FD
:10717000FEF7DAFD49465846FEF7D6FDF3E6139AC8
:10718000DDF83480D61ADDE6394632465846FFF738
:1071900025F8074600287FF4F5AD189DD5E7394658
:1071A000139A5846FEF7AAFF074600287FF4E7AD7A
:1071B000F3E78C4AD31A012202FA03F3109315461F
:1071C000C1E59DED107B8DED0A7B31E69FED787B6F
:1071D0008DED0A7B8DED107B2AE6A6F154730593A5
:1071E000DDE9044545EC104BFFF74AF9DDE90A23D8
:1071F00051EC100B02F0A8F922462B4601F0EEFFED
:10720000794A7A4B0A409A42CDE9040179D918EEBD
:10721000902A03F154739A4203D118EE103A0133C5
:10722000BBD0734C4FF0FF33CDE904344AE69DEDFB
:10723000048B98E69FED607B8DED0A7B9FED5C7B78
:107240008DED107BF4E5DDE910562846314602F05D
:10725000DBFC02F04BF902460B462846314601F0B2
:10726000BBFF0E9D049EC4F31304354302460B4638
:107270002543CDE90E2325D151A3D3E9002302F004
:10728000D5FB00283FF41EAE9DED048B189D61E7F1
:107290000293089B019318AB0093564A19AB17A9A8
:1072A000584600F049FC10F00F0504463FF459AE73
:1072B000062D40F0A980013700239FED438B1797DF
:1072C000089350E642A3D3E9002302F0AFFB002865
:1072D000DAD1DDE90E0140A3D3E9002302F0C4FBBB
:1072E00000283FF4EFADCFE7049B012BA2D1002E85
:1072F000A0D1189C22239FED348B2546CBF800307B
:1073000028E701F154740594D5E53B49012238463C
:10731000FBF76EFC002800F0BA804FF000094E46E3
:107320004846CDF834904D46CDF83090CA46FFF728
:1073300092BB44F61F639942A8BF19460E9105E41B
:107340000C982E4901EBC001DDE90423D1E90001CD
:1073500002F0FAF841EC180B05E66E2C3FF492AB04
:10736000FFF753BB264917A801F052FD00283FF450
:107370004CAB179B2349013B17A8179301F048FD1D
:1073800010B9179B013317939FED078BEBE5222371
:107390009FED058BCBF80030E5E59DED107B8DED85
:1073A000147B6FE5AFF30080000000000000F07F69
:1073B000000000000000F03F000000000000F0BFEF
:1073C0009535A094FFFFCF3F0000000000000000B3
:1073D0009535A094FFFFDF3F35E5AF350000E03F76
:1073E0000000E03FE2FBFFFF0000F07FFFFF9F7C1B
:1073F000FFFFEF7F20FE11080002120808FD1108B0
:107400000402120808021208189A3AB135211AA883
:10741000FFF776F918995846FEF786FC013D199B4F
:10742000042D00F2DE81DFE805F0032C291E0300A5
:107430001A9A049203F233421B9B23F4801343EA0B
:1074400002530593E20502D543F000430593B64A83
:107450001A409DED048B002A7FF485ADFAF7A0FA5F
:10746000222303607FE54FF0FF326FF00043CDE948
:107470000423E3057FF5DBAE059BE5E7AA4B059307
:10748000F7E7DDE91A121B9BCDE90412DAE7179A38
:107490001346013217925C7806468146FFF761BABF
:1074A0000020FFF76BBAAA460D90FFF77CBA9FED5C
:1074B0009A7B8DED0A7B9FED9A7B8DED107BB7E477
:1074C0000E9BDDF840C09949A846C6F31302002B75
:1074D00049D08A4200F0F380BCF1000F37D1049B01
:1074E0001D4237D0B0EE480AF0EE680AFEF7C8FF3A
:1074F000099B51EC100B002B00F04D81C6F30A5391
:10750000C3F16B03002B07DD1C0504F17F53002240
:1075100003F5401302F018F802460B4651EC180B25
:1075200001F05CFE41EC180B814B51EC180B002272
:1075300002F00AF841EC180B7B4B18EE902A13402E
:10754000002B7FF4A3AE2223CBF800309EE61CEA8A
:10755000060FC7D1099B002BE6D197E602F15473C1
:107560000593FFF7BCBB002A64D1DDE904010028C4
:1075700040F09680099B002B40F0F48021F00044FD
:10758000240D2405A4F580146FEA14536FEA035305
:1075900005934FF0FF3304939DED048B189DD9E5BF
:1075A000644917A81AAA01F04FFC05287FF475AAB0
:1075B0001B9B43F0FF4343F4E00305931A9B0493A2
:1075C0009DED048BCFE4DDE904010E9B0343C1D1A3
:1075D000C1F31303002BBDD121F00044240D240579
:1075E000B4F1D66F2546B5D9D9F814301BB9D9F8FE
:1075F0001030012BAEDD494601225846FEF7EEFD64
:1076000051468146FEF75EFE0028A3DD099B002B54
:10761000B8D0A5F580156FEA15536FEA03530593AB
:107620004FF0FF3304939DED048B7DE74FF000098D
:10763000FFF737BBBCF1000F2DD1049B1D4289D051
:10764000B0EE480AF0EE680AFEF71AFF099B51EC0B
:10765000100B002B72D0C6F30A53C3F16B03002B3F
:1076600007DD1C0504F17F53002203F5401301F0F0
:107670006BFF02460B4651EC180B01F0ADFD0246C4
:107680000B4643EC182B0022002302F0C5F900281A
:107690003FF44AAF2DE61CEA060F3FF45BAFCFE79D
:1076A000BCF1000FF7D128423FF454AFC8E74FF0C8
:1076B000FF3202FA03F3049A1A400492D8E4099BB9
:1076C0000499B3B1184A3240B2F1D46F11D8120DF7
:1076D000C2F16B024FF0FF3000FA02F291420BD080
:1076E000BCF1000F7FF433AF11EA080F3FF432AF63
:1076F000F8E64FF0FF32F1E70F4A964255D00A4ABA
:10770000324002F580130593002304939DED048B12
:1077100020E700BFAFF30080000000000000E0BFE2
:10772000000000000000E03F0000F07FFFFF0F00BE
:107730000000503934FE1108FFFFEF7F02460B4670
:1077400051EC180B01F048FD189C02460B4643EC27
:10775000182B00220023254602F05EF900283FF492
:10776000F9ACC7E5244D3540B5F1D66F3FF651AFC2
:10777000B5F15C7F3FF6D8AE22239FED1B8B189DA1
:10778000CBF80030E6E4C2F14B024FF0FF339340F8
:107790000B4005936CE402460B4651EC180B01F0CC
:1077A0001DFD189D41EC180BD4E40131A7D1222313
:1077B0009FED0F8B189DCBF80030CBE40D9B082D6F
:1077C00003440D9302DC6546FFF7E5B8BCF1100FEA
:1077D000DCBF09EB890902EB490965460020FFF788
:1077E000DFB800232EE600BF00000000000000000C
:1077F000000000000000F07F0000F07F014BFFF769
:1078000003B800BF5C00001010B4054C844613465A
:1078100020685DF8044B0A466146FEF7F5BF00BFDD
:107820000C00001010B4054C054B84460A46206835
:107830005DF8044B6146FEF7E7BF00BF0C00001087
:107840005C0000102DE9F041DFF8A48004461346E7
:107850002DED028B0A46D8F800002146FEF7D4FF32
:1078600055EC104B22462B462046294602F006F9DD
:1078700050BB2046294602F05FF908EE100ADFED02
:10788000197AB0EEC87AB4EE677AF1EE10FA15DD27
:1078900025F00047144B4FF0FF322046394602F0E6
:1078A000EDF838B9104B4FF0FF322046394602F060
:1078B000C7F818B1D8F8003022221A60B0EE480A92
:1078C000BDEC028BBDE8F081002D084804DAFEF71C
:1078D000E5F9B1EE408AF1E7BDEC028BBDE8F0417D
:1078E000FEF7DCB9FFFF7F7FFFFFEF7FF400120898
:1078F0000C0000102DE970432C4E2D4B04460A4617
:107900002DED028B21463068FEF77EFF55EC104BC3
:1079100022462B462046294602F0B0F8C0BB20463E
:10792000294602F009F908EE100ADFED227AB0EEDE
:10793000C87AB4EE677AF1EE10FA1ADD25F0004944
:107940001D4B4FF0FF322046494602F097F838B9F8
:10795000194B204649464FF0FF3202F071F840B112
:10796000336822221A60B0EE480ABDEC028BBDE8F3
:10797000708318EE103A13F0FF4FF4D10F4B2B40E9
:10798000002BEDD1B0EE480ABDEC028BBDE8708350
:10799000002D0B4804DAFEF781F9B1EE408AE2E7E8
:1079A000BDEC028BBDE87043FEF778B90C00001007
:1079B0005C000010FFFF7F7FFFFFEF7F0000F07F84
:1079C000F400120810B50C46B1F90E1000F04CF896
:1079D000002803DB636D0344636510BDA38923F4B2
:1079E0008053A38110BD00BF002070472DE9F041F6
:1079F0000C46B1F90C101F46CB05054616460BD4B4
:107A000021F48051A1813B46B4F90E10324628463C
:107A1000BDE8F04100F0F2BEB4F90E1002230022DE
:107A200001F098F8B4F90C10EAE700BF10B50C4665
:107A3000B1F90E1001F08EF8B4F90C30421C0EBFF3
:107A400023F4805343F480536065A38110BD00BFCD
:107A5000B1F90E1000F0E8BE51F8043C181F002BDD
:107A6000BCBF0B58C018704738B50C46084D84464B
:107A7000114620461A4600232B60644603F06FFF30
:107A8000431C00D038BD2B68002BFBD0236038BDD1
:107A9000A84D00102DE9F0410469B4EB611F05DC2D
:107AA0000023036100234361BDE8F08100F1140568
:107AB0004E1111F01F0C05EB840E05EB860321D04F
:107AC00055F8261004339E4521FA0CF1CCF120081C
:107AD0002DD92F461A6802FA08F20A4347F8042BF8
:107AE00053F8041B9E4521FA0CF1F3D8A31B9B000D
:107AF000053B9B08013305EB830445F8231079B15E
:107B000004340DE09E4588BF00F11002C8D953F837
:107B1000041B42F8041F9E45F9D8A41B05EB8404FE
:107B2000631B9B10AC420361BCD0BDE8F081416196
:107B30000029B5D02C46E3E72DE9F04F0F6885B05A
:107B4000CDE90020BA780393302A894640F0EC81D1
:107B5000FB1C1A78302A1C4603F10103F9D0E71BFD
:107B6000023FDFF8008318F80230002B00F0EE80AF
:107B7000237818F803304FF0000A5546002B00F028
:107B80006D81264616F8013F18F80330002BF9D115
:107B9000B34901223046FBF72BF8834600284CD02E
:107BA0003278002D00F0A181AB1B4FEA830B02F06D
:107BB000DF02502A35464CD0C9F80060BAF1000FF8
:107BC00074D12A1B013A072A514604DD5210072AB4
:107BD00001F10101FADC0198FEF766F882460028FF
:107BE00000F05F8200F11406A542029666D90027D4
:107BF000B9460DE0202F1AD03A4604372B7818F8F2
:107C0000033003F00F03934049EA0309A54258D01B
:107C100015F8013D2E2BEDD1A542EBD39049012261
:107C20002846FAF7E5FF0028F0D0202FE4D1002203
:107C300046F8049B04279146E0E7002D00F065819B
:107C4000327802F0DF02AB1B502A4FEA830B354635
:107C5000B2D16A782B2A00F046812D2A40F0D380D9
:107C60000120AA7818F802104A1E182A05F1020607
:107C700000F2D380727818F80220103901365AB910
:107C80000CE001EB810116F8013F02EB4102A2F189
:107C9000100118F803200AB1192AF2DD00B1494297
:107CA0008B44C9F80060BAF1000F8AD0002F0CBFD6
:107CB00006250025284605B0BDE8F08F029E4FF04E
:107CC000000946F8049B029BF61AB610CAF8106029
:107CD0004846FEF7F5F8009B76011C68361AA64266
:107CE00074DCC0F204810027009B9A685A45C0F2F8
:107CF0003B81009B5A685A454BDDA2EB0B0B5C4560
:107D000000F38D80DB68022B00F0DD80032B00F098
:107D10004A81012B40F0DB805C4540F0D880012C8B
:107D200008D0611E5046FEF719FD002800F0CF80F4
:107D3000009B5A6803990A60029A0123CAF810301E
:107D400013600E9B6225C3F800A0B3E744490122EB
:107D50002046FAF74DFF8246002840F08580637880
:107D600018F80320651C002A00F08080302B2C4678
:107D700040F0248114F8013F302BFBD018F8033079
:107D8000B3FA83FA01274FEA5A1A002B7FF4F9AEAF
:107D900064E0012587B1009BDA68022A6ED0032ACD
:107DA00070D0012A06D1B90704D5029B1A6817437F
:107DB000FA076AD445F010050E9BC3F800A0039B98
:107DC0002846C3F800B005B0BDE8F08F361B314639
:107DD0005046FEF7C3FC074678B1711E4A11029B5C
:107DE000012753F8220001F01F0207FA02F20242B3
:107DF00003D0B94200F3C980022731465046FFF74D
:107E000049FEB34470E718F802104A1E182A05F11B
:107E100001064FF000007FF62DAF2E46CCE60BF1A9
:107E2000FF36002F40F0A980002E40F0A88073118B
:107E3000029A06F01F0652F823200123B340134292
:107E40005946504618BF47F00207FFF723FE009B34
:107E5000A4EB0B040225D3F804B09BE7264697E673
:107E60000002120870FE11082378254603F0DF0394
:107E7000502B00F09380C9F8005017E70F9BC3F117
:107E800001030F930F9B002B94D0DAF81070029A25
:107E90004FEA8709904602EB8706002003E09642EE
:107EA00042F8040C43D9944652F8041B4B1CF6D0FC
:107EB0000131022DCCF8001079D014F01F0440F0ED
:107EC000A580212578E70F9B002B3FF433AF019865
:107ED0005146FDF729FF50250E9A002328461360CE
:107EE00005B0BDE8F08F0020BBE6AB465FE6A61B01
:107EF000514601983246FEF771F900F11403ABEBDD
:107F0000060B824602930027EEE6727818F80210FC
:107F1000751C2E4600293FF44AAE16F8012F18F8BA
:107F20000230002BF9D13FE6BC1C002719E6DAF835
:107F30000820974244DA0AEB87017A1C0120022DBF
:107F4000CAF81020DDF80880486130D0002A6ADCC9
:107F50000022CAF810200022CAF81420009B9A6858
:107F60000BF1010B5A45ACDA01985146FDF7DCFEE6
:107F70000E9A0023A32513609CE6012757E731469C
:107F80005046FEF7EBFB074651E7B11E5046FEF7A1
:107F9000E5FB00283FF430AF03272EE74FF0000B3E
:107FA0004FF0010A55E60F9B002B90D0C2E6009BD4
:107FB0001A68013AA24260D02225FDE60127E0E5D9
:107FC000DAF8041001980131FDF76EFE064600282C
:107FD0006DD0DAF81020023292000AF10C010C3058
:107FE000FCF76CFB51460198FDF79EFE32690120BB
:107FF00006EB8201022D0244326106F11408486149
:10800000B246D4D09742BFF658AF9FE7C144C4F1FF
:10801000200459F8040CFDF753FFA042BFF651AFFE
:10802000DAF8102092E708EB82040AF11800DAF877
:10803000142084424FEA52022BD94546036842EA93
:10804000C37245F8042B50F8042B84424FEA5202C5
:10805000F4D8A4EB0A0119398908013148F8212024
:1080600008EB810102B10431A1EB080292104145F5
:10807000CAF810207FF472AF6DE7621104F01F049C
:1080800058F822100122A2400A4214BF21252225BD
:1080900092E6C8F800200AB14146E4E7CAF8102089
:1080A00059E7064B06485246E421F9F753FC034BC7
:1080B000034832468421F9F74DFC00BF8C011208B9
:1080C000140212089368002B00F0F8802DE9F04F9D
:1080D000B1F90CC01CF0080F83B0904681460C46E5
:1080E00031D00B697BB31CF00207D8F8006038D0A0
:1080F0000027D4F828B0216ADFF8C4A23D465545D0
:108100002B463A4628BF53464846C5B1D8470028B3
:1081100040F3CA80D8F808301B1A07442D1AC8F853
:108120000830002B00F0B68055452B46D4F828B017
:10813000216A28BF53463A464846002DE6D1D6E983
:1081400000750836DBE721464846FBF7C3F90028EF
:1081500040F0AF80B4F90CC0D8F800601CF0020702
:10816000C6D11CF0010A63D12368A168574618469E
:108170008B46002F58D01CF4007F00F0B580B94228
:108180000A4600F2E1801CF4906F2FD021696269E9
:108190005D1A02EB420202EBD2726B1C52103B449E
:1081A000934292BF93469B461A461CF4806F00F0A0
:1081B000EA8011464846FBF713FA002800F0F980E0
:1081C0002A4621690090FCF779FAA289009B22F4E3
:1081D000906242F08002A2815819ABEB0505C4F809
:1081E00014B02361A5602060BB463A465146009218
:1081F000F9F730FBA1682368009AA1EB0B011A4440
:108200003D46A16022600027D8F808305B1BAA44D5
:10821000C8F80830002B3DD02368A168B4F90CC021
:1082200018468B46002FA6D1D6E900A708369EE750
:108230003846BB463D460097002D41D0002846D029
:10824000009A2068A168D4E90473AA4228BF2A468C
:10825000B84204D901EB030A524500F385809342EA
:1082600075DC216AA76A5A464846B847B0F1000A49
:108270001ADD009BB3EB0A0300930FD00120D8F85E
:108280000830A3EB0A03D344A5EB0A05C8F808306D
:10829000002BD1D1002003B0BDE8F08F2146484625
:1082A000FAF77EFD0028EAD0B4F90C3043F0400321
:1082B000A3814FF0FF3003B0BDE8F08F002070477E
:1082C000756833460836002DFAD0D3F800B02A4638
:1082D0000A215846FDF7E4FA002867D00130A0EBE8
:1082E0000B0300931A46ACE722699A4214D36269E1
:1082F000BA4211D86FF00043BB4228BF3B46A56A83
:1083000093FBF2F3216A02FB03F348465246A84767
:10831000051EC9DD7F1B77E7B94228BF39460D46E8
:1083200018460A465146F9F795FAA1682368491B91
:108330002B44A16023600029ECD121464846FAF77E
:108340002FFD0028E6D0AFE7BB463A464EE7594638
:108350000192F9F77FFA019AA3689B1AA360236838
:1083600013442360924684E759465246F9F772FA5D
:1083700023685344236021464846FAF711FD00283C
:108380003FF477AF90E74846FCF73AFE03460028F3
:108390007FF422AF21694846FCF72AFAB4F90C3081
:1083A0000C22C9F8002023F080037FE76A1C0092AA
:1083B00047E70C22B4F90C30C9F8002076E700BF7B
:1083C00000FCFF7F38B54B1C1AD09389144623F06C
:1083D00020035268A381636BCDB2A3B1A36B934218
:1083E00009DD23685A1E226003F8015C63680133CB
:1083F0006360284638BD214600F0EEFB0028F0D02F
:108400004FF0FF35F5E7236921682BB18B4203D28A
:1084100011F8013CAB420ED02346C4E90F1204F11F
:10842000440003226063A26303F8465F0122C4E9AB
:108430000032284638BD01390132C4E90012D8E7BC
:1084400010B50C46496B69B104F14403994201D05F
:10845000FCF7CEF9236C63600020606313B1E36B1B
:10846000236010BDA2892369002142F020026160CF
:10847000A2814FF0FF30F3E72DE9F047ADF5247D01
:1084800092F8009001930023CDE94533864BA193E8
:108490000DF10808854BA293CDF81C81B9F1000FAE
:1084A00014D0834F17F80930924613F0080306469C
:1084B0000C460AF101052ED1B9F1250F45D06368AC
:1084C000002B08DD23681A784A450FD045980DF532
:1084D000247DBDE8F087A29B2146304698470028BE
:1084E00040F00B8123681A784A45EFD101332360AD
:1084F0006368013B6360469B0133AA4646939AF842
:108500000090B9F1000FE1D017F8093013F008031B
:108510000AF10105D0D062680DE023681A78BA5CD0
:10852000110703F101030ED562684699013AC4E9C7
:10853000003201314691002A21463046EDDCA29BF3
:1085400098470028E9D0AA46D9E7449342939AF87D
:1085500001102A2905D1102342939AF802100AF13A
:108560000205A1F13003092B0DD8002303EB83038F
:1085700001EB4301A1F13003449315F8011FA1F170
:108580003002092AF2D9DFF82CA103225046FDF768
:1085900087F938B1429AA0EB0A00012383401343C4
:1085A00001354293AA461AF8013B782B00F28480E9
:1085B000DFE813F0A90082008200820082008200BE
:1085C000820082008200820082008200820082009B
:1085D000820082008200820082008200820082008B
:1085E000820082008200820082008200820082007B
:1085F00082008200820082008200820082001101DB
:10860000820082008200820082008200820082005A
:10861000820082008200820082008200820082004A
:10862000820082008200820082008200820082003A
:108630008200820082008200820082008200C700E5
:10864000C700C70082008200820082008200820090
:10865000820082008200820082008200820082000A
:1086600082008200CA0082008200FC008200820038
:10867000820082008200820082000701DE00C700C3
:10868000C700C70082000E018200820082008200C3
:10869000E000EE00F20082008200F9008200DE00BD
:1086A00082008200CA0000BFC58310084184100800
:1086B000F1FB110830011208032348930A23439366
:1086C0006368002B4DDD429B580624D5489B022B46
:1086D00040F38380042B40F38780474B002B3FF40B
:1086E0000EAF01AB224642A93046FCF721FA012821
:1086F0003FF4ECAE02287FF402AF459818B1A3898D
:108700005B067FF5E4AE4FF0FF30E0E6A29B30461B
:1087100098470028F1D122681378FB5C1907D5D55A
:1087200063684699013B481C002B214646906360D4
:1087300002F10102EADD22601378FB5C1907C5D55E
:10874000EEE705234893BBE7429A42F40072429257
:1087500010226E2B43921DD8032348936368002B8D
:10876000B1DCA29B2146304698470028ABD0C4E735
:108770000A22EEE7429BDA063FF5C1AE019A46991E
:10878000101D0190DB0713684CBF19801960B6E615
:10879000082343930423E0E7429B43F40873429386
:1087A00010234393F6E70223489389E75146404656
:1087B00000F0CAFA429B43F04003429382460123F1
:1087C000CBE7429B43F0400342930023489377E773
:1087D00000234393C0E7554671E601AB224642A908
:1087E000304600F033F882E701AB224642A930461A
:1087F00000F094F87BE700BF314B100838B50C4609
:10880000084D8446114620461A4600232B606446D4
:1088100002F0A8FE431C00D038BD2B68002BFBD013
:10882000236038BDA84D001038B5074D002204461E
:1088300008462A6003F0B0F8431C00D038BD2B680E
:10884000002BFBD0236038BDA84D00102DE9F84364
:108850000D461446AA68896907462AB9002914BF3B
:108860004FF0FF320122AA602A68D00603D41A68AA
:10887000101D18601668DFF8A0804FF0000901B3E2
:10888000012937D002293BD123681A7818F8022031
:10889000120735D42A68D10609F1010903D41B78DF
:1088A00006F8013B23686168AA6801390133013A7F
:1088B000C4E90031AA606AB1002904DDA969002970
:1088C000DED12368E6E7D5F880312146384698475F
:1088D0000028F3D02B6813F0100305D1EA680132A9
:1088E000EA60AA6902B133702B694B4400202B6106
:1088F000BDE8F88323686A691878125C002AC9D138
:10890000B9F1000FE6D101290846F1D02B6813F028
:108910001003E9D1E2E700BFF1FB11082DE9F04FA8
:1089200087B00C46074615468648874A00938B68F1
:108930008969864E032908BF1046019096E8070012
:1089400003F1FF3C0DF10C0ABCF5AE7F8AE807008D
:1089500040F2B0806FF4AE7103EB010940F25D1399
:10896000A360A0464FF0000B58F81C2B42F4506255
:10897000226046462B68DAF8000019780222FCF7DC
:108980008FFF50B3BBF1010F0CD0BBF1020F00F011
:10899000B280A3685A1EA260A3B94FF0010B0AF17E
:1089A000040AE7E7D4E900321AB9082243F4007355
:1089B000626023F4A0632360A3685A1EA260002BA8
:1089C00000F08A802B685A1C2A601B7806F8013B4D
:1089D0006B68013B002B6B6073DD0BF1010BBBF18E
:1089E000030FDCD16168002967D0C1F11001584B39
:1089F0006069194400F0A8F9A368002B00F09F807B
:108A00004FF0000A06E02B6801332B60A368013B9E
:108A1000A36003B3D5F800E062699EF800C012F8C5
:108A20000C1022683046B9B1BCF1300F22F410614D
:108A300055D021609EF8003000F8013B06466B6877
:108A4000013B002B294638466B60DCDCD4F88031D2
:108A500098470028DAD02268D1050CD5464507D9B9
:108A600016F8011CD4F87C312A463846013E984756
:108A7000464562D0226812F0100211D1327063684C
:108A8000019D38464146A84723689A0646D5009975
:108A90000B681A1D0A601B681860E3680133E36005
:108AA0002369A6EB0806564433442361002007B02F
:108AB000BDE8F08F4FF0000953E70A2363600621F9
:108AC00095E7D4F88031294638469847002884D065
:108AD00022684FF0000ABFE74FF0020B5FE7120574
:108AE000A7D501330AF1010AB9F1000FA7D0A3609D
:108AF00009F1FF39A3E7236803F4C062B2F5007FF0
:108B00007FF470AF43F480732360A3681022626027
:108B10005A1EA260002B3FF465AF53E7009D2A6800
:108B2000DF0702F1040103D5296013681880B4E758
:108B3000009B196013681860AFE70120B7E79A46F9
:108B400089E700BF5D911008994A100870FF11086D
:108B50004802120838B50C46084D84461146204696
:108B60001A4600232B60644602F03DFF431C00D0F0
:108B700038BD2B68002BFBD0236038BDA84D0010FA
:108B800070B5A1FB025454B92946FAF729FD0646EF
:108B900018B12A462146F9F71FFD304670BD0C2258
:108BA00002600026F9E700BF10B4034CD4F8E0409F
:108BB000A4465DF8044B60475C00001049B1FF2AF1
:108BC00002D80A70012070478A2303604FF0FF30FB
:108BD00070470846704700BF01F144032DE9F0419A
:108BE0000C46496B994214D0A66B77003A46FCF7C5
:108BF00007FA054630B300EB060801463246404608
:108C0000FBF75CFDC4E90D57C4F800800020BDE807
:108C1000F0814FF48061FAF7E3FC98B194F84630A4
:108C20004FF48062C4E90D0280F8FF3394F84530B8
:108C300080F8FE3394F8442080F8FD2300F2FD33E1
:108C40002360E3E74FF0FF30E1E700BF70B54C1C55
:108C50002BD00E460546144610B1036A002B4CD0AB
:108C6000B4F90C3023F020025807A28106D4D906AB
:108C70001BD51B0734D442F00402A281626B6368E7
:108C8000F6B2AAB1A26B9A4209DD23685A1E22608D
:108C900003F8016C636801336360304670BD2146A0
:108CA0002846FFF799FF0028EFD04FF0FF36F4E792
:108CB000226921682AB18A4203D211F8012CB242FA
:108CC0001ED02246C4E90F1304F14400032360635D
:108CD000A36302F8466F0123C4E90023304670BD48
:108CE00021462846FAF75CF80028DED1B4F90C20BA
:108CF000A06022F00802A061BDE7F9F7D7FDAFE759
:108D000001390133C4E90013C7E700BF10B4044CB4
:108D100003460A4620685DF8044B1946FFF796BFE4
:108D20000C00001038B5074D0022044608462A60A2
:108D300002F04EFE431C00D038BD2B68002BFBD048
:108D4000236038BDA84D001070B50C785E2C8646A7
:108D500024D00023481C9C46002263F3070263F3DF
:108D60000F2263F3174263F31F620EF5807173469F
:108D700043F8042B8B42FBD174B18CF001010EF847
:108D80000410451C15F8013C2D2B0ED05D2B0AD08C
:108D90001BB11C462846F2E7013870BD01234C7810
:108DA000881C9C46D8E7284670BD90F801C0BCF1ED
:108DB0005D0FEED06445ECDC661C02300EEB060263
:108DC00002F8011BA2EB0E03013B9C45F8DCACEB67
:108DD0000403013B6445A8BF00230235F418D1E722
:108DE00070B50C46084D03460026204611461C4629
:108DF0002E6002F097FD431C00D070BD2B68002B45
:108E0000FBD0236070BD00BFA84D001002F081BDF3
:108E100010B40468013409E014F8013BA3F1410CDB
:108E2000BCF1190F98BF2033934208D111F8012BE0
:108E3000002AF1D1046001205DF8044B7047002046
:108E40005DF8044B704700BF09682DE9F04F4B11E6
:108E500002EB830311F01F0B07460CBF1846181DC9
:108E60003C680CBF1D1F1D46002385B040F8043C24
:108E700061780134002900F0A8809E469A461E467B
:108E80000B4601461046DFF8889101975A46A846DE
:108E9000AC46834610E0202B00F28F80564508DD5B
:108EA000E04502D9BEF1070F5FDDE34554D34FF033
:108EB000080E14F8013FB3B119F80370002FEAD07F
:108EC0000EF1010EBEF1080F06F101063ADCDCF8E6
:108ED00000301B0107F00F071F43CCF8007014F897
:108EE000013F002BE8D15B46084693461A46002E08
:108EF0006BD0C44502D2BEF1070F73DD62454DD27F
:108F0000111F634653F8044B41F8044FAB42F9D9A3
:108F1000A5EB0C0323F00303691C04330CF1010CD3
:108F20008C4588BF04231344002143F8041BAB4243
:108F3000FBD950F8043C002B4DD1AA4249D055F83A
:108F4000043DF8E7E345B4D200234CF8043C4FF06D
:108F5000010EACF1040CBDE70023ACF104084CF8A1
:108F6000043CB246C4469E46A3E7CEF1080080000A
:108F7000CDE9022CDCF800306746C0F1200E8446B3
:108F8000786800FA0EF21A4320FA0CF33A6047F8B8
:108F9000043FB845F4D8DDE9022C86E750F8043CDC
:108FA000BBF1000FC7D0CBF1200B4FF0FF3121FAFE
:108FB0000BF10B4040F8043CBDE70846194629294F
:108FC0005B46019F93461A4609D0042005B0BDE8D0
:108FD000F08F01232B60052005B0BDE8F08F013430
:108FE0003C6084E7CEF10803DCF800109B00C3F17D
:108FF000200E66460C46776807FA0EF1214327FAE1
:1090000003F4316046F8044FB045F4D876E700BF6A
:1090100070FE1108000000009FED010B704700BFBB
:10902000000000000000F87F2DE9F047074649489E
:109030000E46354616F801EB10F80EC01CF0080C71
:10904000F7D1BEF12D0F5AD0BEF12B0F03BF96F80A
:1090500000E06446AE1C64464BB9BEF1300F5CD0F4
:109060000A23DFF8F4804FF0050A99460AE0102B36
:109070004AD04FF0FF38B8FBF3F803FB08FA6FEA69
:109080000A0A99460025284605E02CD009FB00C0B5
:10909000012516F801EBAEF1300CBCF1090F06D931
:1090A000AEF1410CBCF1190F0BD8AEF1370C634592
:1090B00010DDB5F1FF3FECD04045E6D94FF0FF356C
:1090C000E7E7AEF1610CBCF1190F03D8AEF1570C14
:1090D0006345EEDC6B1C0BD004B140420AB165B9AC
:1090E0001160BDE8F087D445D0DD4FF0FF35D0E703
:1090F00022233B602846002AF3D0711EF0E796F841
:1091000000E00124AE1CA7E7BEF1300F11D04FF0F4
:109110000F0A6FF070489946B4E7337803F0DF0325
:10912000582B0BD008234FF0070A6FF06048994680
:10913000A8E7307800F0DF005828E8D14FF0100998
:1091400096F801E04FF00F0A02366FF070484B4678
:1091500098E700BFF1FB11089999991964E700BFDE
:1091600010B4044C8446134620685DF8044B0A464C
:10917000614659E70C00001010B4044C84461346B5
:1091800020685DF8044B0A4661464DE70C0000106C
:1091900010B4034CD4F8E440A4465DF8044B604797
:1091A0005C00001082B049B15AB16BB113780B600A
:1091B0001278101E18BF012002B0704701A9002AC2
:1091C000F3D1104602B070476FF00100F4E700BF22
:1091D00081F0004102E000BF83F0004330B54FEA68
:1091E00041044FEA430594EA050F08BF90EA020FD5
:1091F0001FBF54EA000C55EA020C7FEA645C7FEA68
:10920000655C00F0E2804FEA5454D4EB5555B8BF8A
:109210006D420CDD2C4480EA020281EA030382EAFB
:10922000000083EA010180EA020281EA0303362D8D
:1092300088BF30BD11F0004F4FEA01314FF4801C60
:109240004CEA113102D0404261EB410113F0004F72
:109250004FEA03334CEA133302D0524263EB430329
:1092600094EA050F00F0A780A4F10104D5F1200EC7
:109270000DDB02FA0EFC22FA05F2801841F1000122
:1092800003FA0EF2801843FA05F359410EE0A5F1F6
:1092900020050EF1200E012A03FA0EFC28BF4CF027
:1092A000020C43FA05F3C01851EBE37101F00045DD
:1092B00007D54FF0000EDCF1000C7EEB00006EEBEA
:1092C0000101B1F5801F1BD3B1F5001F0CD3490874
:1092D0005FEA30004FEA3C0C04F101044FEA4452CB
:1092E00012F5800F80F09A80BCF1004F08BF5FEA52
:1092F000500C50F1000041EB045141EA050130BD32
:109300005FEA4C0C404141EB0101013C28BFB1F543
:10931000801FE9D291F0000F04BF01460020B1FA8E
:1093200081F308BF2033A3F10B03B3F120020CDA61
:109330000C3208DD02F1140CC2F10C0201FA0CF03F
:1093400021FA02F10CE002F11402D8BFC2F1200CA4
:1093500001FA02F120FA0CFCDCBF41EA0C0190405A
:10936000E41AA2BF01EB0451294330BD6FEA0404A3
:109370001F3C1CDA0C340EDC04F11404C4F120028E
:1093800020FA04F001FA02F340EA030021FA04F3A0
:1093900045EA030130BDC4F10C04C4F1200220FAF7
:1093A00002F001FA04F340EA0300294630BD21FA35
:1093B00004F0294630BD94F0000F83F4801306BFFB
:1093C00081F480110134013D4EE77FEA645C18BFEF
:1093D0007FEA655C29D094EA050F08BF90EA020F86
:1093E00005D054EA000C04BF1946104630BD91EA7E
:1093F000030F1EBF0021002030BD5FEA545C05D181
:109400004000494128BF41F0004130BD14F58004BF
:109410003CBF01F5801130BD01F0004545F0FE4133
:1094200041F470014FF0000030BD7FEA645C1ABF68
:10943000194610467FEA655C1CBF0B46024650EA9F
:10944000013406BF52EA033591EA030F41F40021CB
:1094500030BD00BF90F0000F04BF0021704730B551
:109460004FF4806404F132044FF000054FF0000126
:1094700050E700BF90F0000F04BF0021704730B5E7
:109480004FF4806404F1320410F0004548BF4042BC
:109490004FF000013EE700BF42004FEAE2014FEA11
:1094A00031014FEA02701FBF12F07F4393F07F4FEC
:1094B00081F06051704732F07F4208BF704793F0EF
:1094C0007F4F04BF41F40021704730B54FF4607402
:1094D00001F0004521F000411CE700BF50EA010205
:1094E00008BF704730B54FF000050AE050EA0102AE
:1094F00008BF704730B511F0004502D5404261EB1E
:1095000041014FF4806404F132045FEA915C3FF45E
:10951000D8AE4FF003025FEADC0C18BF03325FEAFB
:10952000DC0C18BF033202EBDC02C2F1200300FAAC
:1095300003FC20FA02F001FA03FE40EA0E0021FAD1
:1095400002F11444BDE600BF70B54FF0FF0C4CF4BF
:10955000E06C1CEA11541DBF1CEA135594EA0C0F71
:1095600095EA0C0F00F0DEF82C4481EA030621EAAC
:109570004C5123EA4C5350EA013518BF52EA0335E7
:1095800041F4801143F4801338D0A0FB02CE4FF099
:109590000005E1FB02E506F00042E0FB03E54FF0C9
:1095A0000006E1FB03569CF0000F18BF4EF0010EC1
:1095B000A4F1FF04B6F5007F64F5407404D25FEABD
:1095C0004E0E6D4146EB060642EAC62141EA555170
:1095D0004FEAC52040EA5E504FEACE2EB4F1FD0CB2
:1095E00088BFBCF5E06F1ED8BEF1004F08BF5FEA30
:1095F000500E50F1000041EB045170BD06F00046E2
:1096000046EA010140EA020081EA0301B4EB5C048E
:10961000C2BFD4EB0C0541EA045170BD41F4801186
:109620004FF0000E013C00F3AB8014F1360FDEBFAB
:10963000002001F0004170BDC4F10004203C35DA87
:109640000C341BDC04F11404C4F1200500FA05F30A
:1096500020FA04F001FA05F240EA020001F00042AB
:1096600021F0004110EBD37021FA04F642EB060121
:109670005EEA430E08BF20EAD37070BDC4F10C044B
:10968000C4F1200500FA04F320FA05F001FA04F20F
:1096900040EA020001F0004110EBD37041F10001FB
:1096A0005EEA430E08BF20EAD37070BDC4F1200506
:1096B00000FA05F24EEA020E20FA04F301FA05F26E
:1096C00043EA020321FA04F001F0004121FA04F216
:1096D00020EA020000EBD3705EEA430E08BF20EAE6
:1096E000D37070BD94F0000F0FD101F00046400020
:1096F00041EB010111F4801F08BF013CF7D041EAA2
:10970000060195F0000F18BF704703F000465200A5
:1097100043EB030313F4801F08BF013DF7D043EA76
:109720000603704794EA0C0F0CEA135518BF95EA2C
:109730000C0F0CD050EA410618BF52EA4306D1D1B3
:1097400081EA030101F000414FF0000070BD50EAD2
:10975000410606BF1046194652EA430619D094EA5C
:109760000C0F02D150EA013613D195EA0C0F05D146
:1097700052EA03361CBF104619460AD181EA03019A
:1097800001F0004141F0FE4141F470014FF0000052
:1097900070BD41F0FE4141F4780170BD70B54FF0ED
:1097A000FF0C4CF4E06C1CEA11541DBF1CEA13556D
:1097B00094EA0C0F95EA0C0F00F0A7F8A4EB05044F
:1097C00081EA030E52EA03354FEA013100F0888046
:1097D0004FEA03334FF0805545EA131343EA12630F
:1097E0004FEA022245EA111545EA10654FEA0026C4
:1097F0000EF000419D4208BF964244F1FD0404F57D
:10980000407402D25B084FEA3202B61A65EB0305D8
:109810005B084FEA32024FF480104FF4002CB6EB95
:10982000020E75EB030E22BFB61A754640EA0C0015
:109830005B084FEA3202B6EB020E75EB030E22BF55
:10984000B61A754640EA5C005B084FEA3202B6EB96
:10985000020E75EB030E22BFB61A754640EA9C0055
:109860005B084FEA3202B6EB020E75EB030E22BF25
:10987000B61A754640EADC0055EA060E18D04FEAE3
:10988000051545EA16754FEA06164FEAC30343EA83
:1098900052734FEAC2025FEA1C1CC0D111F4801F50
:1098A0000BD141EA00014FF000004FF0004CB6E749
:1098B00011F4801F04BF01430020B4F1FD0C88BFE8
:1098C000BCF5E06F3FF6AFAEB5EB030C04BFB6EBF3
:1098D000020C5FEA500C50F1000041EB045170BDE6
:1098E0000EF0004E4EEA113114EB5C04C2BFD4EB13
:1098F0000C0541EA045170BD41F480114FF0000E97
:10990000013C90E645EA060E8DE60CEA135594EA12
:109910000C0F08BF95EA0C0F3FF43BAF94EA0C0F15
:109920000AD150EA01347FF434AF95EA0C0F7FF48A
:1099300025AF104619462CE795EA0C0F06D152EADE
:1099400003353FF4FDAE1046194622E750EA4106C2
:1099500018BF52EA43067FF4C5AE50EA41047FF4D3
:109960000DAF52EA43057FF4EBAE12E74FF0FF3C38
:1099700006E000BF4FF0010C02E000BF4FF0010C09
:109980004DF804CD4FEA410C7FEA6C5C4FEA430C82
:1099900018BF7FEA6C5C1BD001B050EA410C0CBFD1
:1099A00052EA430C91EA030F02BF90EA020F002033
:1099B000704710F1000F91EA030F58BF994208BF9A
:1099C00090422CBFD8176FEAE37040F00100704757
:1099D0004FEA410C7FEA6C5C02D150EA013C07D1AE
:1099E0004FEA430C7FEA6C5CD6D152EA033CD3D0F9
:1099F0005DF8040B704700BF8446104662468C46F3
:109A00001946634600E000BF01B5FFF7B7FF002825
:109A100048BF10F1000F01BD4DF808EDFFF7F4FF4E
:109A20000CBF012000205DF808FB00BF4DF808EDD9
:109A3000FFF7EAFF34BF012000205DF808FB00BFFC
:109A40004DF808EDFFF7E0FF94BF012000205DF81E
:109A500008FB00BF4DF808EDFFF7CEFF94BF0120D3
:109A600000205DF808FB00BF4DF808EDFFF7C4FFCC
:109A700034BF012000205DF808FB00BF4FEA410C15
:109A80007FEA6C5C02D150EA013C0AD14FEA430CF8
:109A90007FEA6C5C02D152EA033C02D14FF0000035
:109AA00070474FF0010070474FEA410212F5001273
:109AB00015D211D56FF47873B3EB625212D94FEA15
:109AC000C12343F0004343EA505311F0004F23FAFF
:109AD00002F018BF404270474FF00000704750EA54
:109AE000013005D111F0004008BF6FF00040704711
:109AF0004FF00000704700BF4A0011D212F500126B
:109B000011D20DD56FF47873B3EB62520ED44FEAD5
:109B1000C12343F0004343EA505323FA02F0704755
:109B20004FF00000704750EA013002D14FF0FF3093
:109B300070474FF0000070474FEA4102B2F1E04336
:109B400024BFB3F5001CDCF1FE5C0DD901F0004C24
:109B50004FEAC0024CEA5070B2F1004F40EB830074
:109B600008BF20F00100704711F0804F21D113F1A0
:109B70003872BCBF01F00040704741F480114FEAD9
:109B80005252C2F11802C2F1200C10FA0CF320FA62
:109B900002F018BF40F001004FEAC1234FEAD3237F
:109BA00003FA0CFC40EA0C0023FA02F34FEA4303E9
:109BB000CCE77FEA625307D150EA01331EBF4FF072
:109BC000FE4040F44000704701F0004040F0FE408D
:109BD00040F40000704700BF53B94AB9002908BFDC
:109BE00000281CBF4FF0FF314FF0FF3000F0BEB92E
:109BF000ADF1080C6DE904CE00F03CF8DDF804E0AE
:109C0000DDE9022304B0704738B500220023044682
:109C10000D46FFF70BFF28B920462946BDE838401E
:109C200000F00AB8204605F1004100F005F8404276
:109C300061EB410138BD00BFD0B50C4B0022064698
:109C40000F46FFF781FCFFF757FF0446FFF702FCC2
:109C5000074B0022FFF778FC02460B463046394698
:109C6000FFF7BAFAFFF748FF2146D0BD0000F03DEC
:109C70000000F0412DE9F047089D0F4604468C4650
:109C8000002B48D18A42164661D9B2FA82F34BB111
:109C9000C3F1200201FA03FC20FA02F29E4042EADC
:109CA0000C0C9C404FEA164EB7B2BCFBFEF1220CE6
:109CB0000EFB11CC42EA0C4201FB07F0904209D99D
:109CC000B21801F1FF3C80F0EE80904240F2EB8050
:109CD00002393244121AA4B2B2FBFEF00EFB10227B
:109CE00044EA024400FB07F7A74209D9341900F1FE
:109CF000FF3280F0DA80A74240F2D7803444023845
:109D000040EA0140E41B00211DB1DC400023C5E90D
:109D10000043BDE8F0878B4206D90DB1C5E90001CB
:109D200000210846BDE8F087B3FA83F1002948D145
:109D3000BB4202D3824200F20781841A67EB03021E
:109D400001209446002DE4D0C5E9004CE1E7002A4B
:109D500000F09280B2FA82F3002B40F0A8808A1AB9
:109D60004FEA164E1FFA86FC0121200CB2FBFEF7CB
:109D70000EFB172240EA02420CFB07F0904207D983
:109D8000B21807F1FF3802D2904200F2E280474653
:109D9000121AA4B2B2FBFEF00EFB102244EA0244F7
:109DA0000CFB00FCA44507D9341900F1FF3202D2A4
:109DB000A44500F2CB801046A4EB0C0440EA074017
:109DC000A2E7C1F120068B4022FA06FC4CEA030C04
:109DD00007FA01F420FA06F3F7404FEA1C4923433F
:109DE00000FA01F81FFA8CFEB7FBF9F01C0C09FB16
:109DF000107744EA074400FB0EF7A74202FA01F28B
:109E00000AD91CEB040400F1FF3A80F09B80A742C2
:109E100040F2988002386444E41B9FB2B4FBF9F32B
:109E200009FB134447EA044403FB0EFEA64509D987
:109E30001CEB040403F1FF3780F08280A6457FD934
:109E4000023B644443EA0040A4EB0E04A0FB02E79B
:109E5000BC427346B94663D360D05DB1B8EB030230
:109E600064EB090404FA06F622FA01F31E43CC401F
:109E7000C5E9006400214CE76208480842EAC17164
:109E80000B0C43EA00438AB242EA0342B3FBF6F109
:109E9000E407B4463746B6461F23B0FBF6F0D21BA4
:109EA00041EA004161E7614614E7104628E7C3F143
:109EB000200120FA01F29E4027FA01F19F403A4327
:109EC0004FEA164E1FFA86FCB1FBFEF70EFB171089
:109ED000110C41EA004107FB0CF8884504FA03F431
:109EE0003AD9711807F1FF3001D288451FD8A1EB8C
:109EF0000801B1FBFEF808FB0CF70EFB181192B23B
:109F000042EA0142BA422FD2B21808F1FF31C6D25A
:109F1000BA42C4D2A8F102013244C0E7F0459CD253
:109F2000BEEB020367EB0C070138B94695E7A6EBD9
:109F300008084144B81EB1FBFEF808FB0CF7DCE74B
:109F40003B467FE7504667E70846FBE63444023865
:109F500032E7023F32441BE7A1EB08013846B1FB70
:109F6000FEF808FB0CF7C8E7414698E7704700BFCA
:109F700080B584B000AF786039607B681B7AFB7372
:109F80007B681B6818460AF075FA7B689B6918465F
:109F90000AF070FA78680AF06DFAFB7B022B06D1A2
:109FA000386812F0AFF9386812F0F4F902E0386856
:109FB0000CF0DAF800BF1037BD4680BD80B584B024
:109FC00000AFF860B9607A603B60FB685B69002BAA
:109FD00004D0FB685B697968F868984778680BF08B
:109FE00025FC00BF1037BD4680BD000080B586B09F
:109FF00000AFF860B9607A60FB70FB687B617B68DA
:10A000005B89B3F5FA6F01D9002350E07B685B8967
:10A010001946B8680CF0F8F97B691B7A012B35D129
:10A020007B685B89002B41D07B685B6822491846BE
:10A03000F8F71CFA0346002B0AD07B685B6803F133
:10A0400009007B690A331A461C49F7F73FFF2DE0E8
:10A050007B685B687B211846F7F7A8FC0346002B5A
:10A060000DD07B695B69002B04D07B695B697968E3
:10A0700078699847B9687869FFF77AFF16E07B69D5
:10A080001B6819460E48FBF76BFC0FE07B691B7AD7
:10A09000032B0BD17B695B69002B04D07B695B6967
:10A0A00079687869984778680BF0C0FB00231846F8
:10A0B0001837BD4680BD00BFC0C41108C8C4110810
:10A0C000CCC4110890B587B000AFF860B9601346F2
:10A0D000FB71FB687B617B691B7A012B02D0032B30
:10A0E00023D01BE07B699C697B699B691846FAF762
:10A0F000C7FF03469AB201232146B86810F00EF854
:10A100000346FB74B86810F0F3FD0346FB7497F93F
:10A110001330002B0BD097F9133016E0B96878692B
:10A12000FFF726FF6FF00F030FE000BF00E000BF56
:10A130007B691B69002B03D07B691B697869984791
:10A140000449B8680DF04CF9002318461C37BD4689
:10A1500090BD00BFED9F1008B0B586B000AF78602D
:10A1600000237B6100233B617B681B7A022B03D1B8
:10A1700012F052F9786102E00DF018F938611C20F4
:10A180000AF0DEFAF860FB68002B05D03B69002B73
:10A1900017D17B69002B14D1FB68002B02D0F86823
:10A1A0000AF068F93B69002B02D038690BF0DCFF3C
:10A1B0007B69002B02D0786912F0ECF84FF0FF3386
:10A1C00027E0FA687B6814461D460FCD0FC495E85A
:10A1D000070084E807007B681B7A022B0CD1FA6821
:10A1E0000E49786912F0B6F8FB689B891A460C494B
:10A1F000786911F0FFFF0BE0F96838690DF0DEF8BF
:10A20000FB68191DFB689A89064B38690CF092F9B6
:10A21000002318461837BD46B0BD00BFBD9F1008CB
:10A2200018430110C5A0100880B582B000AF786057
:10A23000084611461A460346FB700B46BB70134690
:10A240007B70FB781A06BB781B041A437B781B02D1
:10A250001A433B7C13431A06FB781906BB781B0490
:10A2600019437B781B0219433B7C0B431B0203F40D
:10A270007F031A43FB781906BB781B0419437B78CC
:10A280001B0219433B7C0B431B0A03F47F431A4315
:10A29000FB781906BB781B0419437B781B02194312
:10A2A0003B7C0B431B0E1A437B681A600348F7F78D
:10A2B000ADFE00BF0837BD4680BD00BF04C5110814
:10A2C00080B500AF034801F03FFE11F08FFD00BFE5
:10A2D00080BD00BF1443011090B597B002AF786005
:10A2E000274B5B68FB64264B9B68BB64244BDB6895
:10A2F0007B64FB6CD9B2FB6C1B0ADCB2FB6C1B0CE5
:10A30000DBB2FA6C120E07F1300001920093234683
:10A310000A461C49F7F7FCF97B6CD9B27B6C1B0A27
:10A32000DCB27B6C1B0CDBB27A6C120E07F11C00EA
:10A330000192009323460A461249F7F7E9F9BB6CEC
:10A34000D9B2BB6C1B0ADCB2BB6C1B0CDBB2BA6CA7
:10A35000120E07F108000192009323460A460949AC
:10A36000F7F7D6F907F1080307F11C0207F13001EE
:10A370000548FBF7F5FA00BF5437BD4690BD00BF56
:10A380001443011014C5110824C5110890B5ADF689
:10A39000140D00AF07F50163A3F60C03186007F571
:10A3A0000163A3F50163196007F50163A3F5016378
:10A3B0001B685B89002B5FD007F50163A3F60803D8
:10A3C000184640F602031A460021F8F705F907F58A
:10A3D0000163A3F501631B68596807F50163A3F5E1
:10A3E00001631B685A8907F10803184600F022FC34
:10A3F00007F50163A3F60C031B681B681946214887
:10A40000FBF7AEFA0023C7F80C382AE007F5016322
:10A41000A3F501631B68586807F10802D7F80C38E8
:10A42000DB001344194600F0D3FC044607F5016332
:10A43000A3F501631B68586807F10802D7F80C38C8
:10A44000DB001344194600F0E9FC03462246D7F826
:10A450000C180D48FBF784FAD7F80C380133C7F80D
:10A460000C3807F50163A3F60803B3F800381A4661
:10A47000D7F80C389342C9DB0023184607F61407B7
:10A48000BD4690BD44CA110860CA110890B583B09A
:10A4900000AF78607B689C697B689B691846FAF717
:10A4A000EFFD0346043B234400221A707B681968C1
:10A4B0007B689B691A460448FBF752FA002318464A
:10A4C0000C37BD4690BD00BF78CA110880B58EB06C
:10A4D00000AFF860B9607A603B60B868FAF7D0FD09
:10A4E00003469BB201339BB218460AF029F9786300
:10A4F0007868FAF7C5FD03469BB201339BB2184654
:10A500000AF01EF938637B6B002B02D03B6B002BEB
:10A5100012D17B6B002B02D0786B09F0ABFF3B6B49
:10A52000002B02D0386B09F0A5FF79681D48FBF7B6
:10A5300017FA4FF0FF3331E07868FAF7A1FD0346D0
:10A5400001331A467968386BFAF7B8F8B868FAF741
:10A5500097FD034601331A46B968786BFAF7AEF8EF
:10A5600007F1140300221A605A609A60DA601A61D7
:10A570005A619A613B6B7B61FB68BB6101233B774E
:10A5800050233B84084B7B623B68BB627B6BFB6266
:10A5900007F114031846FFF7DFFD0023184638378C
:10A5A000BD4680BDA0CA11088DA4100880B584B036
:10A5B00000AFF860B9607A60054B7A68B968F868EE
:10A5C000FFF784FF00BF18461037BD4680BD00BFAF
:10A5D0008DA3100880B586B000AF786039603B6805
:10A5E0005B6802333B613B685B683A69D28892B230
:10A5F0001344FB603B6993F8282093F829301B0231
:10A600001343FB820023BB8224E0FB8AB3F5166F61
:10A6100006D34FF416612048FBF7A2F90023FB8212
:10A62000BA8A13465B0013445B001A46FB6898180D
:10A63000FA8A1A4913465B0013445B000B44024636
:10A640001168196092889A80BB8A0133BB82FB8AA9
:10A650000133FB823B69DB8C9BB2BA8A9A42D4D32A
:10A660003B69DB8C9AB20E4B1B8813449AB20C4B9D
:10A670001A803B699B8C9BB2FA8A9A4207D13B694C
:10A680009B8C9AB2074B1A80074B01221A7000BFAD
:10A6900018461837BD4680BD24CB1108B44D0010B4
:10A6A000AE4D0010AC4D0010B04D001090B5ADF6A1
:10A6B0004C1D00AF07F64813A3F64413186007F6C5
:10A6C0004813A3F64813196007F64813A3F6481376
:10A6D0001B685B89002B02D16FF00503E3E107F6ED
:10A6E0004813A3F61403184640F602031A46002145
:10A6F000F7F772FF07F64813A3F648131B6859686B
:10A7000007F64813A3F648131B685A8907F59A738E
:10A71000184600F08FFA07F64813A3F644131B6897
:10A720001B681946BA48FBF71BF90023C7F84439E0
:10A730002AE007F64813A3F648131B68586807F584
:10A740009A72D7F84439DB001344194600F040FBF5
:10A75000044607F64813A3F648131B68586807F524
:10A760009A72D7F84439DB001344194600F056FBBF
:10A7700003462246D7F84419A648FBF7F1F8D7F864
:10A7800044390133C7F8443907F64813A3F61403D4
:10A79000B3F800381A46D7F844399342C9DB16207B
:10A7A00009F0CEFFC7F83C0907F64813A3F502638A
:10A7B000994A07CA83E8070007F594731846FAF721
:10A7C0005FFC03469BB2184609F0BAFFC7F8380988
:10A7D000D7F83C39002B03D0D7F83839002B1CD1DF
:10A7E000D7F83C39002B03D0D7F83C0909F042FEDA
:10A7F000D7F83839002B03D0D7F8380909F03AFEDA
:10A8000007F64813A3F644131B681B6819468348D0
:10A81000FBF7A6F84FF0FF3345E107F594731846B0
:10A82000FAF72EFC03465A1C07F594731946D7F81D
:10A830003809F9F743FF0023A7F842398DE007F6FE
:10A840004813A3F648131B685868B7F8423907F550
:10A850009A72DB001344194600F0BAFA03467049B5
:10A860001846F8F74DF80346002B16D107F64813A3
:10A87000A3F648131B685868B7F8423907F59A726F
:10A88000DB001344194600F0C9FAD7F83C391233FB
:10A890001A466449F7F71AFB5AE007F64813A3F67D
:10A8A00048131B685868B7F8423907F59A72DB00FD
:10A8B0001344194600F08CFA03465B491846F8F732
:10A8C0001FF80346002B16D107F64813A3F64813CA
:10A8D0001B685868B7F8423907F59A72DB001344D1
:10A8E000194600F09BFAD7F83C3901331A464F4914
:10A8F000F7F7ECFA2CE007F64813A3F648131B68A9
:10A900005868B7F8423907F59A72DB0013441946C4
:10A9100000F05EFA034646491846F7F7F1FF034692
:10A92000002B15D107F64813A3F648131B68586887
:10A93000B7F8423907F59A72DB001344194600F064
:10A940006DFAD7F83C3914331A463A49F7F7BEFA8C
:10A95000B7F842390133A7F8423907F64813A3F68E
:10A960001403B3F80038B7F842299A42FFF467AFEE
:10A97000D7F83C3901221A70D7F83C391B78012BE3
:10A9800005D143F23902D7F83C395A8219E0D7F899
:10A990003C395B8A002B14D107F64813A3F6441305
:10A9A0001B681B6819462448FAF7DAFFD7F83C09F8
:10A9B00009F060FDD7F8380909F05CFD6FF0050378
:10A9C00071E007F64813A3F63C031A460023136010
:10A9D00053609360D36013615361936107F648132A
:10A9E000A3F63C03D7F838291A6007F64813A3F6F4
:10A9F0003C0307F64812A2F64412126852685A60E5
:10AA0000D7F83C391B78002B18D1032217E000BF80
:10AA10007CCB110898CB110874CC1108B0CB11086D
:10AA2000D8CB1108E0CB1108E4CB1108ECCB11080E
:10AA3000F0CB1108FCCB110800CC1108022207F65C
:10AA40004813A3F63C031A72D7F83C395A8A07F622
:10AA50004813A3F63C039A8107F64813A3F63C0378
:10AA6000134A5A6107F64813A3F63C03D7F83C296A
:10AA70009A6107F586731846FFF76EFBD7F83C39E5
:10AA80005A1C07F10C030B491846F6F741FE07F173
:10AA90000C0107F64813A3F644131B68064A5868CE
:10AAA000FFF784FD0023184607F64C17BD4690BDFE
:10AAB000D5A5100834CC110868CC1108B0B5ADF597
:10AAC0000E7D02AF07F50C73A3F50B731860374BBF
:10AAD0005B68C7F82C32D7F82C32D9B2D7F82C32B1
:10AAE0001B0ADCB2D7F82C321B0CDBB2D7F82C22B5
:10AAF000120E07F58C700192009323460A462C49EA
:10AB0000F6F706FE43F2390307F58C7207F59670E7
:10AB10002849F6F7FDFD07F5967107F50C73A3F5C7
:10AB20000B70254B254A0068FFF7D0FC07F50C7326
:10AB3000A3F5A673224A1C4615460FCD0FC40FCDB0
:10AB40000FC40FCD0FC42B681A46228002341B0C91
:10AB5000237007F50C73A3F5C4731A4A1C461546F7
:10AB60000FCD0FC40FCD0FC40FCD0FC495E8070054
:10AB700003C4228007F50C73A3F5EC73124A184640
:10AB800011464D231A46F9F799FD07F50C73A3F505
:10AB90000A730D4A184611464D231A46F9F78EFDE1
:10ABA0000023184607F50C77BD46B0BD14430110CD
:10ABB00080CC110890CC1108ADA61008E8CC110883
:10ABC000F8CC11082CCD110868CD110880B487B0DD
:10ABD00000AFF860B9601346FB801DE00023FB82E4
:10ABE00011E0FB681B881A46BB6813441A78FB8A7D
:10ABF0000F49CB5C9A4203D1FB8A0D4AD35C11E02A
:10AC0000FB8A0133FB82FB8A052BEAD9FB681B8890
:10AC100001339AB2FB681A80FB681B88FA889A4253
:10AC2000DCD8002318461C37BD465DF8047B70470E
:10AC3000C801001080B586B000AFF860B960134657
:10AC4000FB800023BB82FB680022A3F800280023BE
:10AC5000FB75FA8807F11403B9681846FFF7B6FFC9
:10AC600003467B2B00F0AA800023ADE0BB8A0133B2
:10AC70009BB2BB82FA8807F11403B9681846FFF744
:10AC8000A5FF03467D2B00F08C807D2B00F3938085
:10AC90007B2B00F084807B2B00F38D803A2B6AD0D5
:10ACA0003A2B00F38880222B02D02C2B45D082E057
:10ACB000FB7D032B3BD801A252F823F0CDAC10084A
:10ACC000E1AC1008FBAC100815AD1008BB8AFA689F
:10ACD000B2F80028013399B2FB6823F8321028E05B
:10ACE000BB8AFA68B2F800281046013B99B2FA68AC
:10ACF000C30013440A465A801BE0BB8AFA68B2F8C4
:10AD000000281046013399B2FA68C30013440A467A
:10AD10009A800EE0BB8AFA68B2F800281046013B20
:10AD200099B2FA68C30013440A46DA8001E00123AD
:10AD30004AE0FB7D0133FB7540E0BB8A013BBA680A
:10AD400013441B78222B0BD0BB8AFA68B2F8002878
:10AD50001046013B99B2FA68C30013440A46DA80F0
:10AD6000FB68B3F8003801339AB2FB68A3F80028F7
:10AD70000023FB7522E0BB8A0133BA6813441B78B9
:10AD8000222B1AD0BB8AFA68B2F800281046013389
:10AD900099B2FA68C30013440A469A800DE0012371
:10ADA00012E0FB68B3F8003801339AB2FB68A3F8ED
:10ADB0000028022308E0012306E000BFBB8AFA88CE
:10ADC0009A423FF653AF012318461837BD4680BD5F
:10ADD00080B582B000AF786039603B681B881A4646
:10ADE0007B6899183B685B881A463B681B88D31AB6
:10ADF00001331A460848F9F761FC3B685B881A463C
:10AE00003B681B88D31A0133034A0021D154024BFB
:10AE100018460837BD4680BDF485001080B582B065
:10AE200000AF786039603B689B881A467B68991848
:10AE30003B68DB881A463B689B88D31A01331A4665
:10AE40000848F9F73BFC3B68DB881A463B689B885F
:10AE5000D31A0133034A0021D154024B1846083754
:10AE6000BD4680BD7486001080B483B000AF7860AA
:10AE70007B68002B13D07B681B680D4A93420ED170
:10AE80007B689B690B4A934209D17B685B68002B06
:10AE900005D07B689B68002B01D0012300E00023D4
:10AEA000DBB218460C37BD465DF8047B704700BF27
:10AEB000EFBEADDE1041522180B588B000AFF86022
:10AEC000B9607A60BB68FB61FB68002B17D0FB6838
:10AED0001B683B4A934212D1FB689B69394A9342F3
:10AEE0000DD1FB685B68002B09D0FB689B68002BC9
:10AEF00005D0BB68002B02D07B68002B01D100235A
:10AF000059E0F86800F060F8B8617A68BB6993426C
:10AF100028BF13467B607B68002B01D100234AE0E9
:10AF2000FB689A68FB681B69D31A7A689A4205D94C
:10AF3000FB689A68FB681B69D31A00E07B687B6139
:10AF4000FB685A68FB681B6913447A69F9691846FB
:10AF5000F9F7B4FBFB681A697B691A44FB681A614C
:10AF60007A687B69D31A7B607B68002B0BD0FB6807
:10AF70005868FA697B6913447A681946F9F79EFBA9
:10AF8000FB687A681A61FB681A69FB689B689A42D9
:10AF900002D3FB6800221A61FB685B69002B07D0B3
:10AFA000FB685B6979697A680A440121F868984707
:10AFB0007A697B68134418462037BD4680BD00BFC0
:10AFC000EFBEADDE1041522180B487B000AF786093
:10AFD0007B68002B11D07B681B681C4A93420CD104
:10AFE0007B689B691A4A934207D17B685B68002B98
:10AFF00003D07B689B68002B01D100231FE07B6896
:10B000001B693B617B68DB68FB603A69FB689A42BD
:10B0100003D17B689B687B610FE0FA683B699A42C9
:10B0200004D9FA683B69D31A7B6106E07B689A68A9
:10B03000F9683B69CB1A13447B617B69013B184675
:10B040001C37BD465DF8047B704700BFEFBEADDE28
:10B050001041522100000000B0B58CB000AFF86084
:10B060007B600B467B8113463B810023FB850023DD
:10B07000BB850023BB6200237B6200237B8400230B
:10B08000FB610023BB6114E03A89BB69D31A1A46FD
:10B0900013465B0013445B001A46FB6813449B880D
:10B0A0009BB2B3F57A7F01D9BB69FB61BB69013300
:10B0B000BB61FB690933BA699A42E5DDFB697B61D3
:10B0C00004E13A897B6993FBF2F101FB02F29B1ADE
:10B0D0001A4613465B0013445B001A46FB68134490
:10B0E0009B889BB2B3F57A7F1BD97B69FB853A8934
:10B0F0007B6993FBF2F101FB02F29B1A1A4613469D
:10B100005B0013445B001A46FB6813441B68BA6A71
:10B110001344BB627B697A6A13447B62BB8D013343
:10B12000BB85FB8D7A69D31A0A2B40F3CC80BB8D8B
:10B13000002B00F0C880BB6A07EE903AF8EE676A11
:10B14000BB8D07EE903AB8EE677AC6EE877A7A8CB6
:10B1500013469B0013449B001A467B6813449FEDE3
:10B16000687A77EE877AC3ED017A7B6A07EE903AC8
:10B17000F8EE676ABB8D07EE903AB8EE677AC6EED6
:10B18000877AC7ED047A3869FEF786F956A3D3E9C2
:10B190000023FEF7D9F902460B4614461D463B89AB
:10B1A00007EE903AF8EE677A17EE900AFEF774F918
:10B1B00002460B4620462946FEF7F0FA02460B46A9
:10B1C000104619467A8C13469B0013449B001A467E
:10B1D0007B689C18FEF7B0FC0346236020E07A8C65
:10B1E00013469B0013449B001A467B6813441B685C
:10B1F0001846FEF751F93CA3D3E90023FDF7ECFF15
:10B2000002460B46104619467A8C13469B0013449F
:10B210009B001A467B689C18FEF78EFC0346236051
:10B220007A8C13469B0013449B001A467B68134498
:10B230001B681846FEF730F92DA3D3E90023FEF76B
:10B2400013FC0346002BCAD120E07A8C13469B00E6
:10B2500013449B001A467B6813441B681846FEF78C
:10B260001BF921A3D3E90023FDF7B8FF02460B46E3
:10B27000104619467A8C13469B0013449B001A46CD
:10B280007B689C18FEF758FC034623607A8C1346B3
:10B290009B0013449B001A467B6813441B681846A6
:10B2A000FEF7FAF814A3D3E90023FEF7C9FB03461F
:10B2B000002BCAD17B8C01337B840023BB6200232B
:10B2C0007B620023BB857B6901337B617A89FB69E3
:10B2D000134409337A699A427FF7F3AE7B8C1846A0
:10B2E0003037BD46B0BD00BF182D4454FB21194076
:10B2F000182D4454FB210940182D4454FB2109C04A
:10B300000000204280B582B002AF00BF104B1B6826
:10B310001846FFF7A9FD0346002BF7D00D4B1B681D
:10B320001846FFF7A1FD0346002BEFD0042300933E
:10B330000123A822C0210848FEF776FF0648FEF741
:10B34000CBFF054B1868FFF7B9FB00BFBD4680BDBA
:10B35000D0010010D4010010F48600102DE9B04F88
:10B360002DED028B8CB006AFFEF7AAFF734B1B7856
:10B37000002B00F0DB8001F041FA3861704B1B8834
:10B380001C46704B1B881D466F4B1B683A69D31ACD
:10B3900007EE903AF8EE677A17EE900AFEF77CF81F
:10B3A00002460B464FF000006849FEF7F7F90246E7
:10B3B0000B46CDE900232A4621466548FAF7D0FA24
:10B3C0005F4B19885F4B1A88624B6348FFF744FE56
:10B3D0000346FB810023FB829AE0FA8A5D4913460B
:10B3E0009B0013449B000B4404331B681846FEF774
:10B3F00053F880468946FA8A564913469B001344FF
:10B400009B000B441B681846FEF746F804460D46A1
:10B41000FA8A504913469B0013449B000B440433A3
:10B420001B681846FEF738F882468B46FA8A494967
:10B4300013469B0013449B000B441B681846FEF701
:10B440002BF802460B4643EC102BF5F73DFF53EC6F
:10B45000102B50465946FEF777F802460B4643EC50
:10B46000182BFA8A3B4913469B0013449B000B445C
:10B4700004331B681846FEF70FF882468B46FA8A9B
:10B48000344913469B0013449B000B441B68184629
:10B49000FEF702F802460B4643EC102BF4F754FF7C
:10B4A00053EC102B50465946FEF74EF802460B4619
:10B4B000CDE904238DED028BCDE9004542464B4694
:10B4C0002648FAF74DFAFA8A224913469B0013449C
:10B4D0009B000B4404331B687B60FA8A1D491346AA
:10B4E0009B0013449B000B441B68BB601C4B1B68F8
:10B4F0001846FFF769FD0346072B06D9184B1B6852
:10B50000391D08221846FFF7D7FCFB8A0133FB825E
:10B51000FA8AFB899A42FFF460AF0B4A3B691360D9
:10B52000064B00221A70064B00221A8000BF183703
:10B53000BD46BDEC028BBDE8B08F00BFB04D001022
:10B54000AE4D0010AC4D00107842011000408F400D
:10B5500020CE1108F8860010B44D001044CE11081A
:10B56000D001001080B584B000AFF860B9607A6097
:10B570007B689AB24FF0FF33B968044805F03AF996
:10B580007B6818461037BD4680BD00BF7C42011065
:10B5900080B582B000AF0346FB71F91D4FF0FF3359
:10B5A0000122044805F026F9034618460837BD462F
:10B5B00080BD00BF7C42011080B582B000AF244B3B
:10B5C000D3F8E030224A43F00073C2F8E030204B59
:10B5D000D3F8E03003F000737B607B68012002F059
:10B5E000DBFF03F065F801220221002002F0E6FFF4
:10B5F000184B1B6803F0F003702B08D1164BD3F8DF
:10B600000431154A43F00103C2F8043107E0124B3C
:10B61000D3F81431104A43F00103C2F8143101F099
:10B6200045F84FF4FA6001F0F5F800F067F800F023
:10B630007FF800F01DFA00F015F80848F6F7E6FC70
:10B64000FFF760FE0648F6F7E1FCFFF787FEFCE730
:10B650000044025800ED00E00064025874CE110866
:10B6600088CE110880B500AF224B234A1A60214BC7
:10B670004FF461225A601F4B00229A601D4B00223A
:10B68000DA601C4B00221A611A4B0C225A61194BCA
:10B6900000229A61174B0022DA61164B00221A62CF
:10B6A000144B00225A62134B00229A62114805F093
:10B6B00051F80346002B01D000F072F800210D482C
:10B6C00006F0E6F80346002B01D000F069F80021EF
:10B6D000084806F01BF90346002B01D000F060F883
:10B6E000044806F09CF80346002B01D000F058F8FF
:10B6F00000BF80BD7C4201100010014080B483B0C7
:10B7000000AF0A4BD3F8D430084A43F00103C2F823
:10B71000D430064BD3F8D43003F001037B607B6850
:10B7200000BF0C37BD465DF8047B704700440258EB
:10B7300080B485B000AF194BD3F8E030174A43F01E
:10B740004003C2F8E030154BD3F8E03003F040037B
:10B75000FB60FB68114BD3F8E030104A43F0010363
:10B76000C2F8E0300D4BD3F8E03003F00103BB60CA
:10B77000BB680A4BD3F8E030084A43F00403C2F830
:10B78000E030064BD3F8E03003F004037B607B68C5
:10B7900000BF1437BD465DF8047B70470044025873
:10B7A00080B400AF72B600BF00BFFDE780B483B0C5
:10B7B00000AF0A4BD3F8F430084A43F00203C2F852
:10B7C000F430064BD3F8F43003F002037B607B685F
:10B7D00000BF0C37BD465DF8047B7047004402583B
:10B7E00080B5BCB000AF786007F1DC0300221A60BE
:10B7F0005A609A60DA601A6107F11003C8220021CA
:10B800001846F6F7E9FE7B681B68274A934246D143
:10B810004FF001024FF00003C7E904230023C7F8EB
:10B82000903007F11003184603F028F90346002B67
:10B8300001D0FFF7B5FF1D4BD3F8F0301B4A43F0A2
:10B840001003C2F8F030194BD3F8F03003F01003B6
:10B85000FB60FB68154BD3F8E030144A43F001035A
:10B86000C2F8E030114BD3F8E03003F00103BB60C5
:10B87000BB684FF4C063C7F8DC300223C7F8E03080
:10B880000023C7F8E4300023C7F8E8300723C7F8DF
:10B89000EC3007F1DC031946054802F0CDFC00BF8F
:10B8A000F037BD4680BD00BF001001400044025883
:10B8B0000000025880B400AF00BFFDE780B400AFC5
:10B8C00000BFFDE780B400AF00BFFDE780B400AF6C
:10B8D00000BFFDE780B400AF00BFFDE780B400AF5C
:10B8E00000BFBD465DF8047B704780B400AF00BF69
:10B8F000BD465DF8047B704780B400AF00BFBD4615
:10B900005DF8047B704780B500AF00F063FF00BFB7
:10B9100080BD80B400AF01231846BD465DF8047BAE
:10B920007047000080B483B000AF78603960054B89
:10B9300016221A604FF0FF3318460C37BD465DF8EB
:10B94000047B7047A84D001080B582B000AF7860CE
:10B950004FF0FF317868FFF7E5FF00BFFDE780B5E6
:10B9600086B000AFF860B9607A6000237B610AE0BE
:10B97000FFF70EFE0146BB685A1CBA60CAB21A70C5
:10B980007B6901337B617A697B689A42F0DB7B6873
:10B9900018461837BD4680BD80B483B000AF7860CC
:10B9A0004FF0FF3318460C37BD465DF8047B7047F7
:10B9B00080B483B000AF786039603B684FF40052C8
:10B9C0005A60002318460C37BD465DF8047B70476B
:10B9D00080B483B000AF7860012318460C37BD46B1
:10B9E0005DF8047B704780B485B000AFF860B96043
:10B9F0007A60002318461437BD465DF8047B704713
:10BA000080B487B000AF7860144A154BD31A7B61BD
:10BA10007B693B61134B1B68002B02D1114B124A0F
:10BA20001A60104B1A687B6813443A699A4205D22F
:10BA30000E4B0C221A604FF0FF3309E0094B1B68D4
:10BA4000FB60084B1A687B681344064A1360FB6866
:10BA500018461C37BD465DF8047B70470080041013
:10BA6000001000001043011010770110A84D0010C5
:10BA700080B584B004AF874BC0221A70854BA822D2
:10BA80005A70844B01229A70824B0A22DA70824BE0
:10BA9000FF221A70804BFF225A707F4BFF229A7050
:10BAA0007D4B0022DA707D4B00221A707B4B002206
:10BAB0005A707A4B00229A70784B0022DA7007F0A5
:10BAC00073FA744B1B781A06724B5B781B041A438B
:10BAD000704B9B781B0213436E4AD27813431A06AD
:10BAE0006C4B1B7819066B4B5B781B041943694B35
:10BAF0009B781B020B436749C9780B431B0203F475
:10BB00007F031A43634B1B781906624B5B781B0457
:10BB10001943604B9B781B020B435E49C9780B436A
:10BB20001B0A03F47F431A435A4B1B781906594BDF
:10BB30005B781B041943574B9B781B020B435549F9
:10BB4000C9780B431B0E1343554A1360524B1B78A5
:10BB50001A06514B5B781B041A434F4B9B781B0210
:10BB600013434D4AD27813431A064B4B1B781906E0
:10BB7000494B5B781B041943474B9B781B020B43D3
:10BB80004549C9780B431B0203F47F031A43424B18
:10BB90001B781906404B5B781B0419433E4B9B787E
:10BBA0001B020B433C49C9780B431B0A03F47F4338
:10BBB0001A43394B1B781906374B5B781B04194322
:10BBC000354B9B781B020B433349C9780B431B0E43
:10BBD0001343344A1360314B1B781A062F4B5B78A2
:10BBE0001B041A432D4B9B781B0213432B4AD2781C
:10BBF00013431A06294B1B781906284B5B781B0444
:10BC00001943264B9B781B020B432449C9780B43ED
:10BC10001B0203F47F031A43204B1B7819061F4BAA
:10BC20005B781B0419431D4B9B781B020B431B497C
:10BC3000C9780B431B0A03F47F431A43174B1B7845
:10BC40001906164B5B781B041943144B9B781B0297
:10BC50000B431249C9780B431B0E1343124A13605E
:10BC6000124B0293124B0193002300930E4B0D4A8B
:10BC70000B49104808F096FF0E4809F045F90D48A9
:10BC800009F052F90C490B4809F050FA00BFBD46C3
:10BC900080BD00BF54430110584301105C430110A4
:10BCA000484301104C430110504301101D29110855
:10BCB00089BF100814430110BDBC100880B483B0C4
:10BCC00000AF786000BF0C37BD465DF8047B70475D
:10BCD00080B584B000AF78600023FB73444B454AC5
:10BCE0001A6000233B7280237B72E123BB72002326
:10BCF000FB7200233B7300237B733D4A07F108036B
:10BD000053603B4B01221A72394B3B4ADA60384B85
:10BD10003A4A1A61364B4FF4C0625A61344800F017
:10BD2000A7FE0346FB73382200213548F6F754FC82
:10BD3000334B21221A60324B4FF440325A61304B60
:10BD400000221A612F4808F0F5FD7B68062283F86F
:10BD50002C20274B5B681A787B6883F82620244BBD
:10BD60005B685A787B6883F82720214B5B689A7858
:10BD70007B6883F828201E4B5B68DA787B6883F841
:10BD800029201B4B5B681A797B6883F82A20184BA3
:10BD90005B685A797B6883F82B207B6840F2DC5221
:10BDA0009A847B6893F82D3043F00A03DAB27B68FB
:10BDB00083F82D201449154800F055FB134800F076
:10BDC00084FB0346002B06D0786809F07FF9786879
:10BDD00009F016F908E0FB7B002B03D1786800F02E
:10BDE0001DFA01E0FFF7DCFC1037BD4680BD00BF47
:10BDF0006843011000800240E84B0010884B00109F
:10BE0000184401107CFF1108D801001050440110A3
:10BE100080B592B000AF7860396000237B64002366
:10BE20003B64002387F83F3007F10C0330220021E8
:10BE30001846F6F7D1FB07F10C0330220021184613
:10BE4000F6F7CAFB3B683B6445E07B6C032B02D9E9
:10BE50006FF00B0355E03B6C59687A6C13465B003E
:10BE600013449B0048333B443C3B19603B6C5B896B
:10BE700019467A6C13465B0013449B0048333B44DD
:10BE8000383B19607B6C002B11D07B6C5A1E07F17C
:10BE90000C00796C0B465B000B449B00C1181346E9
:10BEA0005B0013449B0048333B44343B19603B6CBC
:10BEB0001B68002B09D17A6C13465B0013449B006E
:10BEC00048333B44343B00221A607B6C01337B6473
:10BED0003B6C1B683B643B6C002BB6D13B681B89F9
:10BEE0001A460A4B5A60094A07F10C039360074A45
:10BEF0003B68536314220549054800F069FF97F930
:10BF00003F3018464837BD4680BD00BF1844011079
:10BF10006843011080B584B000AF78600023FB60F7
:10BF2000074B1B78002B05D107F10C031946054878
:10BF300000F0E5FFFB6818461037BD4680BD00BF26
:10BF4000644301106843011080B584B000AF78608D
:10BF50000023FB607868FFF7DDFFF860FB68002BCB
:10BF60000AD07B681B697968F86898470346002BFC
:10BF700002D0F86809F05AFCFB68002BEAD100BF38
:10BF800000BF1037BD4680BD80B582B000AF78607D
:10BF90007B68002B06D10E4B40F289120D490E48EA
:10BFA000F9F7DEFC7B68732283F82E207B6874220D
:10BFB00083F82F207B68094A5A617B68084A9A6196
:10BFC0007868FFF785FE002318460837BD4680BD18
:10BFD0009CCE1108D8CE1108E8CE11081D231108F7
:10BFE00011BE100880B584B000AF78607B68FB603C
:10BFF000F968074808F080FD064B1B78012B02D139
:10C00000044B00221A7000BF1037BD4680BD00BF30
:10C010007CFF11086443011080B500AF00F0EEFB17
:10C020000346184680BD000080B58EB000AF786032
:10C0300007F1240300221A605A609A60DA601A61DC
:10C040007B681B68494A934240F08B80484BD3F889
:10C05000D830474A43F40043C2F8D830444BD3F8B1
:10C06000D83003F400433B623B6A414BD3F8D830ED
:10C070003F4A43F48033C2F8D8303D4BD3F8D83030
:10C0800003F48033FB61FB69394BD3F8D830384A6D
:10C0900043F40033C2F8D830354BD3F8D83003F42A
:10C0A0000033BB61BB69324BD3F8E030304A43F018
:10C0B0004003C2F8E0302E4BD3F8E03003F04003E9
:10C0C0007B617B692A4BD3F8E030294A43F00403B3
:10C0D000C2F8E030264BD3F8E03003F004033B61B4
:10C0E0003B69234BD3F8E030214A43F00103C2F807
:10C0F000E0301F4BD3F8E03003F00103FB60FB6836
:10C100004FF460537B620223BB620023FB62002377
:10C110003B630B237B6307F124031946154802F0A8
:10C120008BF832237B620223BB620023FB62002375
:10C130003B630B237B6307F1240319460E4802F08F
:10C140007BF886237B620223BB620023FB62002311
:10C150003B630B237B6307F124031946074802F076
:10C160006BF800BF3837BD4680BD00BF008002407D
:10C1700000440258001802580008025800000258F3
:10C1800080B500AF024801F087FA0023184680BD51
:10C190006843011080B400AF00231846BD465DF827
:10C1A000047B704780B584B000AFF860B9607A60F6
:10C1B0007B68BA68F968074800F0D7FF0346002B90
:10C1C00002D04FF0FF3300E0002318461037BD4681
:10C1D00080BD00BF6843011080B584B000AFF86037
:10C1E000B9607A607B68BA68F968074801F012F8AC
:10C1F0000346002B02D04FF0FF3300E00023184627
:10C200001037BD4680BD00BF6843011080B500AF48
:10C2100000F0F4FA0346184680BD000080B5A0B0D7
:10C2200000AF786007F10C03642200211846F6F78E
:10C23000D3F900233B670023FB670023BB67002380
:10C240007B673A4800F08EF938677B6893F82D30A9
:10C250009B0803F00103DBB2002B0CD03B6F012BDA
:10C2600009DC334800F064FD786808F0C9FE78689E
:10C2700008F02CFF55E07B6893F82D3003F00403A1
:10C28000002B4ED13B6F012B4BDD3B6F023B032B51
:10C290002AD801A252F823F0A9C21008BBC2100884
:10C2A000CBC21008DBC210084FF400537B674FF479
:10C2B0008043BB670123FB6717E000237B674FF4D4
:10C2C0008043BB670123FB670FE04FF400537B679C
:10C2D0000023BB670123FB6707E000237B67002384
:10C2E000BB670123FB6700E000BFFB6F002B18D08A
:10C2F00007F10C0319460E4800F0E0FF7B6F7B62EC
:10C30000BB6F3B6207F10C031946094801F0AAF91B
:10C31000074800F0ABFC786808F006FE786808F083
:10C32000A1FE00BF8037BD4680BD00BF5044011054
:10C330006843011080B586B002AF7860124808F0FB
:10C340006DFBF860FB68002B14D0FB6803F1200242
:10C350007B681A60FB680D4A1A617B681B684FF4A2
:10C36000C06201920093FB6841220021002009F085
:10C37000A3F805E0064B01221A707B6800221A60C0
:10C3800000BF1037BD4680BD7CFF1108E5BF100817
:10C390006443011080B489B000AFF860B9607A607E
:10C3A0007B80FB68BB61BB687B610023FB617B68B2
:10C3B000203BFB61FB6900221A60FB6900221A81A5
:10C3C000FB697A885A81BB691B68002B03D1BB6962
:10C3D000FA691A6003E07B691B68FA691A607B6975
:10C3E000FA691A60BB691B68FB6109E0FB691A897D
:10C3F0007B8813449AB2FB691A81FB691B68FB6155
:10C40000FB69002BF2D100BF00BF2437BD465DF8A9
:10C41000047B7047DFF834D000F02CF90C480D494C
:10C420000D4A002302E0D458C4500433C4188C428F
:10C43000F9D30A4A0A4C002301E013600432A242F5
:10C44000FBD3F5F71BFDFFF7B7F87047008004102A
:10C45000000000100402001084021208484C001072
:10C4600010770110FEE780B483B000AF78603960C8
:10C470007B68002B0BD03B68DB68002B07D03B6848
:10C480009B68002B03D03B681B69002B02D14FF047
:10C49000FF3314E03B681A687B689A603B685A680F
:10C4A0007B68DA603B68DA687B685A613B689A6847
:10C4B0007B681A613B681A697B689A610023184699
:10C4C0000C37BD465DF8047B704780B586B000AF81
:10C4D00078600023FB6000237B6100233B617B6865
:10C4E0005B68002B39D17B689B68002B02D07B688E
:10C4F0009B6898477B6820221A6000237B611CE0C0
:10C500007B685B6907F10C02122178699847034642
:10C51000002B03DA6FF004033B610BE0FB6803F0D0
:10C520001F037A699A4205D17B687A691A600023F1
:10C530003B6105E07B6901337B617B691F2BDFD9A0
:10C540007B681B681F2B02D96FF002033B613B69BC
:10C55000002B02D17B6801225A603B6918461837CC
:10C56000BD4680BD80B584B000AF78600023FB601D
:10C570007B685B697A68106807F10C0201219847B3
:10C580000346002B02DA6FF004036EE07B685B6900
:10C590007A68106807F10C02012198470346002BC6
:10C5A00002DA6FF0040360E0FB6803F00403002B81
:10C5B00001D1012359E07B685B697A68106807F153
:10C5C0000C02002198470346002B02DA6FF00403A7
:10C5D0004BE0FB6803F48053002B1BD1FB6803F492
:10C5E0000053002B06D0FB6803F48073002B01D0AE
:10C5F00002233AE0FB6803F40053002B01D003232D
:10C6000033E0FB6803F48073002B01D004232CE09B
:10C6100005232AE07B685B697A68106807F10C02E1
:10C620001F2198470346002B02DA6FF004031CE039
:10C63000FB6803F48053002B01D1062315E0FB684F
:10C6400003F01C03182B01D102230EE0FB6803F05A
:10C650001C03082B01D1032307E0FB6803F01C0334
:10C66000142B01D1042300E0052318461037BD46E2
:10C6700080BD000080B400AF0B4BD3F888300A4A6D
:10C6800043F47003C2F88830074B1B69064A43F035
:10C6900010031361044B4FF001629A6000BFBD4666
:10C6A0005DF8047B704700BF00ED00E080B582B00C
:10C6B00000AF284BD3F8D830264A43F48043C2F861
:10C6C000D830244BD3F8D83003F480433B603B6828
:10C6D000214B1B6823F47F2323F470631E4A43F429
:10C6E000014313601C4B1B681B4A43F0010313609A
:10C6F000032000F079F901F0E9FF0246154B9B6930
:10C700001B0A03F00F031549CB5C03F01F0322FA49
:10C7100003F37B600F4B9B6903F00F030F4AD35C5D
:10C7200003F01F037A6822FA03F30D4A13600C4BDF
:10C730001B680C4A1360002000F016F80346002B1B
:10C7400001D0012302E0FFF731F800231846083733
:10C75000BD4680BD004402580044024088FF1108D5
:10C76000F0010010EC01001080B582B000AF7860DD
:10C77000154B1B78002B01D1012321E0134B1A68C4
:10C78000114B1B7819464FF47A73B3FBF1F3B2FBEC
:10C79000F3F3184600F04DF90346002B01D00123B6
:10C7A0000EE07B680F2B0AD8002279684FF0FF302B
:10C7B00000F025F9064A7B681360002300E001239E
:10C7C00018460837BD4680BDF8010010EC01001086
:10C7D000F401001080B400AF064B1B781A46064BDC
:10C7E0001B681344044A136000BFBD465DF8047B18
:10C7F000704700BFF80100107044011080B400AF12
:10C80000034B1B681846BD465DF8047B704700BFAC
:10C810007044011080B584B000AF7860FFF7EEFF80
:10C82000B8607B68FB60FB68B3F1FF3F05D00A4B43
:10C830001B781A46FB681344FB6000BFFFF7DEFF5E
:10C840000246BB68D31AFA689A42F7D800BF00BF05
:10C850001037BD4680BD00BFF801001080B483B022
:10C8600000AF7860064B5B6823F4600204497B6884
:10C8700013434B6000BF0C37BD465DF8047B704727
:10C880000004005880B485B000AF78607B6803F086
:10C890000703FB600C4BDB68BB60BA684FF6FF0315
:10C8A0001340BB60FB681A02BB68134343F0BF63CD
:10C8B00043F40033BB60044ABB68D36000BF143745
:10C8C000BD465DF8047B704700ED00E080B400AF2A
:10C8D000044BDB681B0A03F007031846BD465DF8EE
:10C8E000047B704700ED00E080B483B000AF0346E6
:10C8F0003960FB80B7F90630002B0ADB3B68DAB2FF
:10C900000C49B7F906301201D2B20B4483F8002368
:10C910000AE03B68DAB20849FB8803F00F03043BE6
:10C920001201D2B20B441A7600BF0C37BD465DF837
:10C93000047B704700E100E000ED00E080B489B0C6
:10C9400000AFF860B9607A60FB6803F00703FB6131
:10C95000FB69C3F10703042B28BF0423BB61FB69F8
:10C960000433062B02D9FB69033B00E000237B6103
:10C970004FF0FF32BB6902FA03F3DA43BB681A4097
:10C980007B699A404FF0FF317B6901FA03F3D94389
:10C990007B680B40134318462437BD465DF8047B83
:10C9A0007047000080B582B000AF78607B68013BC3
:10C9B000B3F1807F01D301230FE00A4A7B68013B7A
:10C9C00053600F214FF0FF30FFF78EFF054B002221
:10C9D0009A60044B07221A60002318460837BD46A8
:10C9E00080BD00BF10E000E080B582B000AF78608D
:10C9F0007868FFF747FF00BF0837BD4680BD80B5A8
:10CA000086B000AF0346B9607A60FB81FFF75EFF36
:10CA100078617A68B9687869FFF790FF0246B7F9DC
:10CA20000E3011461846FFF75FFF00BF1837BD46AE
:10CA300080BD80B582B000AF78607868FFF7B2FF44
:10CA4000034618460837BD4680BD000080B400AFDD
:10CA5000064B1B6803F0F003702B01D1032300E0A9
:10CA600001231846BD465DF8047B704700ED00E0E9
:10CA700080B584B000AF78607B68002B01D10123C2
:10CA8000E7E07B68D3F88430002B06D17B68202256
:10CA9000C3F884207868FFF7C7FA704BD3F8F430F6
:10CAA0006E4A43F00203C2F8F4306C4BD3F8F43012
:10CAB00003F00203BB60BB687B681B7A002B03D1C9
:10CAC0000020FFF7CBFE03E04FF40000FFF7C6FEA7
:10CAD000634B5B687B681B6803F580531B687A684F
:10CAE000126843F0010302F580521360FFF786FEDF
:10CAF000F86011E0FFF782FE0246FB68D31AB3F537
:10CB0000FA7F09D97B680422C3F888207B68E02279
:10CB1000C3F8842001239CE07B681B6803F58053E5
:10CB20001B6803F00103002BE4D1786800F0B4FD2A
:10CB300001F046FF03464B4AA2FB03239A0C7B6895
:10CB40001B68013AC3F8DC20786800F097FF7B6827
:10CB50001B6803F58053D3F8003123F4E0137A689F
:10CB6000126843F4002302F58052C2F800317B685A
:10CB70005B6903F00303002B09D07B680122C3F833
:10CB800088207B68E022C3F88420012361E07B6871
:10CB90001B6803F58053D3F8083123F4FF4323F0D7
:10CBA0007E037A68526951007A6812680B4302F575
:10CBB0008052C2F80831786800F0FDFF786801F013
:10CBC00043F87B685B6805331B781A027B685B68F7
:10CBD00004331B7819467B681B680A43C3F800239B
:10CBE0007B685B6803331B781A067B685B680233DB
:10CBF0001B781B041A437B685B6801331B781B029C
:10CC00001A437B685B681B7819467B681B680A437C
:10CC1000C3F804237B681B68D3F80C177B681A6879
:10CC2000114B0B43C2F80C377B681B68D3F81037E5
:10CC30007A68126843F0426343F44043C2F8103705
:10CC40007B680022C3F888207B681022C3F8842008
:10CC5000002318461037BD4680BD00BF004402586F
:10CC60000004005883DE1B436000020C80B582B0D4
:10CC700000AF78607B68D3F88430102B53D17B6889
:10CC80002022C3F884207B680422DA66786800F0EA
:10CC9000F3F97B681B681A687B681B6842F0020224
:10CCA0001A607B681B681A687B681B6842F0010287
:10CCB0001A607B681B68D3F8002D7B681B6842F004
:10CCC0000102C3F8002D7B681B6803F58053D3F87D
:10CCD00004317A68126843F0010302F58052C2F809
:10CCE00004317B681B6803F58053D3F808317A68F8
:10CCF000126843F0010302F58052C2F808317B68E4
:10CD00001B6803F58053D3F860317A68126843F4E6
:10CD1000817302F58052C2F860317B684022C3F80B
:10CD20008420002300E0012318460837BD4680BD5B
:10CD300080B483B000AF78607B68D3F88430402B38
:10CD40003FD17B682022C3F884207B681B6803F5F1
:10CD50008053D3F804317A68126823F0010302F596
:10CD60008052C2F804317B681B6803F58053D3F806
:10CD700008317A68126823F0010302F58052C2F884
:10CD800008317B681B681A687B681B6822F0010207
:10CD90001A607B681B68D3F8002D7B681B6842F023
:10CDA0000102C3F8002D7B681B681A687B681B684A
:10CDB00022F002021A607B681022C3F8842000234C
:10CDC00000E0012318460C37BD465DF8047B704730
:10CDD00080B586B000AFF860B9607A60BB68002BA0
:10CDE00009D1FB68D3F8883043F00102FB68C3F82F
:10CDF000882001237FE0FB68D3F88430402B79D171
:10CE00000022B968F86800F07CFF0346002B09D0C7
:10CE1000FB68D3F8883043F00202FB68C3F888202F
:10CE2000012368E0BFF34F8F00BFFB689A6AFB687D
:10CE3000063253F822307B61FB689B6A5A1CFB6800
:10CE40009A62FB689B6A032B04D9FB689B6A1A1FD2
:10CE5000FB689A62FB68996AFB681A68FB6806318E
:10CE600053F8213002F58052C2F82031FFF7C6FC9A
:10CE7000386139E0FB681B6803F58053D3F86031F3
:10CE800003F48053002B12D0FB68D3F8883043F0B2
:10CE90000802FB68C3F88820FB681B6803F5805311
:10CEA000D3F86021FB68C3F88C20012323E07B6862
:10CEB000B3F1FF3F18D0FFF7A1FC02463B69D31A3C
:10CEC0007A689A4202D37B68002B0DD1FB68D3F8B5
:10CED000883043F00402FB68C3F888207B694FF078
:10CEE0004052DA60012306E07B69DB68002BC1DB7E
:10CEF000002300E0012318461837BD4680BD80B5E9
:10CF000088B000AF7860396000237B610023FB7438
:10CF10003B68002B09D17B68D3F8883043F00102CD
:10CF20007B68C3F888200123A2E07B68D3F88430B3
:10CF3000402B01D001239BE07B68DB6DFB617B68AC
:10CF4000FA69123253F82230BB617B68DB6EC3F1A1
:10CF50000403FB6064E0BB69DB6803F08043002BE3
:10CF600007D0BB695A687B689A67BB691A687B6897
:10CF70005A67BB69DB6803F00053002B03D17B6861
:10CF8000DB6F002B3AD0BB69DB6803F00053002B4A
:10CF900005D07B6800221A667B6800225A66BB694E
:10CFA000DB68C3F30E027B685B6ED31ABB60BB69A0
:10CFB000DB6803F08053002B05D0BB69DA687B681F
:10CFC0001A670123FB747B6803F17C007B6803F123
:10CFD0008001BB691B691A46BB689BB2FFF7DAF98F
:10CFE0007B681B6E5A1C7B681A667B685A6EBB682E
:10CFF0001A447B685A66BB6900221A61FB690133D7
:10D00000FB61FB69032B02D9FB69043BFB617B6875
:10D01000FA69123253F82230BB617B6901337B61BC
:10D02000BB69DB68002B06DB7A69FB689A4202D297
:10D03000FB7C002B8FD07B68DA6E7B691A447B689F
:10D04000DA667B68DB6E002B02D0786800F014F89B
:10D050007B68FA69DA65FB7C012B08D17B68DA6FA3
:10D060003B681A607B680022DA67002300E0012336
:10D0700018462037BD4680BD80B588B000AF7860C7
:10D080000023BB600123FB747B689B6EFB617B68A4
:10D09000FA69123253F822307B617B68DB6EBB6128
:10D0A00038E07B691B69002B12D107F10803184691
:10D0B000FFF740F9BB68002B02D10023FB7407E0A7
:10D0C000BB681A467B691A61BB681A467B691A609D
:10D0D000FB7C002B1ED07B689B6D002B04D07B69F2
:10D0E0004FF04142DA6003E07B694FF00142DA60C1
:10D0F000FB690133FB61FB69032B02D9FB69043B2C
:10D10000FB617B68FA69123253F822307B61BB699C
:10D11000013BBB61BB69002B02D0FB7C002BC0D163
:10D120007B68DB6EBA699A421BD0FB69033303F05C
:10D130000303FB60BFF35F8F00BF7B681969FA6868
:10D1400013465B001344DB00CA187B681B6803F5B9
:10D150008053C3F828217B68FA699A667B68BA69AC
:10D16000DA6600BF2037BD4680BD80B586B000AF0F
:10D17000F860B9607A603B60FB681B68D3F80032E6
:10D1800003F00103002B01D001233EE0FB681B6884
:10D19000D3F800327B617B6923F07872BB685B0552
:10D1A00013437B617B6923F4F8127B681B041343F0
:10D1B0007B617B6943F00C037B617B6943F0010376
:10D1C0007B61FB681B687A69C3F80022FFF716FBD6
:10D1D000386109E0FFF712FB02463B69D31AB3F549
:10D1E0007A7F01D9012310E0FB681B68D3F8003275
:10D1F00003F00103002BEDD1FB681B68D3F8043268
:10D200009BB21A463B681A60002318461837BD4681
:10D2100080BD000080B586B000AFF860B9607A606C
:10D220003B60FB681B68D3F8003203F00103002B5E
:10D2300001D001233CE0FB681B68D3F800327B611E
:10D240007B6923F07872BB685B0513437B617B6964
:10D2500023F4F8127B681B0413437B617B6923F082
:10D260000C0343F004037B617B6943F001037B61A2
:10D270003B689AB2104BC3F804220F4A7B69C2F88C
:10D280000032FFF7BBFA386109E0FFF7B7FA024650
:10D290003B69D31AB3F57A7F01D9012308E0FB6813
:10D2A0001B68D3F8003203F00103002BEDD10023FB
:10D2B00018461837BD4680BD0080024080B483B058
:10D2C00000AF786039603B68002B01D10123C3E1D6
:10D2D0007B681B681B6803F00C023B68DA627B68A2
:10D2E0001B681B6803F01003002B14BF01230023ED
:10D2F000DBB21A463B6883F828207B681B681B68F2
:10D3000003F060023B685A627B681B681B6803F489
:10D310008073002B0CBF01230023DBB21A463B684D
:10D3200083F820207B681B681B6803F40073002BC4
:10D3300014BF01230023DBB21A463B68DA777B680F
:10D340001B681B6803F48063002B0CBF01230023C0
:10D35000DBB21A463B689A777B681B681B6803F44C
:10D360000063002B14BF01230023DBB21A463B6885
:10D370005A777B681B681B6803F48053002B14BF2B
:10D3800001230023DBB21A463B681A777B681B68CF
:10D390001B6803F400523B689A617B681B681B683A
:10D3A00003F480423B685A617B681B681B6803F486
:10D3B0008033002B14BF01230023DBB21A463B68E5
:10D3C0009A747B681B681B6803F40033002B0CBF46
:10D3D00001230023DBB21A463B685A747B681B6842
:10D3E0001B6803F40023002B0CBF01230023DBB2D6
:10D3F0001A463B681A747B681B681B6803F4801329
:10D40000002B14BF01230023DBB21A463B68DA73FA
:10D410007B681B681B6803F40013002B14BF0123F7
:10D420000023DBB21A463B689A737B681B681B6853
:10D4300003F48003002B14BF01230023DBB21A4640
:10D440003B685A737B681B681B6803F40003002B5E
:10D4500014BF01230023DBB21A463B681A737B68B2
:10D460001B681B6803F0E0623B689A607B681B687E
:10D470001B6803F00063002B14BF01230023DBB201
:10D480001A463B681A717B681B681B6803F0E04210
:10D490003B681A607B681B685B68C3F30D023B68DE
:10D4A0005A637B681B685B6803F48033002B0CBFF6
:10D4B00001230023DBB21A463B6883F832207B68E5
:10D4C0001B685B6803F40033002B14BF01230023A7
:10D4D000DBB21A463B6883F831207B681B685B68C7
:10D4E00003F48023002B14BF01230023DBB21A4670
:10D4F0003B6883F830207B681B685B6803F08073AF
:10D50000002B14BF01230023DBB21A463B6883F8CB
:10D5100038207B681B685B685B0E03F01F023B686A
:10D52000DA637B681B68DB6803F48073002B14BF2D
:10D5300001230023DBB21A463B6883F840207B6856
:10D540001B68DB6803F00F023B685A647B681B684A
:10D550001B6F03F00203002B14BF01230023DBB277
:10D560001A463B6883F854207B681B681B6F03F0E6
:10D570008003002B0CBF01230023DBB21A463B685B
:10D5800083F84C207B681B681B6F03F070023B68BC
:10D590001A657B681B681B6F1B0C9AB23B689A6408
:10D5A0007B681B68D3F8903003F00103002B14BF95
:10D5B00001230023DBB21A463B6883F856207B68C0
:10D5C0001B68D3F8903003F00203002B14BF012333
:10D5D0000023DBB21A463B6883F855207B681B6842
:10D5E000D3F8003D03F072023B689A657B681B68C4
:10D5F000D3F8303D03F023023B68DA657B681B6893
:10D60000D3F8303D03F00803002B14BF012300239F
:10D61000DBB21A463B6883F862207B681B68D3F84C
:10D62000303D03F01003002B14BF01230023DBB2B5
:10D630001A463B6883F861207B681B68D3F8303D4D
:10D6400003F04003002B0CBF01230023DBB21A467A
:10D650003B6883F86020002318460C37BD465DF810
:10D66000047B704780B582B000AF786039603B685A
:10D67000002B01D101230BE07B68D3F88430102B01
:10D6800005D13968786800F057F8002300E00123DD
:10D6900018460837BD4680BD80B584B000AF7860BD
:10D6A0007B681B68D3F80032FB60FB6823F470636F
:10D6B000FB6001F085F9B860BB681A4A934204D850
:10D6C000FB6843F40073FB6022E0BB68164A934298
:10D6D00004D2FB6843F44073FB6019E0BB68134A53
:10D6E000934215D9BB68124A934204D8FB6843F4AD
:10D6F0008073FB600CE0BB680E4A934204D8FB6861
:10D7000043F48063FB6003E0FB6843F4A063FB60C9
:10D710007B681B68FA68C3F8002200BF1037BD465B
:10D7200080BD00BFBF0E160200879303FFE0F50522
:10D730007FD1F0087FB2E60E80B485B000AF78608C
:10D7400039603B689A683B681B681A433B681B79E1
:10D75000DB061A433B681B7BDB051A433B685B7B9C
:10D760009B051A433B689B7B5B051A433B68DB7B4D
:10D770001B0513433A68127C002A02D14FF40022A1
:10D7800000E0002213433A68527C002A02D14FF491
:10D79000003200E000221A433B689B7C1B041A43C2
:10D7A0003B685B691A433B689B691A433B681B7F74
:10D7B0001B031A433B685B7FDB0213433A68927F8B
:10D7C000002A02D14FF4806200E000221A433B6835
:10D7D000DB7F5B0213433A6892F82020002A02D1D3
:10D7E0004FF4807200E000221A433B685B6A1A43E0
:10D7F0003B6893F828301B011A433B68DB6A1343EC
:10D80000FB607B681B681A68574B13407A68126884
:10D81000F9680B4313603B68DB6B5A063B6893F86F
:10D8200038301B061A433B6893F830309B041A4388
:10D830003B6893F831305B0413433A6892F8322026
:10D84000002A02D14FF4803200E000221A433B68E4
:10D850005B6B1343FB607B681B685A68434B134048
:10D860007A681268F9680B4353603B6893F840305C
:10D870001A023B685B6C1343FB607B681B68DB68C8
:10D8800023F4877323F001037A681268F9680B4365
:10D89000D3603B6893F854305A003B681B6D1343C8
:10D8A0003A6892F84C20002A01D1802200E0002240
:10D8B0001A433B689B6C1B041343FB607B681B682B
:10D8C0001A6F4FF60D7313407A681268F9680B43AC
:10D8D00013673B6893F856301A463B6893F8553007
:10D8E0005B001343FB607B681B68D3F8903023F028
:10D8F00003017B681B68FA680A43C3F890207B68C1
:10D900001B68D3F8003D23F072013B689A6D7B6879
:10D910001B680A43C3F8002D3B68DB6D3A6892F838
:10D920006020002A01D1402200E000221A433B6817
:10D9300093F861301B011A433B6893F86230DB00B7
:10D940001343FB607B681B68D3F8303D23F07B01F9
:10D950007B681B68FA680A43C3F8302D00BF143790
:10D96000BD465DF8047B7047838004000080F8C0EA
:10D9700080B485B000AF786039607B681B6803F5C0
:10D9800080531B6823F4F04323F002033A681168C4
:10D990007A6812680B4302F5805213603B681B796A
:10D9A0001A033B689B681A433B681B7BDB031343EA
:10D9B000FB607B681B6803F580535B6823F450436E
:10D9C00023F001037A681268F9680B4302F580526C
:10D9D00053603B685B7B1A043B681B6A1343FB6024
:10D9E0007B681B6803F58053D3F80021214B13405B
:10D9F0007A681268F9680B4302F58052C2F8003168
:10DA00003B681A693B681B7D1B011A433B685B7FBF
:10DA10001B031343FB607B681B6803F58053D3F83B
:10DA20000421154B13407A681268F9680B4302F51C
:10DA30008052C2F804313B681B7FDA073B689B6960
:10DA40001343FB607B681B6803F58053D3F80831F0
:10DA500023F0004323F47C137A681268F9680B43BF
:10DA600002F58052C2F8083100BF1437BD465DF898
:10DA7000047B704700C0FEFFEFEFC0FF80B5A4B08D
:10DA800000AF7860012387F83B3000233B6500231B
:10DA900087F84930002387F84B30012387F830306E
:10DAA000012387F85E30012387F83A30002387F896
:10DAB0005430012387F88C304FF400537B640023EB
:10DAC00087F864300023BB66002387F88D3000237D
:10DAD00087F88E304FF4C3633B66002387F83830F5
:10DAE00000237B63012387F83D30002387F83E3015
:10DAF000002387F848300023FB6700237B6700235F
:10DB0000BB65002387F86C30002387F8823001233F
:10DB100087F84A302023C7F88830012387F84C3033
:10DB2000002387F85D304FF04053FB624FF4804391
:10DB30003B64002387F839300223C7F88430002380
:10DB400087F88030002387F88130002387F85C3025
:10DB5000012387F83C3000233B67012387F87830A6
:10DB600007F12C0319467868FFF7E6FD01233B73A4
:10DB700001233B610023BB60002387F8243000238E
:10DB80007B7500233B754FF400133B6200233B770A
:10DB90004FF40013BB61002387F825304FF4067360
:10DBA000BB6207F1080319467868FFF7E1FE00BF82
:10DBB0009037BD4680BD80B485B000AF786000234B
:10DBC000FB601DE07B68D968FA6813465B0013446C
:10DBD000DB000B44BB60BB6800221A60BB680022FC
:10DBE0005A60BB6800229A60BB680022DA60B9689C
:10DBF0007B68FA68063243F82210FB680133FB6049
:10DC0000FB68032BDED97B6800229A627B681B6865
:10DC100003F580531A460323C2F82C317B68DA6877
:10DC20007B681B6803F58053C3F814217B68DA68AE
:10DC30007B681B6803F58053C3F8202100BF1437AD
:10DC4000BD465DF8047B704780B485B000AF786056
:10DC50000023FB6023E07B681969FA6813465B00C8
:10DC60001344DB000B44BB60BB6800221A60BB6836
:10DC700000225A60BB6800229A60BB680022DA600A
:10DC8000BB6800221A61BB6800225A61B9687B68D0
:10DC9000FA68123243F82210FB680133FB60FB681C
:10DCA000032BD8D97B680022DA657B6800221A66CC
:10DCB0007B6800229A667B680022DA667B68002215
:10DCC0009A657B681B6803F580531A460323C2F8E4
:10DCD00030317B681A697B681B6803F58053C3F891
:10DCE0001C217B681B6903F148027B681B6803F5F4
:10DCF0008053C3F8282100BF1437BD465DF8047B6C
:10DD0000704780B491B000AFF860B9607A60FB688A
:10DD100018337B627B6A1B69FB637B6A1B693B620E
:10DD200000237B637B6AFA6B53F822303B63BB684A
:10DD30009B68FB620023BB623B6BDB6803F0004324
:10DD4000B3F1004F07D07A6AFB6B04339B00134496
:10DD50005B68002B01D0022367E2BB681B6803F0FD
:10DD60000403002B44D03B6BDB681B0C1B04BA681C
:10DD7000526A1A433B6BDA603B6BDB6843F48032D8
:10DD80003B6BDA60FB681B681A6EFB681B6842F429
:10DD900080121A66BB681B6803F00803002B27D0AB
:10DDA0003B6B9B689AB2BB68DB6A1B041A433B6BF4
:10DDB0009A603B6BDB6843F400323B6BDA603B6B91
:10DDC000DB6823F44022BB681B6B1A433B6BDA60B1
:10DDD000FB681B685A6EFB681B6842F480125A6627
:10DDE000FB681B681A6DFB681B6842F080621A654D
:10DDF000BB681B6803F01003002B10D03B6B9B68C3
:10DE000023F47F5323F03F03BA6892691A433B6BB4
:10DE10009A603B6BDB6843F080623B6BDA60BB6807
:10DE20001B6803F00403002B05D1BB681B6803F0DB
:10DE30001003002B36D03B6BDB6843F080423B6B1A
:10DE4000DA60BFF35F8F00BF3B6BDB6843F00042DB
:10DE50003B6BDA60FB6B0133FB63FB6B032B02D97B
:10DE6000FB6B043BFB637B6AFA6B53F822303B632A
:10DE70007B6B01337B633B6BDB6803F00043B3F1E7
:10DE8000004F0FD17B6A3A6A53F822303B63BFF3ED
:10DE90005F8F00BF3B6BDB6823F000423B6BDA60B7
:10DEA0000223C2E17B6B01337B63FB6A1B681A466A
:10DEB0003B6B1A603B6B9B6823F47F5323F03F035B
:10DEC000FA6A52681A433B6B9A60FB6A9B68002BA4
:10DED00014D0FB6A9B68FB62FB6A1B681A463B6BAB
:10DEE0005A603B6B9B6823F07F5323F47C13FA6AE0
:10DEF000526812041A433B6B9A600AE03B6B0022A3
:10DF00005A603B6B9B6823F07F5323F47C133A6B7E
:10DF10009360BB681B6803F01003002B19D03B6BA8
:10DF2000DB6823F4F002BB681B6ADB041A433B6B1B
:10DF3000DA603B6BDB689B0C9B04BA68D2691A43BE
:10DF40003B6BDA603B6BDB6843F480223B6BDA604F
:10DF500028E03B6BDB6823F4FF4323F07F03BA68C0
:10DF600052681A433B6BDA60BB681B6803F001031D
:10DF7000002B08D03B6BDB6823F44032BB685B6945
:10DF80001A433B6BDA60BB681B6803F02003002B6D
:10DF900008D03B6BDB6823F04062BB681B691A4307
:10DFA0003B6BDA60BB681B6803F00403002B08D0EE
:10DFB0003B6B9B6823F44042BB689B6A1A433B6BF4
:10DFC0009A603B6BDB6843F000523B6BDA603B6B63
:10DFD000DB6823F080423B6BDA60BFF35F8F00BFEA
:10DFE0003B6BDB6843F000423B6BDA60BB681B684D
:10DFF00003F00203002B00F0D9803B6BDB6823F0B9
:10E000006072BB68DB681A433B6BDA60CEE03B6B47
:10E01000DB6823F080523B6BDA60FB6B0133FB6300
:10E02000FB6B032B02D9FB6B043BFB637B6AFA6B34
:10E0300053F822303B633B6BDB6823F000523B6BB1
:10E04000DA603B6BDB6803F00043B3F1004F07D0AD
:10E050007A6AFB6B04339B0013445B68002B29D066
:10E060003B6AFB637B6AFA6B53F822303B63002305
:10E07000BB6319E0BFF35F8F00BF3B6BDB6823F02E
:10E0800000423B6BDA60FB6B0133FB63FB6B032BE2
:10E0900002D9FB6B043BFB637B6AFA6B53F82230BB
:10E0A0003B63BB6B0133BB63BA6B7B6B9A42E1D3BF
:10E0B0000223BAE07B6B01337B63FB6A9B68FB62E4
:10E0C000FB6A1B681A463B6B1A603B6B9B6823F428
:10E0D0007F5323F03F03FA6A52681A433B6B9A60FE
:10E0E000FB6A9B68002B14D0FB6A9B68FB62FB6A8F
:10E0F0001B681A463B6B5A603B6B9B6823F07F534F
:10E1000023F47C13FA6A526812041A433B6B9A6038
:10E110000AE03B6B00225A603B6B9B6823F07F5305
:10E1200023F47C133A6B9360BB681B6803F0100305
:10E13000002B0FD03B6BDB689B0C9B04BA68D26949
:10E140001A433B6BDA603B6BDB6843F480223B6B2A
:10E15000DA6019E03B6BDB6823F4FF4323F07F03B5
:10E16000BA6852681A433B6BDA60BB681B6803F0FD
:10E170000103002B08D03B6BDB6823F44032BB6803
:10E180005B691A433B6BDA60BB6A0133BB62BFF366
:10E190005F8F00BF3B6BDB6843F000423B6BDA6094
:10E1A0003B6BDB6823F080423B6BDA60FB6A9B6869
:10E1B000002B7FF42CAF7B68002B06D03B6B9B6859
:10E1C00043F000423B6B9A6005E03B6B9B6823F099
:10E1D00000423B6B9A603B6BDB6843F080523B6BC9
:10E1E000DA607B6A5A6A796AFB6B04339B000B44E2
:10E1F0005A607B6AFA6B1A61EFF31083BB61BB69EB
:10E20000FB6101237B617B6983F3108800BF7B6A1C
:10E210009A6ABB6A13445A1C7B6A9A62FB693B6127
:10E220003B6983F3108800BF002318464437BD467E
:10E230005DF8047B7047000080B489B000AF78605F
:10E2400039600023FB61894B7B6194E13B681A686C
:10E250000121FB6901FA03F313403B613B69002B89
:10E2600000F086813B685B6803F00303012B05D057
:10E270003B685B6803F00303022B30D17B689B682B
:10E28000BB61FB695B00032202FA03F3DB43BA695B
:10E290001340BB613B68DA68FB695B0002FA03F379
:10E2A000BA691343BB617B68BA699A607B685B6833
:10E2B000BB610122FB6902FA03F3DB43BA69134035
:10E2C000BB613B685B681B0903F00102FB6902FA52
:10E2D00003F3BA691343BB617B68BA695A603B6850
:10E2E0005B6803F00303032B17D07B68DB68BB611B
:10E2F000FB695B00032202FA03F3DB43BA691340B4
:10E30000BB613B689A68FB695B0002FA03F3BA6978
:10E310001343BB617B68BA69DA603B685B6803F0F2
:10E320000303022B23D1FB69DA087B68083253F818
:10E330002230BB61FB6903F007039B000F2202FA46
:10E3400003F3DB43BA691340BB613B681A69FB699D
:10E3500003F007039B0002FA03F3BA691343BB619E
:10E36000FB69DA087B680832B96943F822107B68D8
:10E370001B68BB61FB695B00032202FA03F3DB430A
:10E38000BA691340BB613B685B6803F00302FB6939
:10E390005B0002FA03F3BA691343BB617B68BA6995
:10E3A0001A603B685B6803F44033002B00F0E080A8
:10E3B0002F4BD3F8F4302E4A43F00203C2F8F43066
:10E3C0002B4BD3F8F43003F00203FB60FB68294ABF
:10E3D000FB699B08023352F82330BB61FB6903F0F1
:10E3E00003039B000F2202FA03F3DB43BA691340D5
:10E3F000BB617B68204A934252D07B681F4A93429C
:10E4000031D07B681E4A93422BD07B681D4A9342D1
:10E4100025D07B681C4A93421FD07B681B4A9342DD
:10E4200019D07B681A4A934213D07B68194A9342E9
:10E430000DD07B68184A934207D07B68174A9342F5
:10E4400001D109232DE00A232BE0082329E007232B
:10E4500027E0062325E0052323E0042321E003230E
:10E460001FE002231DE001231BE000BFC000005895
:10E4700000440258000400580000025800040258EA
:10E4800000080258000C02580010025800140258EC
:10E4900000180258001C025800200258002402589C
:10E4A0000023FA6902F0030292009340BA69134311
:10E4B000BB613849FB699B080233BA6941F82320E4
:10E4C0004FF0B0431B68BB613B69DB43BA69134043
:10E4D000BB613B685B6803F48013002B03D0BA690F
:10E4E0003B691343BB614FF0B042BB6913604FF00F
:10E4F000B0435B68BB613B69DB43BA691340BB61F6
:10E500003B685B6803F40013002B03D0BA693B69D6
:10E510001343BB614FF0B042BB6953607B695B68DA
:10E52000BB613B69DB43BA691340BB613B685B6815
:10E5300003F40033002B03D0BA693B691343BB617A
:10E540007B69BA695A607B691B68BB613B69DB43C5
:10E55000BA691340BB613B685B6803F48033002BEE
:10E5600003D0BA693B691343BB617B69BA691A601E
:10E57000FB690133FB613B681A68FB6922FA03F30C
:10E58000002B7FF463AE00BF00BF2437BD465DF8AB
:10E59000047B70470004005880B483B000AF7860FB
:10E5A000054B1A6804497B6813430B6000BF0C37A6
:10E5B000BD465DF8047B70471065025880B584B095
:10E5C00000AFF8600B467A60FB72374B1B6823F094
:10E5D00001023549FB6813430B607B68002B23D194
:10E5E000FEF734FA0346032B58D12F4B1B692E4AF2
:10E5F00023F0010313612D4B1B692C4A43F00403E4
:10E600001361BFF34F8F00BFBFF36F8F00BFFB7A63
:10E61000012B01D130BF00E020BF244B1B69234AEE
:10E6200023F0040313613CE07B68012B23D1FEF748
:10E630000DFA0346012B33D11B4B5B691A4A23F0B9
:10E6400002035361194B1B69184A43F00403136119
:10E65000BFF34F8F00BFBFF36F8F00BFFB7A012B5B
:10E6600001D130BF00E020BF104B1B690F4A23F0DF
:10E670000403136115E0FEF7E9F90346032B06D105
:10E68000094B1B69084A23F00403136109E0064B98
:10E690005B69054A23F00403536102E000BF00E018
:10E6A00000BF1037BD4680BD0048025800ED00E0B5
:10E6B00080B500AFFEF7CAF90346032B01D120BF96
:10E6C00001E040BF20BF00BF80BD000080B489B022
:10E6D00000AFB34B1B6903F03803182B00F25581D0
:10E6E00001A252F823F000BF4DE710088BE9100893
:10E6F0008BE910088BE910088BE910088BE91008EA
:10E700008BE910088BE9100873E710088BE91008F3
:10E710008BE910088BE910088BE910088BE91008C9
:10E720008BE910088BE9100879E710088BE91008CD
:10E730008BE910088BE910088BE910088BE91008A9
:10E740008BE910088BE910087FE71008944B1B68D1
:10E7500003F02003002B09D0914B1B68DB0803F06A
:10E760000303904A22FA03F3BB6111E18D4BBB61B5
:10E770000EE18D4BBB610BE18C4BBB6108E1884B1B
:10E780009B6A03F003037B61854B9B6A1B0903F0C3
:10E790003F033B61824BDB6A03F00103FB60804B6C
:10E7A0005B6BDB08C3F30C03FA6802FB03F307EEB1
:10E7B000903AF8EE677AC7ED027A3B69002B00F0D9
:10E7C000E1807B69022B00F083807B69022B00F2E1
:10E7D000A1807B69002B03D07B69012B56D099E087
:10E7E0006F4B1B6803F02003002B2DD06C4B1B6874
:10E7F000DB0803F003036B4A22FA03F37B607B68B8
:10E8000007EE903AF8EE676A3B6907EE903AF8EE49
:10E81000677A86EEA77A624B1B6BC3F3080307EE99
:10E82000903AF8EE676A97ED026ADFED615AC6EE3C
:10E83000257A76EEA77AF7EE006A77EEA67A67EE8B
:10E84000277AC7ED077A87E03B6907EE903AF8EE42
:10E85000677ADFED586A86EEA77A514B1B6BC3F3DC
:10E86000080307EE903AF8EE676A97ED026ADFED6B
:10E87000505AC6EE257A76EEA77AF7EE006A77EE62
:10E88000A67A67EE277AC7ED077A65E03B6907EE5F
:10E89000903AF8EE677ADFED486A86EEA77A404B49
:10E8A0001B6BC3F3080307EE903AF8EE676A97ED27
:10E8B000026ADFED3F5AC6EE257A76EEA77AF7EECA
:10E8C000006A77EEA67A67EE277AC7ED077A43E00B
:10E8D0003B6907EE903AF8EE677ADFED386A86EE2C
:10E8E000A77A2F4B1B6BC3F3080307EE903AF8EEA1
:10E8F000676A97ED026ADFED2E5AC6EE257A76EE4C
:10E90000A77AF7EE006A77EEA67A67EE277AC7ED68
:10E91000077A21E03B6907EE903AF8EE677ADFED7F
:10E92000266A86EEA77A1E4B1B6BC3F3080307EE1D
:10E93000903AF8EE676A97ED026ADFED1D5AC6EE6F
:10E94000257A76EEA77AF7EE006A77EEA67A67EE7A
:10E95000277AC7ED077A00BF114B1B6B5B0A03F0E8
:10E960007F0301333B603B6807EE903AB8EE677A6D
:10E97000D7ED076AC6EE877AFCEEE77A17EE903A93
:10E98000BB6105E00023BB6102E0074BBB6100BF38
:10E99000BB6918462437BD465DF8047B704700BF4D
:10E9A000004402580090D00300093D0040787D01EA
:10E9B000000000460024744C0024744A20BCBE4B66
:10E9C00080B582B000AFFFF781FE0246114B9B6914
:10E9D0001B0A03F00F031049CB5C03F01F0322FA5C
:10E9E00003F37B600B4B9B6903F00F030A4AD35C74
:10E9F00003F01F037A6822FA03F3084A1360074BF7
:10EA00001B68074A1360054B1B6818460837BD464C
:10EA100080BD00BF0044025888FF1108F0010010BB
:10EA2000EC01001080B500AFFFF7CAFF0246064BAD
:10EA3000DB691B0903F007030449CB5C03F01F03E8
:10EA400022FA03F3184680BD0044025888FF1108DB
:10EA500080B500AFFFF7B4FF0246064BDB691B0A27
:10EA600003F007030449CB5C03F01F0322FA03F30E
:10EA7000184680BD0044025888FF11082DE9B04FA8
:10EA8000CCB000AFC7F81C01002387F82F3100235A
:10EA900087F82E31D7F81C31D3E9002302F0006447
:10EAA000002554EA050349D0D7F81C31DB6EB3F5D5
:10EAB000401F2FD0B3F5401F28D8B3F5001F1AD040
:10EAC000B3F5001F22D8002B03D0B3F5801F07D069
:10EAD0001CE0B84BDB6AB74A43F40033D3621AE058
:10EAE000D7F81C3108330221184601F0CFFC034649
:10EAF00087F82F310FE0D7F81C3128330221184650
:10EB000001F076FD034687F82F3104E0012387F8F2
:10EB10002F3100E000BF97F82F31002B0AD1A54B11
:10EB20001B6D23F44011D7F81C31DB6EA14A0B4357
:10EB3000136503E097F82F3187F82E31D7F81C3191
:10EB4000D3E9002302F480784FF0000958EA090362
:10EB500047D0D7F81C31DB6D042B2AD801A252F81C
:10EB600023F000BF79EB100887EB10089DEB10082D
:10EB7000BBEB1008BBEB10088E4BDB6A8D4A43F4ED
:10EB80000033D3621AE0D7F81C310833002118464D
:10EB900001F07CFC034687F82F310FE0D7F81C31D9
:10EBA00028330021184601F023FD034687F82F3152
:10EBB00004E0012387F82F3100E000BF97F82F31E0
:10EBC000002B0AD17B4B1B6D23F00701D7F81C31BA
:10EBD000DB6D784A0B43136503E097F82F3187F814
:10EBE0002E31D7F81C31D3E9002302F4007A4FF01C
:10EBF000000B5AEA0B034CD0D7F81C311B6EB3F54F
:10EC0000807F30D0B3F5807F29D8C02B2DD0C02B8A
:10EC100025D8802B18D0802B21D8002B02D0402B58
:10EC200007D01CE0634BDB6A624A43F40033D362D3
:10EC30001CE0D7F81C3108330021184601F026FCEF
:10EC4000034687F82F3111E0D7F81C312833002113
:10EC5000184601F0CDFC034687F82F3106E001236A
:10EC600087F82F3102E000BF00E000BF97F82F3196
:10EC7000002B0AD14F4B1B6D23F4E071D7F81C31E8
:10EC80001B6E4C4A0B43136503E097F82F3187F84E
:10EC90002E31D7F81C31D3E9002302F48063C7F882
:10ECA00010310023C7F81431D7E944120B4613433F
:10ECB00053D0D7F81C31D3F8AC30B3F5000F35D0B2
:10ECC000B3F5000F2ED8B3F5C00F31D0B3F5C00F98
:10ECD00028D8B3F5800F1AD0B3F5800F22D8002BB7
:10ECE00003D0B3F5001F07D01CE0324BDB6A314A7A
:10ECF00043F40033D3621CE0D7F81C310833002101
:10ED0000184601F0C3FB034687F82F3111E0D7F80E
:10ED10001C3128330021184601F06AFC034687F8AD
:10ED20002F3106E0012387F82F3102E000BF00E019
:10ED300000BF97F82F31002B0BD11E4B9B6D23F496
:10ED40006001D7F81C31D3F8AC301A4A0B439365F5
:10ED500003E097F82F3187F82E31D7F81C31D3E92B
:10ED6000002302F40063C7F808310023C7F80C3110
:10ED7000D7E942120B46134356D0D7F81C31D3F8CB
:10ED8000B030B3F1806F38D0B3F1806F31D8B3F1C8
:10ED9000407F34D0B3F1407F2BD8B3F1007F1DD03A
:10EDA000B3F1007F25D8002B06D0B3F1807F0AD0C5
:10EDB0001FE000BF00440258A24BDB6AA14A43F4A3
:10EDC0000033D3621CE0D7F81C3108330021184609
:10EDD00001F05CFB034687F82F3111E0D7F81C31B6
:10EDE00028330021184601F003FC034687F82F3131
:10EDF00006E0012387F82F3102E000BF00E000BFEA
:10EE000097F82F31002B0BD18E4B9B6D23F0E061D7
:10EE1000D7F81C31D3F8B0308A4A0B43936503E02E
:10EE200097F82F3187F82E31D7F81C31D3E900231A
:10EE300002F00073C7F800310023C7F80431D7E9A6
:10EE400040120B4613433AD0D7F81C31DB6C302B01
:10EE50001FD0302B19D8202B0CD0202B15D8002BED
:10EE600019D0102B11D1774BDB6A764A43F400336B
:10EE7000D36211E0D7F81C3108330221184601F0A3
:10EE800005FB034687F82F3106E0012387F82F3171
:10EE900002E000BF00E000BF97F82F31002B0AD13D
:10EEA000684BDB6C23F03001D7F81C31DB6C654A12
:10EEB0000B43D36403E097F82F3187F82E31D7F84E
:10EEC0001C31D3E9002302F48053C7F8F830002343
:10EED000C7F8FC30D7E93E120B46134351D0D7F8A0
:10EEE0001C315B6EB3F5804F35D0B3F5804F2ED813
:10EEF000B3F5405F31D0B3F5405F28D8B3F5005F7C
:10EF00001AD0B3F5005F22D8002B03D0B3F5805F91
:10EF100007D01CE04B4BDB6A4A4A43F40033D36210
:10EF20001CE0D7F81C3108330021184601F0AEFA76
:10EF3000034687F82F3111E0D7F81C312833002120
:10EF4000184601F055FB034687F82F3106E00123F0
:10EF500087F82F3102E000BF00E000BF97F82F31A3
:10EF6000002B0AD1374B1B6D23F4E041D7F81C313D
:10EF70005B6E344A0B43136503E097F82F3187F833
:10EF80002E31D7F81C31D3E9002302F40053C7F81F
:10EF9000F0300023C7F8F430D7E93C120B46134396
:10EFA00056D0D7F81C319B6EB3F5A02F33D0B3F5F4
:10EFB000A02F2CD8B3F5802F2FD0B3F5802F26D8D3
:10EFC000B3F5403F2BD0B3F5403F20D8B3F5003F19
:10EFD00012D0B3F5003F1AD8002B22D0B3F5803FF2
:10EFE00015D1D7F81C3108330121184601F04EFA2B
:10EFF000034687F82F3115E0D7F81C31283301215B
:10F00000184601F0F5FA034687F82F310AE001238C
:10F0100087F82F3106E000BF04E000BF02E000BF28
:10F0200000E000BF97F82F31002B0DD1054B1B6D71
:10F0300023F4E021D7F81C319B6E024A0B43136581
:10F0400006E000BF0044025897F82F3187F82E31B0
:10F05000D7F81C31D3E9002302F48043C7F8E83025
:10F060000023C7F8EC30D7E93A120B46134355D0CA
:10F07000D7F81C31D3F8B430B3F1A04F33D0B3F18B
:10F08000A04F2CD8B3F1804F2FD0B3F1804F26D8AA
:10F09000B3F1405F2BD0B3F1405F20D8B3F1005FF4
:10F0A00012D0B3F1005F1AD8002B22D0B3F1805FE9
:10F0B00015D1D7F81C3108330121184601F0E6F9C3
:10F0C000034687F82F3115E0D7F81C31283301218A
:10F0D000184601F08DFA034687F82F310AE0012324
:10F0E00087F82F3106E000BF04E000BF02E000BF58
:10F0F00000E000BF97F82F31002B0BD1B74B9B6D71
:10F1000023F0E041D7F81C31D3F8B430B34A0B43B5
:10F11000936503E097F82F3187F82E31D7F81C312B
:10F12000D3E9002302F08063C7F8E0300023C7F87A
:10F13000E430D7E938120B4613432AD0D7F81C31F4
:10F140001B6D002B11D0B3F5807F0AD1D7F81C318D
:10F1500008330121184601F099F9034687F82F3149
:10F1600004E0012387F82F3100E000BF97F82F312A
:10F17000002B0AD1994BDB6C23F48071D7F81C313A
:10F180001B6D964A0B43D36403E097F82F3187F841
:10F190002E31D7F81C31D3E9002302F40043C7F81D
:10F1A000D8300023C7F8DC30D7E936120B461343BA
:10F1B00037D0D7F81C315B6FB3F1005F0ED0B3F1DD
:10F1C000005F16D8002B18D0B3F1805F11D1834BAC
:10F1D000DB6A824A43F40033D3620FE0D7F81C3174
:10F1E00008330121184601F051F9034687F82F3101
:10F1F00004E0012387F82F3100E000BF97F82F319A
:10F20000002B0AD1754B1B6D23F04051D7F81C31F0
:10F210005B6F724A0B43136503E097F82F3187F851
:10F220002E31D7F81C31D3E9002302F08073C7F8E0
:10F23000D0300023C7F8D430D7E934120B4613433B
:10F240003AD0D7F81C319B6C032B1DD801A252F881
:10F2500023F000BF91F2100865F2100873F2100855
:10F2600091F210085D4BDB6A5C4A43F40033D362D1
:10F270000FE0D7F81C3108330221184601F006F9D7
:10F28000034687F82F3104E0012387F82F3100E08F
:10F2900000BF97F82F31002B0AD1504BDB6C23F0C5
:10F2A0000301D7F81C319B6C4C4A0B43D36403E039
:10F2B00097F82F3187F82E31D7F81C31D3E9002386
:10F2C00002F48003C7F8C8300023C7F8CC30D7E970
:10F2D00032120B46134300F0A080414B1B68404A9A
:10F2E00043F480731360FDF789FAC7F828010BE037
:10F2F000FDF784FA0246D7F82831D31A642B03D9D4
:10F30000032387F82F3105E0354B1B6803F4807326
:10F31000002BEDD097F82F31002B7AD12F4B1A6F9D
:10F32000D7F81C31D3F8B830534003F44073002BA6
:10F3300015D02A4B1B6F23F44073C7F82431274B99
:10F340001B6F264A43F480331367244B1B6F234AF9
:10F3500023F480331367214AD7F824311367D7F891
:10F360001C31D3F8B830B3F5807F18D1FDF746FAD9
:10F37000C7F828010DE0FDF741FA0246D7F8283119
:10F38000D21A41F288339A4203D9032387F82F31E6
:10F3900005E0124B1B6F03F00203002BEBD097F834
:10F3A0002F31002B30D1D7F81C31D3F8B83003F40B
:10F3B0004073B3F5407F15D1084B1B6923F47C5192
:10F3C000D7F81C31D3F8B8301B0923F07F4323F062
:10F3D0003003024A0B4313610AE000BF00440258A5
:10F3E00000480258D44B1B69D34A23F47C53136161
:10F3F000D14B196FD7F81C31D3F8B830C3F30B03D6
:10F40000CD4A0B43136708E097F82F3187F82E3168
:10F4100003E097F82F3187F82E31D7F81C31D3E964
:10F42000002302F00103C7F8C0300023C7F8C4303E
:10F43000D7E930120B46134300F08B80D7F81C310C
:10F44000D3F88030282B6BD801A252F823F000BFEC
:10F4500029F5100821F5100821F5100821F51008EC
:10F4600021F5100821F5100821F5100821F51008E4
:10F47000F5F4100821F5100821F5100821F5100801
:10F4800021F5100821F5100821F5100821F51008C4
:10F490000BF5100821F5100821F5100821F51008CA
:10F4A00021F5100821F5100821F5100821F51008A4
:10F4B00029F5100821F5100821F5100821F510088C
:10F4C00021F5100821F5100821F5100821F5100884
:10F4D00029F5100821F5100821F5100821F510086C
:10F4E00021F5100821F5100821F5100821F5100864
:10F4F00029F51008D7F81C3108330121184600F00F
:10F50000C5FF034687F82F310FE0D7F81C312833A9
:10F510000121184601F06CF8034687F82F3104E00A
:10F52000012387F82F3100E000BF97F82F31002B1F
:10F530000BD1814B5B6D23F03801D7F81C31D3F828
:10F5400080307D4A0B43536503E097F82F3187F8ED
:10F550002E31D7F81C31D3E9002302F00203C7F89B
:10F56000B8300023C7F8BC30D7E92E120B4613433E
:10F5700042D0D7F81C31DB6F052B25D801A252F8F9
:10F5800023F000BFD1F510089DF51008B3F5100861
:10F59000D1F51008D1F51008D1F51008D7F81C31B5
:10F5A00008330121184600F071FF034687F82F3118
:10F5B0000FE0D7F81C3128330121184601F018F864
:10F5C000034687F82F3104E0012387F82F3100E04C
:10F5D00000BF97F82F31002B0AD1574B5B6D23F0FA
:10F5E0000701D7F81C31DB6F534A0B43536503E027
:10F5F00097F82F3187F82E31D7F81C31D3E9002343
:10F6000002F00403C7F8B0300023C7F8B430D7E9DC
:10F610002C120B46134344D0D7F81C31D3F8983042
:10F62000052B25D801A252F823F000BF79F6100867
:10F6300045F610085BF6100879F6100879F6100800
:10F6400079F61008D7F81C3108330121184600F06C
:10F650001DFF034687F82F310FE0D7F81C31283300
:10F660000121184600F0C4FF034687F82F3104E05B
:10F67000012387F82F3100E000BF97F82F31002BCE
:10F680000BD12D4B9B6D23F00701D7F81C31D3F81C
:10F690009830294A0B43936503E097F82F3187F898
:10F6A0002E31D7F81C31D3E9002302F02003C7F82C
:10F6B000A8300023C7F8AC30D7E92A120B46134311
:10F6C00057D0D7F81C31D3F89430B3F1A04F35D0D0
:10F6D000B3F1A04F2CD8B3F1804F31D0B3F1804FAC
:10F6E00026D8B3F1405F2DD0B3F1405F20D8B3F1FD
:10F6F000005F12D0B3F1005F1AD8002B24D0B3F111
:10F70000805F15D1D7F81C3108330021184600F06E
:10F71000BDFE034687F82F3117E0D7F81C31283398
:10F720000221184600F064FF034687F82F310CE0F1
:10F73000012387F82F3108E00044025800BF04E09D
:10F7400000BF02E000BF00E000BF97F82F31002BA0
:10F750000BD1C24B5B6D23F0E041D7F81C31D3F8DD
:10F760009430BE4A0B43536503E097F82F3187F876
:10F770002E31D7F81C31D3E9002302F04003C7F83B
:10F78000A0300023C7F8A430D7E928120B46134352
:10F7900055D0D7F81C31D3F8A030B3F5A05F33D0E3
:10F7A000B3F5A05F2CD8B3F5805F2FD0B3F5805FA1
:10F7B00026D8B3F5406F2BD0B3F5406F20D8B3F502
:10F7C000006F12D0B3F5006F1AD8002B22D0B3F51A
:10F7D000806F15D1D7F81C3108330021184600F08E
:10F7E00055FE034687F82F3115E0D7F81C31283332
:10F7F0000221184600F0FCFE034687F82F310AE08C
:10F80000012387F82F3106E000BF04E000BF02E0CB
:10F8100000BF00E000BF97F82F31002B0BD18F4BBA
:10F820009B6D23F4E051D7F81C31D3F8A0308B4AFC
:10F830000B43936503E097F82F3187F82E31D7F803
:10F840001C31D3E9002302F08003C7F8983000236D
:10F85000C7F89C30D7E926120B46134355D0D7F88A
:10F860001C31D3F8A430B3F5204F33D0B3F5204F7B
:10F870002CD8B3F5004F2FD0B3F5004F26D8B3F5F1
:10F88000C04F2BD0B3F5C04F20D8B3F5804F12D066
:10F89000B3F5804F1AD8002B22D0B3F5005F15D1F5
:10F8A000D7F81C3108330021184600F0EFFD03465D
:10F8B00087F82F3115E0D7F81C312833022118467C
:10F8C00000F096FE034687F82F310AE0012387F8FF
:10F8D0002F3106E000BF04E000BF02E000BF00E0FF
:10F8E00000BF97F82F31002B0BD15C4B9B6D23F49D
:10F8F0006041D7F81C31D3F8A430584A0B439365C4
:10F9000003E097F82F3187F82E31D7F81C31D3E96F
:10F91000002302F00803C7F890300023C7F89430A2
:10F92000D7E924120B4613431ED0D7F81C31D3F865
:10F930008830B3F5805F0CD1D7F81C312833022111
:10F94000184600F055FE0346002B02D0012387F82D
:10F950002E31424B5B6D23F44051D7F81C31D3F864
:10F9600088303E4A0B435365D7F81C31D3E9002356
:10F9700002F01003C7F888300023C7F88C30D7E9AD
:10F9800022120B4613431ED0D7F81C31D3F89C30FB
:10F99000B3F5807F0CD1D7F81C31283302211846EB
:10F9A00000F026FE0346002B02D0012387F82E31FB
:10F9B0002A4B9B6D23F44071D7F81C31D3F89C304F
:10F9C000264A0B439365D7F81C31D3E9002302F490
:10F9D0000023C7F880300023C7F88430D7E920120D
:10F9E0000B46134340D0D7F81C31D3F8A830B3F5F9
:10F9F000003F22D0B3F5003F1BD8002B03D0B3F556
:10FA0000803F0BD015E0D7F81C3108330021184691
:10FA100000F03CFD034687F82F310FE0D7F81C318A
:10FA200028330221184600F0E3FD034687F82F3102
:10FA300004E0012387F82F3100E000BF97F82F3151
:10FA4000002B0DD1054B9B6D23F44031D7F81C31B1
:10FA5000D3F8A830014A0B43936505E000440258EF
:10FA600097F82F3187F82E31D7F81C31D3E90023CE
:10FA700002F48023BB670023FB67D7E91E120B4605
:10FA800013433BD0D7F81C31D3F88C30B3F5401F6B
:10FA90001FD0B3F5401F18D8B3F5801F03D0B3F5BE
:10FAA000001F07D011E0644BDB6A634A43F4003364
:10FAB000D3620FE0D7F81C3128330121184600F03B
:10FAC00097FD034687F82F3104E0012387F82F3193
:10FAD00000E000BF97F82F31002B0BD1564B5B6D28
:10FAE00023F44011D7F81C31D3F88C30524A0B4321
:10FAF000536503E097F82F3187F82E31D7F81C3182
:10FB0000D3E9002302F480333B6700237B67D7E906
:10FB10001C120B46134331D0D7F81C315B6D002B00
:10FB200003D0B3F5803F07D011E0434BDB6A424A74
:10FB300043F40033D3620EE0D7F81C3108330221BE
:10FB4000184600F0A3FC034687F82F3103E0012399
:10FB500087F82F3100BF97F82F31002B0AD1364B91
:10FB6000DB6C23F48031D7F81C315B6D324A0B43D8
:10FB7000D36403E097F82F3187F82E31D7F81C3182
:10FB8000D3E9002302F00053BB660023FB66D7E9EC
:10FB90001A120B4613430CD0D7F81C31283302211C
:10FBA000184600F025FD0346002B02D0012387F8FC
:10FBB0002E31D7F81C31D3E9002302F400333B6621
:10FBC00000237B66D7E918120B4613433AD0D7F8C7
:10FBD0001C31D3F88430B3F5407F18D0B3F5407FA3
:10FBE00011D8B3F5007F14D0B3F5007F0BD8002BEC
:10FBF00011D0B3F5807F06D10F4BDB6A0E4A43F478
:10FC00000033D36208E0012387F82F3104E000BFFE
:10FC100002E000BF00E000BF97F82F31002B0DD1AC
:10FC2000054B5B6D23F44071D7F81C31D3F8843059
:10FC3000014A0B43536505E00044025897F82F3101
:10FC400087F82E31D7F81C31D3E9002302F4801352
:10FC5000BB650023FB65D7E916120B46134309D099
:10FC6000AA4B1B6D23F00041D7F81C319B6FA74AAC
:10FC70000B431365D7F81C31D3E9002302F08053FE
:10FC80003B6500237B65D7E914120B4613430AD06A
:10FC90009E4B1B6923F48041D7F81C31D3F8BC304C
:10FCA0009A4A0B431361D7F81C31D3E9002302F4BD
:10FCB0000013BB640023FB64D7E912120B46134305
:10FCC00009D0924B1B6D23F08071D7F81C311B6F4C
:10FCD0008E4A0B431365D7F81C31D3E9002302F099
:10FCE00080433B6400237B64D7E910120B46134327
:10FCF0000ED0864B1B69854A23F400431361834B66
:10FD00001969D7F81C31D3F8C030804A0B4313610E
:10FD1000D7F81C31D3E9002302F00043BB63002372
:10FD2000FB63D7E90E120B46134309D0774BDB6C0C
:10FD300023F04051D7F81C319B6D744A0B43D364B8
:10FD4000D7F81C31D3E9002302F400033B630023FE
:10FD50007B63D7E90C120B4613430AD06B4B5B6DE8
:10FD600023F44001D7F81C31D3F89030674A0B4395
:10FD70005365D7F81C31D3E900230021B96203F0A1
:10FD80000103FB62D7E90A120B46134311D0D7F8DF
:10FD90001C3108330021184600F078FB034687F831
:10FDA0002F3197F82F31002B03D097F82F3187F898
:10FDB0002E31D7F81C31D3E900230021396203F03A
:10FDC00002037B62D7E908120B46134311D0D7F820
:10FDD0001C3108330121184600F058FB034687F810
:10FDE0002F3197F82F31002B03D097F82F3187F858
:10FDF0002E31D7F81C31D3E900230021B96103F07B
:10FE00000403FB61D7E906120B46134311D0D7F860
:10FE10001C3108330221184600F038FB034687F8EE
:10FE20002F3197F82F31002B03D097F82F3187F817
:10FE30002E31D7F81C31D3E900230021396103F0BA
:10FE400008037B61D7E904120B46134311D0D7F89E
:10FE50001C3128330021184600F0CAFB034687F8FE
:10FE60002F3197F82F31002B03D097F82F3187F8D7
:10FE70002E31D7F81C31D3E900230021B96003F0FB
:10FE80001003FB60D7E902120B46134311D0D7F8D9
:10FE90001C3128330121184600F0AAFB034687F8DD
:10FEA0002F3197F82F31002B03D097F82F3187F897
:10FEB0002E31D7F81C31D3E900230021396003F03B
:10FEC00020037B60D7E900120B46134311D0D7F80B
:10FED0001C3128330221184600F08AFB034687F8BC
:10FEE0002F3197F82F31002B03D097F82F3187F857
:10FEF0002E3197F82E31002B01D1002300E0012391
:10FF0000184607F59877BD46BDE8B08F0044025803
:10FF100080B500AFFEF754FD0246064B1B6A1B0975
:10FF200003F007030449CB5C03F01F0322FA03F339
:10FF3000184680BD0044025888FF110880B489B07B
:10FF400000AF7860A14B9B6A03F00303BB619F4B3A
:10FF50009B6A1B0B03F03F037B619C4BDB6A1B0915
:10FF600003F001033B61994BDB6BDB08C3F30C032C
:10FF70003A6902FB03F307EE903AF8EE677AC7EDB1
:10FF8000037A7B69002B00F01181BB69022B00F022
:10FF90008380BB69022B00F2A180BB69002B03D0D8
:10FFA000BB69012B56D099E0884B1B6803F02003F6
:10FFB000002B2DD0854B1B68DB0803F00303844A1C
:10FFC00022FA03F3BB60BB6807EE903AF8EE676A6B
:10FFD0007B6907EE903AF8EE677A86EEA77A7B4B5C
:10FFE0009B6BC3F3080307EE903AF8EE676A97ED50
:10FFF000036ADFED785AC6EE257A76EEA77AF7EE39
:020000040811E1
:10000000006A77EEA67A67EE277AC7ED077A87E06F
:100010007B6907EE903AF8EE677ADFED6F6A86EE5D
:10002000A77A6A4B9B6BC3F3080307EE903AF8EE8E
:10003000676A97ED036ADFED675AC6EE257A76EEBA
:10004000A77AF7EE006A77EEA67A67EE277AC7ED11
:10005000077A65E07B6907EE903AF8EE677ADFEDA4
:100060005F6A86EEA77A594B9B6BC3F3080307EED2
:10007000903AF8EE676A97ED036ADFED565AC6EEDE
:10008000257A76EEA77AF7EE006A77EEA67A67EE23
:10009000277AC7ED077A43E07B6907EE903AF8EEDE
:1000A000677ADFED4F6A86EEA77A484B9B6BC3F306
:1000B000080307EE903AF8EE676A97ED036ADFED02
:1000C000455AC6EE257A76EEA77AF7EE006A77EE05
:1000D000A67A67EE277AC7ED077A21E07B6907EEFB
:1000E000903AF8EE677ADFED3D6A86EEA77A374BF5
:1000F0009B6BC3F3080307EE903AF8EE676A97ED3F
:10010000036ADFED345AC6EE257A76EEA77AF7EE6B
:10011000006A77EEA67A67EE277AC7ED077A00BF06
:100120002A4B9B6B5B0A03F07F0307EE903AF8EED5
:10013000677AB7EE007A37EE877AD7ED076AC6EEB0
:10014000877AFCEEE77A17EE902A7B681A601F4BDD
:100150009B6B1B0C03F07F0307EE903AF8EE677A77
:10016000B7EE007A37EE877AD7ED076AC6EE877A60
:10017000FCEEE77A17EE902A7B685A60134B9B6B74
:100180001B0E03F07F0307EE903AF8EE677AB7EEA6
:10019000007A37EE877AD7ED076AC6EE877AFCEEEB
:1001A000E77A17EE902A7B689A6008E07B68002265
:1001B0001A607B6800225A607B6800229A6000BF48
:1001C0002437BD465DF8047B704700BF00440258E9
:1001D0000090D003000000460024744C0024744AB0
:1001E00020BCBE4B80B489B000AF7860A14B9B6A45
:1001F00003F00303BB619F4B9B6A1B0D03F03F039E
:100200007B619C4BDB6A1B0A03F001033B61994B4A
:100210005B6CDB08C3F30C033A6902FB03F307EEE4
:10022000903AF8EE677AC7ED037A7B69002B00F00D
:100230001181BB69022B00F08380BB69022B00F2A5
:10024000A180BB69002B03D0BB69012B56D099E07C
:10025000884B1B6803F02003002B2DD0854B1B68B7
:10026000DB0803F00303844A22FA03F3BB60BB6894
:1002700007EE903AF8EE676A7B6907EE903AF8EE7F
:10028000677A86EEA77A7B4B1B6CC3F3080307EEF5
:10029000903AF8EE676A97ED036ADFED785AC6EE9A
:1002A000257A76EEA77AF7EE006A77EEA67A67EE01
:1002B000277AC7ED077A87E07B6907EE903AF8EE78
:1002C000677ADFED6F6A86EEA77A6A4B1B6CC3F321
:1002D000080307EE903AF8EE676A97ED036ADFEDE0
:1002E000675AC6EE257A76EEA77AF7EE006A77EEC1
:1002F000A67A67EE277AC7ED077A65E07B6907EE95
:10030000903AF8EE677ADFED5F6A86EEA77A594B8E
:100310001B6CC3F3080307EE903AF8EE676A97ED9B
:10032000036ADFED565AC6EE257A76EEA77AF7EE27
:10033000006A77EEA67A67EE277AC7ED077A43E080
:100340007B6907EE903AF8EE677ADFED4F6A86EE4A
:10035000A77A484B1B6CC3F3080307EE903AF8EEFC
:10036000676A97ED036ADFED455AC6EE257A76EEA9
:10037000A77AF7EE006A77EEA67A67EE277AC7EDDE
:10038000077A21E07B6907EE903AF8EE677ADFEDB5
:100390003D6A86EEA77A374B1B6CC3F3080307EE62
:1003A000903AF8EE676A97ED036ADFED345AC6EECD
:1003B000257A76EEA77AF7EE006A77EEA67A67EEF0
:1003C000277AC7ED077A00BF2A4B1B6C5B0A03F044
:1003D0007F0307EE903AF8EE677AB7EE007A37EED1
:1003E000877AD7ED076AC6EE877AFCEEE77A17EED2
:1003F000902A7B681A601F4B1B6C1B0C03F07F0359
:1004000007EE903AF8EE677AB7EE007A37EE877A21
:10041000D7ED076AC6EE877AFCEEE77A17EE902AE8
:100420007B685A60134B1B6C1B0E03F07F0307EEB7
:10043000903AF8EE677AB7EE007A37EE877AD7ED22
:10044000076AC6EE877AFCEEE77A17EE902A7B6899
:100450009A6008E07B6800221A607B6800225A607C
:100460007B6800229A6000BF2437BD465DF8047B9C
:10047000704700BF004402580090D00300000046BF
:100480000024744C0024744A20BCBE4B80B584B058
:1004900000AF786039600023FB73544B9B6A03F014
:1004A0000303032B01D101239BE0504B1B684F4AF0
:1004B00023F080631360FCF7A1F9B86008E0FCF753
:1004C0009DF90246BB68D31A022B01D9032388E0A9
:1004D000464B1B6803F00063002BF0D1434B9B6A33
:1004E00023F47C327B681B681B03404913438B62F7
:1004F0007B685B68013BC3F308027B689B68013B38
:100500005B029BB21A437B68DB68013B1B0403F46C
:10051000FE031A437B681B69013B1B0603F0FE4385
:10052000324913438B63314BDB6A23F0C0027B6893
:100530005B692E491343CB622C4BDB6A23F020020C
:100540007B689B6929491343CB62284BDB6A274AA6
:1005500023F01003D362254BDB6B23F47F4323F09E
:10056000F8037A68D269D20020491343CB631F4B4A
:10057000DB6A1E4A43F01003D3623B68002B06D1AE
:100580001A4BDB6A194A43F40023D3620FE03B683D
:10059000012B06D1154BDB6A144A43F48013D36256
:1005A00005E0124BDB6A114A43F40013D3620F4B90
:1005B0001B680E4A43F080631360FCF71FF9B860B4
:1005C00008E0FCF71BF90246BB68D31A022B01D9DD
:1005D000032306E0054B1B6803F00063002BF0D0FB
:1005E000FB7B18461037BD4680BD00BF0044025853
:1005F00080B584B000AF786039600023FB73544B42
:100600009B6A03F00303032B01D101239BE0504BB2
:100610001B684F4A23F080531360FCF7EFF8B86073
:1006200008E0FCF7EBF80246BB68D31A022B01D9AD
:10063000032388E0464B1B6803F00053002BF0D1E6
:10064000434B9B6A23F07C727B681B681B05404907
:1006500013438B627B685B68013BC3F308027B68D2
:100660009B68013B5B029BB21A437B68DB68013BE2
:100670001B0403F4FE031A437B681B69013B1B0642
:1006800003F0FE43324913430B64314BDB6A23F41E
:1006900040627B685B692E491343CB622C4BDB6A5B
:1006A00023F400727B689B6929491343CB62284B72
:1006B000DB6A274A23F48073D362254B5B6C23F4F7
:1006C0007F4323F0F8037A68D269D20020491343AC
:1006D0004B641F4BDB6A1E4A43F48073D3623B6852
:1006E000002B06D11A4BDB6A194A43F48003D3620C
:1006F0000FE03B68012B06D1154BDB6A144A43F42B
:100700000003D36205E0124BDB6A114A43F08073A9
:10071000D3620F4B1B680E4A43F080531360FCF703
:100720006DF8B86008E0FCF769F80246BB68D31AB8
:10073000022B01D9032306E0054B1B6803F000538D
:10074000002BF0D0FB7B18461037BD4680BD00BFA4
:100750000044025880B582B000AF78607B68002BFF
:1007600001D1012342E07B68D3F88830002B06D109
:100770007B68002283F884207868FBF731F87B6877
:100780002422C3F888207B681B681A687B681B6872
:1007900022F001021A607B689B6A002B02D0786805
:1007A00000F01EFE786800F0B3F80346012B01D17B
:1007B00001231BE07B681B685A687B681B6822F476
:1007C00090425A607B681B689A687B681B6822F0BD
:1007D0002A029A607B681B681A687B681B6842F073
:1007E00001021A60786800F09DFE0346184608373B
:1007F000BD4680BD80B58AB002AFF860B9603B608D
:100800001346FB80FB68D3F88830202B7BD1BB6874
:10081000002B02D0FB88002B01D1012374E0FB6880
:100820000022C3F89020FB682122C3F88820FBF740
:10083000E5FF7861FB68FA88A3F85420FB68FA8822
:10084000A3F85620FB689B68B3F5805F08D1FB686E
:100850001B69002B04D10023FB61BB68BB6103E073
:10086000BB68FB610023BB6130E03B6800937B69A0
:1008700000228021F86800F0FFFE0346002B05D01F
:10088000FB682022C3F8882003233DE0FB69002B8E
:100890000BD1BB691B881A46FB681B68C2F30802B0
:1008A0009A62BB690233BB6107E0FB691A78FB6897
:1008B0001B689A62FB690133FB61FB68B3F8563031
:1008C0009BB2013B9AB2FB68A3F85620FB68B3F8D1
:1008D00056309BB2002BC8D13B6800937B69002245
:1008E0004021F86800F0C8FE0346002B05D0FB68E5
:1008F0002022C3F88820032306E0FB682022C3F8E7
:100900008820002300E0022318462037BD4680BD22
:100910002DE9B04F92B000AF7861002387F84230E4
:100920007B699A687B691B691A437B695B691A4317
:100930007B69DB6913437B647B691B681A68BD4B69
:1009400013407A691268796C0B4313607B691B68EA
:100950005B6823F440517B69DA687B691B680A4352
:100960005A607B699B697B647B691B68B24A9342CE
:1009700004D07B691B6A7A6C13437B647B691B68B8
:100980009B6823F06E4323F430637A691268796CB4
:100990000B4393607B691B68DB6A23F00F017B6963
:1009A0005A6A7B691B680A43DA627B691B68A34A3F
:1009B000934277D1A24B5B6D03F03803282B6DD89F
:1009C00001A252F823F000BF6D0A11089D0A110818
:1009D0009D0A11089D0A11089D0A11089D0A110817
:1009E0009D0A11089D0A1108750A11089D0A11082F
:1009F0009D0A11089D0A11089D0A11089D0A1108F7
:100A00009D0A11089D0A11087D0A11089D0A110806
:100A10009D0A11089D0A11089D0A11089D0A1108D6
:100A20009D0A11089D0A1108850A11089D0A1108DE
:100A30009D0A11089D0A11089D0A11089D0A1108B6
:100A40009D0A11089D0A11088D0A11089D0A1108B6
:100A50009D0A11089D0A11089D0A11089D0A110896
:100A60009D0A11089D0A1108950A1108012387F8AB
:100A7000433020E2042387F843301CE2082387F840
:100A8000433018E2102387F8433014E2202387F81C
:100A9000433010E2402387F843300CE2802387F88C
:100AA000433008E27B691B68664A934230D1644B4D
:100AB0005B6D03F00703052B26D801A252F823F043
:100AC000D90A1108E10A1108E90A1108F10A110806
:100AD000F90A1108010B1108002387F84330EAE1F5
:100AE000042387F84330E6E1082387F84330E2E146
:100AF000102387F84330DEE1202387F84330DAE122
:100B0000402387F84330D6E1802387F84330D2E191
:100B10007B691B684C4A934230D1494B5B6D03F0B3
:100B20000703052B26D801A252F823F0450B110824
:100B30004D0B1108550B11085D0B1108650B1108C1
:100B40006D0B1108002387F84330B4E1042387F8C4
:100B50004330B0E1082387F84330ACE1102387F835
:100B60004330A8E1202387F84330A4E1402387F8ED
:100B70004330A0E1802387F843309CE17B691B6808
:100B8000324A934230D12E4B5B6D03F00703052BA5
:100B900026D801A252F823F0B10B1108B90B1108A5
:100BA000C10B1108C90B1108D10B1108D90B110881
:100BB000002387F843307EE1042387F843307AE14D
:100BC000082387F8433076E1102387F8433072E139
:100BD000202387F843306EE1402387F843306AE1F1
:100BE000802387F8433066E17B691B68184A93428B
:100BF00040D1134B5B6D03F00703052B36D801A2E0
:100C000052F823F01D0C1108250C11082D0C1108A9
:100C1000550C11085D0C1108650C1108002387F8AC
:100C2000433048E1042387F8433044E1082387F840
:100C3000433040E1F369FFCF000C00580010014041
:100C4000004402580044004000480040004C00406E
:100C500000500040102387F843302CE1202387F810
:100C6000433028E1402387F8433024E1802387F88C
:100C7000433020E17B691B68CB4A934276D1CB4B52
:100C80005B6D03F03803282B6CD801A252F823F0D7
:100C9000350D1108650D1108650D1108650D110858
:100CA000650D1108650D1108650D1108650D110818
:100CB0003D0D1108650D1108650D1108650D110830
:100CC000650D1108650D1108650D1108650D1108F8
:100CD000450D1108650D1108650D1108650D110808
:100CE000650D1108650D1108650D1108650D1108D8
:100CF0004D0D1108650D1108650D1108650D1108E0
:100D0000650D1108650D1108650D1108650D1108B7
:100D1000550D1108650D1108650D1108650D1108B7
:100D2000650D1108650D1108650D1108650D110897
:100D30005D0D1108012387F84330BCE0042387F8D8
:100D40004330B8E0082387F84330B4E0102387F835
:100D50004330B0E0202387F84330ACE0402387F8ED
:100D60004330A8E0802387F84330A4E07B691B6808
:100D70008F4A934230D18D4B5B6D03F00703052BF7
:100D800026D801A252F823F0A10D1108A90D1108CF
:100D9000B10D1108B90D1108C10D1108C90D1108C7
:100DA000002387F8433086E0042387F8433082E04D
:100DB000082387F843307EE0102387F843307AE039
:100DC000202387F8433076E0402387F8433072E0F1
:100DD000802387F843306EE07B691B68754A934235
:100DE00030D1724B5B6D03F00703052B26D801A2AF
:100DF00052F823F00D0E1108150E11081D0E1108E2
:100E0000250E11082D0E1108350E1108002387F844
:100E1000433050E0042387F843304CE0082387F840
:100E2000433048E0102387F8433044E0202387F81C
:100E3000433040E0402387F843303CE0802387F88C
:100E4000433038E07B691B685B4A934230D1574B93
:100E50009B6D03F00703052B26D801A252F823F05F
:100E6000790E1108810E1108890E1108910E1108D2
:100E7000990E1108A10E1108022387F843301AE0D9
:100E8000042387F8433016E0082387F8433012E044
:100E9000102387F843300EE0202387F843300AE020
:100EA000402387F8433006E0802387F8433002E090
:100EB000802387F843307B691B683F4A934240F0A8
:100EC000F88097F84330202B46DC022BC0F282805A
:100ED000023B1E2B7ED801A252F823F05F0F1108AF
:100EE000D50F1108670F1108D50F1108D50F11087C
:100EF000D50F1108770F1108D50F1108D50F11085C
:100F0000D50F1108D50F1108D50F1108D50F1108ED
:100F1000D50F1108870F1108D50F1108D50F11082B
:100F2000D50F1108D50F1108D50F1108D50F1108CD
:100F3000D50F1108D50F1108D50F1108D50F1108BD
:100F4000D50F1108D50F1108D50F1108D50F1108AD
:100F5000D50F1108C70F1108402B37D03AE0FEF724
:100F6000D7FFF8633CE007F124031846FEF7E6FFDD
:100F7000BB6AFB6334E007F118031846FFF732F948
:100F8000FB69FB632CE0094B1B6803F02003002B7B
:100F900016D0064B1B68DB0803F00303074A22FA4E
:100FA00003F3FB631CE000BF00140140004402583F
:100FB00000780040007C0040000C00580090D003F6
:100FC0009D4BFB630CE09D4BFB6309E04FF400433A
:100FD000FB6305E00023FB63012387F8423000BF79
:100FE000FB6B002B00F0DE817B695B6A944A32F870
:100FF00013301A46FB6BB3FBF2F33B637B695A6811
:1010000013465B0013443A6B9A4205D37B695B68D5
:101010001B033A6B9A4203D9012387F84230C1E19E
:10102000FB6B0022BB60FA607B695B6A844A32F822
:1010300013309BB200223B607A60D7E90023D7E9E6
:101040000201F8F7C9FD02460B46104619464FF05B
:1010500000024FF000030B0243EA106302027969B9
:101060004968490800200C46054612EB040843EB8A
:1010700005097B695B6800229A46934652465B46A7
:1010800040464946F8F7A8FD02460B461346BB63A7
:10109000BB6BB3F5407F08D3BB6BB3F5801F04D2A5
:1010A0007B691B68BA6BDA607CE1012387F8423008
:1010B00078E17B69DB69B3F5004F40F0C58097F8B4
:1010C0004330202B48DC002B7BDB202B79D801A27E
:1010D00052F823F05F11110867111108C3111108AC
:1010E000C31111086F111108C3111108C3111108A0
:1010F000C31111087F111108C3111108C311110880
:10110000C3111108C3111108C3111108C31111082B
:10111000C31111088F111108C3111108C31111084F
:10112000C3111108C3111108C3111108C31111080B
:10113000C3111108C3111108C3111108C3111108FB
:10114000C3111108C3111108C3111108C3111108EB
:10115000C3111108B5111108402B2ED031E0FDF755
:1011600061FCF86333E0FDF773FCF8632FE007F1EF
:1011700024031846FEF7E2FEBB6AFB6327E007F193
:1011800018031846FFF72EF8FB69FB631FE02D4B91
:101190001B6803F02003002B09D02A4B1B68DB08D7
:1011A00003F00303244A22FA03F3FB630FE0224B0C
:1011B000FB630CE0214BFB6309E04FF40043FB634E
:1011C00005E00023FB63012387F8423000BFFB6B7F
:1011D000002B00F0E7807B695B6A194A32F8133014
:1011E0001A46FB6BB3FBF2F35A007B695B685B0842
:1011F0001A447B695B68B2FBF3F3BB63BB6B0F2BD9
:1012000016D9BB6BB3F5803F12D2BB6B9BB223F0F8
:101210000F03FB86BB6B5B089BB203F007039AB21C
:10122000FB8E1343FB867B691B68FA8EDA60B9E09C
:10123000012387F84230B5E00090D00300093D005B
:1012400098FF11080044025897F84330202B49DCDE
:10125000002B7CDB202B7AD801A252F823F000BFB0
:10126000EB121108F31211084F1311084F13110854
:10127000FB1211084F1311084F1311084F131108D7
:101280000B1311084F1311084F1311084F131108B6
:101290004F1311084F1311084F1311084F13110862
:1012A0001B1311084F1311084F1311084F13110886
:1012B0004F1311084F1311084F1311084F13110842
:1012C0004F1311084F1311084F1311084F13110832
:1012D0004F1311084F1311084F1311084F13110822
:1012E00041131108402B2ED031E0FDF79BFBF86332
:1012F00033E0FDF7ADFBF8632FE007F12403184658
:10130000FEF71CFEBB6AFB6327E007F118031846D3
:10131000FEF768FFFB69FB631FE02D4B1B6803F0C2
:101320002003002B09D02A4B1B68DB0803F00303C2
:10133000284A22FA03F3FB630FE0264BFB630CE021
:10134000254BFB6309E04FF40043FB6305E00023FA
:10135000FB63012387F8423000BFFB6B002B21D0D9
:101360007B695B6A1D4A32F813301A46FB6BB3FB8C
:10137000F2F27B695B685B081A447B695B68B2FBCD
:10138000F3F3BB63BB6B0F2B09D9BB6BB3F5803F8A
:1013900005D2BB6B9AB27B691B68DA6002E001235D
:1013A00087F842307B690122A3F86A207B69012219
:1013B000A3F868207B6900225A677B6900229A673C
:1013C00097F8423018464837BD46BDE8B08F00BF99
:1013D000004402580090D00300093D0098FF110816
:1013E00080B483B000AF78607B689B6A03F0080329
:1013F000002B0AD07B681B685B6823F400417B6884
:101400009A6B7B681B680A435A607B689B6A03F08F
:101410000103002B0AD07B681B685B6823F4003152
:101420007B68DA6A7B681B680A435A607B689B6A40
:1014300003F00203002B0AD07B681B685B6823F46F
:1014400080317B681A6B7B681B680A435A607B6833
:101450009B6A03F00403002B0AD07B681B685B685F
:1014600023F480217B685A6B7B681B680A435A60AF
:101470007B689B6A03F01003002B0AD07B681B6813
:101480009B6823F480517B68DA6B7B681B680A4396
:101490009A607B689B6A03F02003002B0AD07B686C
:1014A0001B689B6823F400517B681A6C7B681B687F
:1014B0000A439A607B689B6A03F04003002B1AD0B2
:1014C0007B681B685B6823F480117B685A6C7B68BF
:1014D0001B680A435A607B685B6CB3F5801F0AD1B6
:1014E0007B681B685B6823F4C0017B689A6C7B682F
:1014F0001B680A435A607B689B6A03F08003002BD9
:101500000AD07B681B685B6823F400217B68DA6C77
:101510007B681B680A435A6000BF0C37BD465DF804
:10152000047B704780B598B002AF78607B6800227A
:10153000C3F89020FBF762F978657B681B681B682D
:1015400003F00803082B2FD16FF07E4300937B6DCF
:1015500000224FF40011786800F08EF80346002B4B
:1015600022D07B681B68BB63BB6B53E8003F7B6387
:101570007B6B23F080033B657B681B681A463B6DE1
:101580007B643A64396C7A6C41E80023FB63FB6B43
:10159000002BE6D17B682022C3F888207B680022DC
:1015A00083F88420032363E07B681B681B6803F0D7
:1015B0000403042B49D16FF07E4300937B6D00221E
:1015C0004FF48001786800F057F80346002B3CD0B8
:1015D0007B681B687B627B6A53E8003F3B623B6A27
:1015E00023F49073FB647B681B681A46FB6C3B63B7
:1015F000FA62F96A3A6B41E80023BB62BB6A002BCE
:10160000E6D17B681B6808333B613B6953E8003FC8
:10161000FB60FB6823F00103BB647B681B68083335
:10162000BA6CFA61BB61B969FA6941E800237B6170
:101630007B69002BE5D17B682022C3F88C207B6876
:10164000002283F88420032312E07B682022C3F861
:1016500088207B682022C3F88C207B680022DA6611
:101660007B6800221A677B68002283F884200023AD
:1016700018465837BD4680BD80B584B000AFF860CD
:10168000B9603B601346FB714FE0BB69B3F1FF3FAC
:101690004BD0FBF7B3F802463B68D31ABA699A42BB
:1016A00002D3BB69002B01D103234EE0FB681B680A
:1016B0001B6803F00403002B37D0BB68802B34D0A9
:1016C000BB68402B31D0FB681B68DB6903F0080363
:1016D000082B10D1FB681B6808221A62F86800F01A
:1016E00038F8FB680822C3F89020FB68002283F8D2
:1016F0008420012329E0FB681B68DB6903F4006395
:10170000B3F5006F11D1FB681B684FF400621A62D9
:10171000F86800F01EF8FB682022C3F89020FB68F0
:10172000002283F8842003230FE0FB681B68DA693A
:10173000BB681340BA689A420CBF01230023DBB296
:101740001A46FB799A42A0D0002318461037BD46AE
:1017500080BD80B495B000AF78607B681B687B6308
:101760007B6B53E8003F3B633B6B23F49073FB645C
:101770007B681B681A46FB6C3B64FA63F96B3A6C36
:1017800041E80023BB63BB6B002BE6D17B681B6881
:1017900008333B623B6A53E8003FFB61FB6923F07F
:1017A000805323F00103BB647B681B680833BA6C69
:1017B000FA62BB62B96AFA6A41E800237B627B6A1B
:1017C000002BE3D17B68DB6E012B18D17B681B6893
:1017D000FB60FB6853E8003FBB60BB6823F010036D
:1017E0007B647B681B681A467B6CBB617A61796994
:1017F000BA6941E800233B613B69002BE6D17B6875
:101800002022C3F88C207B680022DA667B680022E5
:101810005A6700BF5437BD465DF8047B704780B4FB
:1018200085B000AF78607B6893F88430012B01D1DC
:10183000022327E07B68012283F884207B6824222E
:10184000C3F888207B681B681B68FB607B681B688B
:101850001A687B681B6822F001021A60FB6823F09B
:101860000053FB607B6800225A667B681B68FA683D
:101870001A607B682022C3F888207B68002283F8E6
:101880008420002318461437BD465DF8047B70475A
:1018900080B584B000AF786039607B6893F884309D
:1018A000012B01D102232DE07B68012283F88420E3
:1018B0007B682422C3F888207B681B681B68FB6058
:1018C0007B681B681A687B681B6822F001021A603B
:1018D0007B681B689B6823F060417B681B683A68E3
:1018E0000A439A60786800F04FF87B681B68FA68D2
:1018F0001A607B682022C3F888207B68002283F866
:101900008420002318461037BD4680BD80B584B0C2
:1019100000AF786039607B6893F88430012B01D187
:1019200002232DE07B68012283F884207B68242237
:10193000C3F888207B681B681B68FB607B681B689A
:101940001A687B681B6822F001021A607B681B68BA
:101950009B6823F060617B681B683A680A439A6061
:10196000786800F011F87B681B68FA681A607B6879
:101970002022C3F888207B68002283F8842000237B
:1019800018461037BD4680BD80B485B000AF786082
:101990007B685B6E002B08D17B680122A3F86A206C
:1019A0007B680122A3F8682031E01023FB73102329
:1019B000BB737B681B689B685B0EDBB203F007039D
:1019C0007B737B681B689B685B0FDBB203F00703CC
:1019D0003B73BB7B3A7B11498A5C02FB03F33A7B86
:1019E0000F498A5C93FBF2F39AB27B68A3F86A20F2
:1019F000FB7B7A7B09498A5C02FB03F37A7B08490B
:101A00008A5C93FBF2F39AB27B68A3F8682000BF6C
:101A10001437BD465DF8047B704700BFB0FF110866
:101A2000B8FF110880B483B000AF0346FB80B7F95C
:101A300006301B021AB2FB881B0A9BB21BB213436F
:101A40001BB29BB218460C37BD465DF8047B70474D
:101A500080B483B000AF78607B681A067B681B0295
:101A600003F47F031A437B681B0A03F47F431A4382
:101A70007B681B0E134318460C37BD465DF8047B8C
:101A80007047000080B582B000AF786015497A6871
:101A900013465B001344DB000B441B68002B13D080
:101AA00010497A6813465B001344DB000B441B6843
:101AB000184603F0BBFE0B497A6813465B001344DB
:101AC000DB000B4400221A6006497A6813465B006B
:101AD0001344DB000B44143300221A7000BF083794
:101AE000BD4680BD7444011080B582B000AF0023B4
:101AF0007B6096E04F497A6813465B001344DB0035
:101B00000B4414331B78FB70FB78002B00F08680AD
:101B100048497A6813465B001344DB000B441233D8
:101B20001B88013398B243497A6813465B0013441B
:101B3000DB000B44123302461A803E497A68134692
:101B40005B001344DB000B4412331B88B3F5967F14
:101B500015D238497A6813465B001344DB000B4406
:101B600014331B78012B0ED132497A6813465B007F
:101B70001344DB000B4412331B88042B03D9786811
:101B8000FFF780FF4AE02B497A6813465B00134455
:101B9000DB000B4414331B78032B0AD125497A68E8
:101BA00013465B001344DB000B44143304221A7009
:101BB00034E020497A6813465B001344DB000B4491
:101BC00014331B78042B0AD11A497A6813465B0038
:101BD0001344DB000B44143302221A701EE0154933
:101BE0007A6813465B001344DB000B4414331B7804
:101BF000012B13D10F497A6813465B001344DB00B5
:101C00000B44083318687A6813465B001344DB0002
:101C1000084A13440433194600F06EFE7B68013312
:101C20007B607B68092B7FF765AF00BF00BF08377B
:101C3000BD4680BD7444011080B58AB000AFF86025
:101C40000B467A60FB720A23FB840A23BB840A23B7
:101C50007B8400233B840A23FB830023BB83002374
:101C60007B8300233B8300233B84AEE0B7F9202035
:101C7000A64913465B001344DB000B4414331B7866
:101C8000FB75B7F922300A2B05D1FB7D002B02D161
:101C90003B8C7B8495E0FB7D002B00F09280FB7DEC
:101CA000012B09D0FB7D012B06D8994B40F2231262
:101CB00098499948F3F754FEFB68002B20D0FB6845
:101CC0001968B7F92020914813465B001344DB00E4
:101CD000034404331B68994212D17B68002B0CD05B
:101CE000B7F92020894913465B001344DB000B44FD
:101CF00008331B687A689A4202D1B7F9203000E1B4
:101D0000FB7D012B40D1B7F92020804913465B00B1
:101D10001344DB000B441B68002B1AD0B7F92020BA
:101D20007A4913465B001344DB000B4412331B88D3
:101D3000BA8B9A4245D83B8CFB83B7F92020734974
:101D400013465B001344DB000B4412331B88BB8338
:101D500037E0B7F920206D4913465B001344DB00E0
:101D60000B4412331B887A8B9A422AD83B8CFB8413
:101D7000B7F92020654913465B001344DB000B4490
:101D800012331B887B831CE0FB7D012B19D9B7F92B
:101D900020205E4913465B001344DB000B441233E2
:101DA0001B883A8B9A420CD83B8CBB84B7F9202015
:101DB000564913465B001344DB000B4412331B8867
:101DC0003B833B8C01339BB23B84B7F92030092B1A
:101DD0007FF74CAFFB7A03F00203002B08D1B7F971
:101DE00022300A2B07D1FB7A03F00103002B02D12A
:101DF0004FF0FF3385E0B7F92230092B02DC7B8CF2
:101E00003B8439E0B7F92430092B14DCBB8C3B84CC
:101E1000B7F920203D4913465B001344DB000B4417
:101E20001B68002B18D03A4B40F26D123B493A48E0
:101E3000F3F796FD10E0B7F92630092B02DCFB8C96
:101E40003B8409E0B7F91E30092B02DCFB8B3B8495
:101E500002E04FF0FF3354E0B7F92030092B06DDE4
:101E60002B4B40F27F122E492B48F3F779FDB7F93F
:101E700020301846FFF706FEB7F92030092B06DDA3
:101E8000234B40F2831226492348F3F769FDB7F943
:101E900020201E4913465B001344DB000B4414331F
:101EA0001B78002B06D01A4B4FF4C2721D491A48FA
:101EB000F3F756FDFB68002B0BD0B7F92020FB6829
:101EC0001968124813465B001344DB0003440433D3
:101ED0001960B7F920200D4913465B001344DB005D
:101EE0000B44123300221A80B7F920200749134609
:101EF0005B001344DB000B4408337A681A60B7F9BF
:101F0000203018462837BD4680BD00BF74440110FC
:101F100010CF110864CF1108A4CF1108CCCF11083D
:101F2000E4CF1108F8CF110880B588B002AFF8608F
:101F3000B9607A60FB70FB6893F82C30062B06D0F2
:101F4000484B40F2A91248494848F3F709FDBB68DD
:101F5000002B12D0BB681B68002B0ED0BB681B681F
:101F6000F968184601F0CCFA0346002B05D1BB688E
:101F70001B6803F0F003E02B02D16FF00F036CE05D
:101F8000FB78FA681946B868FFF756FE0346FB82ED
:101F9000B7F91630002B02DAFB8A5BB25DE0B7F9C5
:101FA0001620334913465B001344DB000B44143303
:101FB00002221A70B7F916202D4913465B0013440C
:101FC000DB000B440833FA681A60B7F91620134691
:101FD0005B001344DB000833254A13440433062214
:101FE00079681846F2F76AFBB7F9162020491346BC
:101FF0005B001344DB000B44123300221A80B7F954
:1020000016201B4913465B001344DB000B441B687E
:10201000002B21D0B7F91620154913465B00134455
:10202000DB000B441B683B61B7F9162010491346CF
:102030005B001344DB000B4400221A60FB6803F1D1
:1020400026024FF4006300937B683969F86800F05A
:10205000F3FC386903F0EAFB002318461837BD4645
:1020600080BD00BF10CF110824D01108A4CF1108E3
:102070007444011080B584B000AF78600023FB6029
:102080001EE01349FA6813465B001344DB000B445F
:1020900014331B78FB72FB7A002B0ED00C49FA68C4
:1020A00013465B001344DB000B4408331B687A685B
:1020B0009A4202D1F868FFF7E5FCFB680133FB6048
:1020C000FB68092BDDDD00BF00BF1037BD4680BDBA
:1020D00074440110B0B58AB004AF786039603B68D1
:1020E000002B07D13D4B40F28A223D493D48F3F792
:1020F00037FC6FE07B685B683B613B691B889BB288
:10210000B3F5807F0CD13B691B79062B08D13B6965
:102110005B79042B04D13B695B889BB2082B03D00D
:10212000786803F083FB55E03B690E331B68FB6066
:102130003B6918331B68BB603B6804331B68002B8A
:1021400002D10023FB7509E0BA683B6804331B68C1
:102150009A420CBF01230023DBB2FB753B6903F1FC
:102160000802FB7D002B01D0012300E0022307F1D0
:102170000C013868FFF7D8FE3B69DB889BB2B3F5EA
:10218000807F03D0B3F5007F1ED020E0FB7D002BC5
:102190001CD03B6803F126003B6903F108043B684F
:1021A00003F126053B6804333A69083202210391A2
:1021B00007F10C010291019200932B462246014641
:1021C000386800F0EBFA01E000BF00E000BF78687B
:1021D00003F02CFB1837BD46B0BD00BF10CF11086F
:1021E0007CD01108A4CF110880B586B002AFF8608A
:1021F000B9601346FB71FA79444913465B001344F6
:10220000DB000B4414331B78012B06D8404B40F203
:10221000EE2240494048F3F7A3FBFA793B491346C5
:102220005B001344DB000B4414331B78022B53D1A7
:10223000FA79364913465B001344DB000B44123332
:102240001B88B3F58E7F19D9FA7913465B001344C6
:10225000DB002E4A134404331946F86800F04CFBA7
:102260000346002B38D1FA79284913465B00134402
:10227000DB000B44143303221A702DE0FA79234952
:1022800013465B001344DB000B4412331B88B3F589
:10229000877F21D3FA7913465B001344DB001B4A86
:1022A0001344191DFA7913465B001344DB0008330D
:1022B000164A134404331A46F86800F0FBFA034642
:1022C000002B09D1FA79114913465B001344DB0056
:1022D0000B44143303221A70FB6803F12601FA79C8
:1022E00013465B001344DB000833084A13440433ED
:1022F0004FF4006200920A46B968F86800F09CFB4F
:10230000034618461037BD4680BD00BF7444011017
:1023100010CF11089CD01108A4CF110880B58AB045
:1023200002AFF860B9607A607B68BB61FB68002B24
:1023300006D1734B40F21E3272497348F3F710FB1B
:10234000BB68002B06D16E4B40F21F326F496E48BE
:10235000F3F706FB7B68002B06D1694B4FF44872FC
:102360006B496948F3F7FCFA7B681B68F968184603
:1023700001F0C6F80346002B02D0664BFB61AFE0CC
:102380007B681B6803F0F003E02B18D101233B743A
:1023900000237B745E23BB747B6801331B7803F0DE
:1023A0007F03DBB2FB747B6802331B783B757B6871
:1023B00003331B787B7507F11003FB6190E07B68AA
:1023C0001A68FB6804331B685A40FB6808331B68B3
:1023D0001340002B12D07B681B689BB24FF6A9629A
:1023E00093420BD0FB680C331B68002B03D0FB68B7
:1023F0000C33BB6102E06FF003037DE0464B1B78BA
:102400001946464A0B465B000B44DB001344143369
:102410001B78012B25D9404B1B7819463F4A0B46A8
:102420005B000B44DB00134408331B68FA689A42D4
:1024300017D1BB691A68384B1B78184637490346D1
:102440005B000344DB000B4404331B689A4208D151
:10245000314B1B781A46B968F868FFF7C5FE03468A
:102460004AE00023FB7531E0FA7D2C4913465B00FE
:102470001344DB000B4414331B78012B23D9FA7D62
:10248000264913465B001344DB000B4408331B68EA
:10249000FA689A4217D1BB691968FA7D1F4813463A
:1024A0005B001344DB00034404331B6899420AD1E8
:1024B000194AFB7D1370FB7D1A46B968F868FFF76F
:1024C00093FE034618E0FB7D0133FB75FB7D092B72
:1024D000CAD9BA68B969F86800F022F803460BE077
:1024E000FB6803F126024FF400630093FB69B968AF
:1024F000F86800F0A1FA034618462037BD4680BDB3
:1025000010CF11087CD01108A4CF1108CCD011082D
:102510006CD01108C0FF110864450110744401100B
:1025200080B58CB002AFF860B9607A60FB68263382
:102530007B61FF2387F8273000233B62BB681B6861
:10254000F968184600F0DCFF0346002B0CD1BB688D
:102550001B6803F0F003E02B06D0BB68002B03D010
:10256000BB681B68002B02D16FF00F0301E1FA6812
:102570000121B868FFF760FB03467B82B7F9123090
:10258000002B02DA7B8A5BB2F3E07B8A7E2B06D9D2
:102590007A4B40F2C1327A497A48F3F7E1F97B8A03
:1025A0007B747A7C784913465B001344DB000B4450
:1025B00014331B78002B15D101233B627A7C7249BE
:1025C00013465B001344DB000B44143301221A70E2
:1025D0007A7C6D4913465B001344DB000B440833DF
:1025E000FA681A607A7C684913465B001344DB0082
:1025F0000B4414331B78012B11D07A7C62491346AB
:102600005B001344DB000B4414331B78012B06D80A
:102610005A4B40F2CD325D495A48F3F7A1F93B6A73
:10262000002B02D17B68002B0CD1B968F86800F050
:1026300063F9034687F827307B68002B02D197F9AE
:10264000273096E07B68002B06D14C4B40F2E132FC
:102650004F494C48F3F784F97A7C4B4913465B00A9
:102660001344DB000B4414331B78012B17D9494A60
:102670007B7C13707A7C13465B001344DB000833C9
:10268000414A134404334FF4006200927A69796836
:10269000F86800F0D1F9034687F8273067E07A7CC4
:1026A000394913465B001344DB000B4414331B7899
:1026B000012B5CD10023BB617B68FB611CE0FB69E3
:1026C0005A89FB691B899A420AD1FB691B68002B56
:1026D00006D02A4B40F2F1322F492A48F3F740F94D
:1026E000FB691B7B03F04003002B02D00123BB617D
:1026F00005E0FB691B68FB61FB69002BDFD1BB694F
:10270000002B07D07A684FF420710E2003F0EAFA0C
:10271000F86104E07B68FB61F86903F027F9FB6965
:10272000002B21D07A7C184913465B001344DB0050
:102730000B441B68002B0AD07A7C134913465B00BC
:102740001344DB000B441B68184603F06FF87A7CD7
:102750000D4913465B001344DB000B44FA691A6011
:10276000002387F8273002E0FF2387F8273097F906
:10277000273018462837BD4680BD00BF10CF11084E
:10278000D8D01108A4CF110874440110E8D0110862
:10279000CCD011086445011010D1110880B58AB061
:1027A00002AFF860B9607A603B600023FB77FB689A
:1027B000002B06D13A4B40F257423A493A48F3F7D8
:1027C000CFF84FF420721C210E2002F04BFDB861AF
:1027D000BB69002B02D14FF0FF335DE0BB695B8921
:1027E0001B2B06D82E4B40F2624230492E48F3F79D
:1027F000B7F8BB695B687B61BB8E1846FFF712F9BF
:1028000003461A467B69DA80FB6893F82C30062B66
:1028100006D0234B40F2694225492348F3F7A0F83C
:102820007B690833062239681846F1F747FF7B6950
:1028300012330622F96A1846F1F740FF7B690E331E
:10284000BA6A12681A607B6918333A6B12681A60A8
:102850007B6900221A70002242F001025A707B69E3
:10286000002242F008029A700022DA707B69062288
:102870001A717B6904225A7140F6060300937B6843
:10288000BA68B969F86800F0D7F8B86902F0CEFF05
:102890000023BB6197F91F3018462037BD4680BD25
:1028A00010CF11087CD01108A4CF11082CD1110829
:1028B00060D1110880B588B004AFF860B9607A6063
:1028C000FB6803F12601FB6803F12600FB68043373
:1028D00001220392BA680292064A019200930346CB
:1028E0007A68F868FFF75AFF034618461037BD4666
:1028F00080BD00BFC8FF110880B582B000AF78600E
:102900003960054A39687868FFF7D4FF03461846EE
:102910000837BD4680BD00BFC0FF110880B586B036
:1029200000AF786039600E23FB827B685B890E2BD9
:102930006ED97B68DB7B002B06D13B6893F8303087
:102940000133DAB27B68DA737B685B683B613B69B1
:102950001A7B5B7B1B021343FB813B691B7803F0F3
:102960000103002B23D03B691B78012B0FD13B695E
:102970005B78002B1BD13B699B785E2B17D17B6862
:102980005B7B43F01003DAB27B685A730FE03B695C
:10299000062228491846EFF771FE0346002B06D1A0
:1029A0007B685B7B43F00803DAB27B685A73FB8970
:1029B000082B03D0B3F5C16F14D032E03B6893F815
:1029C0002D3003F00803002B24D0FB8A19467868C9
:1029D00002F0A6FE0346002B1ED13968786800F08D
:1029E00093FB13E03B6893F82D3003F00803002BB2
:1029F00014D0FB8A1946786802F092FE0346002B39
:102A00000ED139687868FFF765FB00BF00230CE042
:102A100000BF06E000BF04E000BF02E000BF00E02E
:102A200000BF786802F002FF002318461837BD4641
:102A300080BD00BFC0FF110880B586B000AFF86050
:102A4000B9607A603B603B8C1846FEF7EBFF0346AB
:102A5000FB820E21B86802F053FE0346002B25D1FD
:102A6000BB685B683B613B69FA8A9A813B690622D5
:102A700039681846F1F722FE3B6906330622796869
:102A80001846F1F71BFEFB6893F82C30062B06D096
:102A90000A4B4FF499720A490A48F2F761FFFB6842
:102AA0009B69B968F8689847034602E000BF6FF079
:102AB000010318461837BD4680BD00BFA4D11108D8
:102AC000F4D1110828D2110880B58EB004AF786017
:102AD0003960874B9B687B627B6A1B7803F00F032E
:102AE000DBB29B00DBB27B847B8C132B40F2E88053
:102AF0007B685B89032B40F2E5807B685B681B7811
:102B000087F8213097F82130002B00F0D280082B75
:102B100040F0D280774BFB61754B5B6903F0F003AB
:102B2000E02B00F0D680724B5B69714A1268114647
:102B3000184600F0E5FC0346002B40F0CC807B6893
:102B40001B89072B40F2C080786800F0E0F903464B
:102B5000002B03D0786802F069FEC5E07B8C0E3351
:102B60001946786802F0CCFD0346002B4BD07B68F9
:102B70001A897B8C13447B837B681B897A8B9A42EE
:102B8000C0F0AB807B8B4FF4207219460E2002F010
:102B900069FB78617B69002B00F0A1807B695B8910
:102BA0001A467B8C08339A4203D2786902F03EFEC3
:102BB00096E07B695B687A8C796A1846F1F77EFD4E
:102BC0007B8C1946786902F0ABFD0346002B09D0D7
:102BD000494BB62249494A48F2F7C2FE786902F0E9
:102BE00025FE7DE07968786902F038FF0346002B06
:102BF00003D0786902F01AFE72E0786802F016FEDF
:102C00007B697B600FE07B8C0E331946786802F09D
:102C100087FD0346002B06D0374BC7223949384879
:102C2000F2F79EFE5CE07B685B683B617B8C19463B
:102C3000786802F065FD0346002B3CD17B685B6839
:102C4000FB60FB691A68FB68DA60294B1A69FB684C
:102C50001A613B6900221A703B695B889BB24FF690
:102C6000F772934207D93B695B889BB209339AB2EA
:102C70003B695A8006E03B695B889BB208339AB295
:102C80003B695A80FB68FF221A72FB6800229A7225
:102C90000022DA723B680293012301930023009320
:102CA000FF230022F969786800F052FB0346FB72AB
:102CB00001E000BF00E000BF786802F0B7FD13E05C
:102CC00000BF02E000BF00E000BF786802F0AEFD88
:102CD0000AE000BF04E000BF02E000BF00E000BF68
:102CE000786802F0A3FD00BF2837BD4680BD00BF55
:102CF000684501107C45011050D21108A0D211087E
:102D0000D8D2110800D3110880B582B000AF786026
:102D10000B46FB70FB781A460321786800F014F824
:102D200000BF0837BD4680BD80B582B000AF786077
:102D30000B46FB70FB781A460B21786800F004F80C
:102D400000BF0837BD4680BD80B58CB004AF786049
:102D50000B46FB701346BB704FF4207224212220D7
:102D600002F080FAF861FB69002B56D0FB695B89A1
:102D7000232B06D82B4B4FF4B4722B492B48F2F778
:102D8000EFFD7B685B68BB61FB695B687B617B69AE
:102D9000FA781A707B69BA785A707B6900221A71C6
:102DA00000225A717B6900229A710022DA71FB6954
:102DB0005B6803F108007B685B681C221946F1F729
:102DC0007DFCBB69DB68FB6007F10C03184600F073
:102DD00001F938613B69002B1BD07B6900229A7096
:102DE0000022DA70FB695B891946786900F07DF88A
:102DF00003461A467B695A8007F10C023B6902932D
:102E00000123019300230093FF230021F86900F0C0
:102E10009FFAF86902F00AFD00E000BF2037BD46C6
:102E200080BD00BF50D2110834D31108D8D2110888
:102E300080B489B000AF786039607B68FB610023A3
:102E4000FB8100237B61FB6903F001033B613B696C
:102E5000002B0DD03B68002B0ADDFA69531CFB6187
:102E600007F10E03013312781A703B68013B3B6097
:102E7000FB69BB610AE0BB699A1CBA611B881A46F0
:102E80007B6913447B613B68023B3B603B68012BE1
:102E9000F1DC3B68002B04DD07F10E03BA69127800
:102EA0001A70FB891A467B6913447B617B691A0C93
:102EB0007B699BB213447B617B691A0C7B699BB273
:102EC00013447B613B69002B07D07B691B029AB2DC
:102ED0007B691B0ADBB213437B617B699BB218469B
:102EE0002437BD465DF8047B704780B582B000AFE3
:102EF00078600B467B807B8819467868FFF798FFDF
:102F00000346DB439BB218460837BD4680BD80B5FB
:102F100086B000AF78600023FB6000237B617B6894
:102F20003B612BE03B695A683B695B891946104657
:102F3000FFF77EFF03461A467B6913447B617B697A
:102F40001A0C7B699BB213447B613B695B8903F07C
:102F500001039BB2002B0ED0FB68002B0CBF01239A
:102F60000023DBB2FB607B691B029AB27B691B0A00
:102F7000DBB213437B613B691B683B613B69002B00
:102F8000D0D1FB68002B07D07B691B029AB27B690A
:102F90001B0ADBB213437B617B699BB2DB439BB2B1
:102FA00018461837BD4680BD80B582B000AF0023FB
:102FB0007B6001F0EBF901F0EDFC01F0EBFD08F0B6
:102FC00057FF02F0C1FE08F0C9FE00BF0837BD463A
:102FD00080BD000080B485B000AF7860334B1B68C3
:102FE000FB6036E0FB6893F82D3003F00103DBB2A1
:102FF000002B2BD0FB6893F82D309B0803F00103C6
:10300000DBB2002B22D0FB6804331B68002B1DD0E1
:103010007B681A68FB6804331B685A40FB680833F6
:103020001B681340002B01D1FB6838E0FB6893F864
:103030002D3003F00203002B08D17B681A68FB686F
:103040000C331B689A4201D1FB6828E0FB681B68BF
:10305000FB60FB68002BC5D1154B1B68002B1AD0F9
:10306000134B1B6893F82D3003F00103002B12D093
:103070000F4B1B6893F82D3003F00403002B0AD08C
:103080000B4B1B6804331B68002B04D07B681B6848
:10309000DBB27F2B01D1002301E0054B1B681846F2
:1030A0001437BD465DF8047B704700BFA47601105D
:1030B000A876011080B582B000AF78607B6893F885
:1030C0002D3003F00103DBB2002B16D07B680433F4
:1030D0001B68002B11D00B4B5A697B6804331B68AB
:1030E0009A4208D0074B5B697968184600F008FAE5
:1030F0000346002B01D0012300E0002318460837C7
:10310000BD4680BD6845011080B586B000AF7860CF
:1031100039607B685B687B617B691B781B09DBB26C
:10312000042B04D0786802F081FB002307E17B695F
:103130001B7803F00F03DBB29B00DBB2FB817B69E2
:103140005B889BB21846FEF76DFC0346BB817B682B
:103150001B89BA899A4204D2BB891946786802F061
:10316000DFF97B685B89FA899A4207D87B681B89FB
:10317000BA899A4202D8FB89132B04D8786802F0E6
:1031800055FB0023DBE07B691B696F4A53617B6958
:10319000DB686D4A13616C4B5B6903F0F003E02B55
:1031A00012D13B6893F82D3003F00103DBB2002B02
:1031B00007D03B6804331B68002B02D03B683B619F
:1031C0002AE000233B6127E03868FFF773FF0346DE
:1031D000002B02D03B683B611EE000233B615A4B51
:1031E0005B69DBB27F2B17D0584B1B683B610EE04D
:1031F0003A693B689A4206D03869FFF75BFF03469D
:10320000002B08D100E000BF3B691B683B613B69B4
:10321000002BEDD100E000BF4B4B1B69396818460D
:1032200000F06EF90346002B05D1474B1B6903F0F4
:10323000F003E02B04D1786802F0F8FA00237EE076
:103240003B69002B04D1786802F0F0FA002376E0A5
:103250007B69DB889BB21A464FF63F731340002B05
:103260000BD0786800F092FC78607B68002B01D16D
:10327000002364E07B685B687B61334A3B691360D1
:10328000314A3B685360304A7B6993607B691B78A5
:1032900003F00F03DBB29B00DBB21A462A4B9A8184
:1032A000FB891946786802F03BFA7B695B7A112B3F
:1032B00006D0112B13DC012B0CD0062B05D00EE011
:1032C0003968786808F082FE26E03968786804F08A
:1032D00071FA21E039687868FFF7F6FB1CE01A4BB9
:1032E0005B693969184600F00BF90346002B0FD1D2
:1032F000154B5B6903F0F003E02B09D0B7F90E30F2
:103300001946786802F07FFA02217868FFF7FCFC22
:10331000786802F08BFA00BF0B4B00221A600A4B50
:1033200000225A60084B00229A60074B00229A81C3
:10333000054B00221A61044B00225A6100231846F3
:103340001837BD4680BD00BF68450110A476011046
:1033500080B58AB004AFF860B9607A60FB70BB6872
:103360007B617B68002B09D0BB68002B03D0BB6856
:103370001B68002B02D1BB6A04337B61FA78BB6AFD
:10338000029397F82430019397F820300093134666
:103390007A687969F86800F005F803461846183726
:1033A000BD4680BD80B588B000AFF860B9607A6076
:1033B000FB70FB689B7B012B06D04B4B4FF4557287
:1033C0004A494B48F2F7CCFA7B68002B60D01423B3
:1033D0007B831421F86802F093F90346002B02D096
:1033E0006FF001037CE0FB685B68FB61FB685B8955
:1033F000132B06D83C4B4FF462723E493C48F2F71F
:10340000AFFAFB69FA781A72FB6997F82C205A72A6
:103410007B681A68FB691A617B8B9B089BB2DBB2E5
:1034200043F04003DAB2FB691A70FB6997F8282071
:103430005A70FB681B891846FEF7F4FA03461A46D1
:10344000FB695A80FB6900229A710022DA712A4BCB
:103450001B881846FEF7E6FA03461A46FB699A806F
:10346000254B1B8801339AB2234B1A80BB68002B73
:1034700004D1224B1A68FB69DA6003E0BB681A6862
:10348000FB69DA60FB6900229A720022DA720FE0AF
:10349000FB685B89132B02D86FF0010320E0FB6807
:1034A0005B68FB61FB691B697B6107F114037B604F
:1034B0003B6B9B8C002B0CD0FB681A893B6B9B8C65
:1034C0009A4206D97A68396BF86800F053FD0346D2
:1034D00006E03B6B5B697A68F968386B984703468E
:1034E00018462037BD4680BD60D31108B0D31108FF
:1034F000BCD31108E4D3110880450110D0FF110896
:1035000080B485B000AF786039607B68FB607B6811
:10351000B3F1FF3F02D07B68002B01D101232AE0E9
:103520003B6893F82D3003F00203002B01D10023F8
:1035300021E03B6804331B687A689A4201D100237A
:1035400019E0FA683B6804331B685A403B6808334B
:103550001B681340002B0DD13B6808331B68DA430E
:103560007B681A403B6808331B68DB439A4201D1F1
:10357000012300E0002318461437BD465DF8047BA4
:103580007047000080B584B000AF0023BB60124BD1
:103590001B68FB6018E0FB68DB7F002B0BD0FB682F
:1035A000DB7F013BDAB2FB68DA77FB68BB60FB6864
:1035B0001B68FB6008E0FB687B60FB681B68FB60C6
:1035C000B968786800F00AF8FB68002BE3D100BF07
:1035D00000BF1037BD4680BD8445011080B588B05E
:1035E00000AF786039600023FB833A687B689A42B9
:1035F00005D1454BAB2245494548F2F7B1F93B6847
:10360000002B0AD03B681B687A689A4205D03E4B73
:10361000AD2240493E48F2F7A3F97B685B685B68DE
:103620007B617B699B889BB2002B2AD17B685B689E
:10363000BB617B691A687B685A60BB6958687B68A4
:10364000083314221946F1F739F80121B869FFF758
:103650006BFBB86902F072F903467B82FA8B7B8AB6
:103660001344B3F5803F05DB274BBC222A49284889
:10367000F2F776F9FA8B7B8A1344FB83B86902F080
:10368000D5F87B685B68BB611FE0BB695B687B61E9
:10369000BB69FB607B691B68BB61F86802F04EF98F
:1036A00003467B82FA8B7B8A1344B3F5803F05DBAC
:1036B000154BCC2218491648F2F752F9FA8B7B8A3F
:1036C0001344FB83F86802F0B1F8BB69002BDCD12E
:1036D0003968786800F0C2F8104B1B88FA8B9A4260
:1036E00005D9094BD2220E490948F2F739F90B4B9B
:1036F0001A88FB8BD31A9AB2084B1A80FB8B184698
:103700002037BD4680BD00BF14D4110868D411080D
:1037100074D411089CD41108B0D411088845011044
:10372000D0D4110880B58AB000AF7860396000232A
:103730007B6100233B620023FB610023BB6100230C
:103740003B61284B1B687B6230E07B6A5A697B686F
:10375000DB689A420CD17B6A9A697B681B699A4242
:1037600006D17B6A9A897B689B889BB29A4214D067
:103770003B6901333B613B6A002B04D17B6A3B62AE
:10378000FB69BB6109E07B6ADA7F3B6ADB7F9A42B7
:1037900003D87B6A3B62FB69BB617B6A1B68002BB9
:1037A00001D07B6AFB617B6A1B687B627B6A002BB2
:1037B000CBD13B6A002B08D0B969386AFFF70EFFFE
:1037C000F8607A69FB6813447B617A693B689A42C6
:1037D00002DA3B69012BACDC7B6918462837BD4611
:1037E00080BD00BF8445011080B584B000AF786013
:1037F0003960042001F034F9F860FB68002B10D127
:1038000039687868FFF78EFF02463B68934203DC15
:10381000042001F025F9F860FB68002B01D100239A
:1038200016E020220021F868EEF7D6FEFB680F2292
:10383000DA77094B1A68FB681A60074AFB6813605D
:10384000FB680833142279681846F0F737FFFB68E5
:1038500018461037BD4680BD8445011080B582B042
:1038600000AF78603960104B1B687A689A4204D1C7
:103870007B681B680C4A13600DE03B68002B06D187
:103880000A4B40F245120A490A48F2F769F87B6888
:103890001A683B681A607968042001F051F900BF8A
:1038A0000837BD4680BD00BF8445011014D41108FF
:1038B000F4D4110874D4110880B58CB000AFF8604E
:1038C000B9607A600023BB6201233B62BB685B681E
:1038D000FB61FB695B889BB21846FEF7A3F80346C1
:1038E0007B83FB691B7803F00F03DBB29B007B76C5
:1038F0007B7E9BB27A8B9A4202D24FF0FF3335E146
:103900007B7E9BB27A8BD31A7B83FB69DB889BB26D
:103910001846FEF787F80346C3F30C039BB2DB009F
:10392000FB82BB685B68FB62FB6A00221A700022A4
:103930005A7000229A700022DA70FB6AFA8A9A8022
:10394000FA8A7B8B13449AB2FB6ADA80FB6ADB88C3
:103950009BB2FA8A9A4202D94FF0FF3306E1FB6824
:103960005B687B6268E07B6A5B683B61FB6A9B88A3
:103970009AB23B699B889BB29A4235D2FB6A7A6ABB
:103980001A60BB6A002B20D0FB6A9B889AB2BB6A84
:10399000DB889BB29A4207D3FB6ADB889AB23B6909
:1039A0009B889BB29A4202D94FF0FF33DEE0BB6A9C
:1039B000BA681A60BB6ADB889AB2FB6A9B889BB2C2
:1039C0009A423DD000233B623AE0FB6ADB889AB220
:1039D0003B699B889BB29A4202D94FF0FF33C5E006
:1039E000FB68BA685A602BE0FB6A9B889AB23B6915
:1039F0009B889BB29A4202D14FF0FF33B6E0FB6A3C
:103A00009B889AB23B69DB889BB29A4202D24FF004
:103A1000FF33ABE0BB6A002B09D0BB6ADB889AB2EC
:103A20003B699B889BB29A4201D000233B623B6971
:103A30001B687B623B69BB627B6A002B93D100E011
:103A400000BF7B6A002B2DD1BB6A002B1CD0BB6A48
:103A5000DB889AB2FB6A9B889BB29A4206D9454B97
:103A60004FF4DB7244494548F1F77AFFBB6ABA6804
:103A70001A60BB6ADB889AB2FB6A9B889BB29A4247
:103A800010D000233B620DE0FB685B68002B06D082
:103A9000384B4FF4DF723A493848F1F761FFFB6861
:103AA000BA685A607B68002B05D1FB689B7F03F0E6
:103AB0000103002B59D03B6A002B4FD0FB685B6899
:103AC000002B06D0FB685B685B689B889BB2002B71
:103AD00002D000233B6241E0FB6ABB62FB6A1B68C9
:103AE0007B6212E07B6A5B68FB62BB6ADB889AB22E
:103AF000FB6A9B889BB29A4202D000233B6207E09C
:103B0000FB6ABB62FB6A1B687B627B6A002BE9D1A4
:103B10003B6A002B22D0FB685B68002B06D1154B5B
:103B200040F2DF1217491548F1F71AFFFB685B688E
:103B30005B68FA6A9A4206D10E4B4FF4F072114953
:103B40000E48F1F70DFFFB6A1B68002B06D0094BEE
:103B50004FF4F1720C490948F1F702FF3B6A002B60
:103B600014BF01230023DBB200E0002318463037E6
:103B7000BD4680BD14D4110810D5110874D41108A5
:103B800030D5110868D5110878D5110880B58EB0E8
:103B900000AF78607B685B68BB62BB6A1B7803F030
:103BA0000F03DBB29B00DBB2142B40F07181BB6AC8
:103BB000DB889BB21846FDF735FF0346C3F30C03C1
:103BC0009BB2DB00FB84BB6A5B889BB21846FDF7A7
:103BD00029FF0346BB84BB6A1B7803F00F03DBB2EB
:103BE0009B0087F8233097F823309BB2BA8C9A4217
:103BF000C0F0508197F823309BB2BA8CD31ABB84A3
:103C0000786801F09BFE03463B848C4B1B881A4668
:103C10003B8C13440A2B10DD3B8C1946B86AFFF726
:103C200081FD0346002B00F03781844B1B881A4628
:103C30003B8C13440A2B00F32F81814B1B683B63A1
:103C400015E03B6B5A69BB6ADB689A420CD13B6B4F
:103C50009A69BB6A1B699A4206D13B6B9A89BB6A17
:103C60009B889BB29A4206D03B6B1B683B633B6BC5
:103C7000002BE6D100E000BF3B6B002B09D13B8C51
:103C80001946B86AFFF7B0FD38633B6B002B1CD1B7
:103C900005E1BB6ADB889BB21846FDF7C3FE03460D
:103CA000C3F30C03002B10D13B6BDB891846FDF7E7
:103CB000B9FE0346C3F30C03002B06D03B6B08335D
:103CC0001422B96A1846F0F7F9FCBB6ADB889BB28C
:103CD00003F02003002B0CBF01230023DBB2FB61A8
:103CE000FB69002B0ED0FA8CBB8C13447B837A8B40
:103CF000FB8C9A42C0F0A0807B8B4FF6EB72934214
:103D000000F29A80FA697968386BFFF7D5FD78611F
:103D10007B69B3F1FF3F00F09B80484B1A883B8CD6
:103D200013449AB2454B1A80FB69002B0DD0FA8CD4
:103D3000BB8C13447B823B6B7A8A9A833B6B9B7F61
:103D400043F00103DAB23B6B9A777B69012B71D1A7
:103D50003B6B9B8B14333B823B6B5B685B681B68E4
:103D60007B633B6B5B685B68BB623B6B0833142215
:103D70001946B86AF0F7A2FC3B8A1846FDF752FED6
:103D800003461A46BB6A5A80BB6A00229A71002217
:103D9000DA71BB6A00229A720022DA723B6B5B68AE
:103DA0007B600DE07B6B5B68FB601421786B01F03E
:103DB000B7FC796B786801F0FBFDFB681B687B63DF
:103DC0007B6B002BEED11E4B1B683A6B9A4202D1E3
:103DD0000023FB6210E01A4B1B68FB6207E0FB6AE2
:103DE0001B683A6B9A4206D0FB6A1B68FB62FB6A4F
:103DF000002BF4D100E000BFF96A386BFFF72EFD0D
:103E0000786801F09BFD03463B840C4B1B883A8C81
:103E10009A4206D90B4B40F29B220B490B48F1F713
:103E20009FFD064B1A883B8CD31A9AB2034B1A801B
:103E30007B6838E0002336E000BF0AE088450110C7
:103E40008445011014D411089CD5110874D41108AC
:103E500000BF3B6B002B06D1154B4FF42A7215495E
:103E60001548F1F77DFD3B6B5B68002B16D1134BBA
:103E70001B683A6B9A4206D00D4B40F2AB221049B8
:103E80000D48F1F76DFD0021386BFFF7E7FC06E008
:103E900000BF04E000BF02E000BF00E000BF7868A0
:103EA00001F0C4FC002318463837BD4680BD00BF72
:103EB00014D41108B8D5110874D411088445011020
:103EC000C4D5110880B500AF052000F0C9FD034638
:103ED000184680BD80B582B000AF78607B68002B4B
:103EE00006D1074B4FF4317206490748F1F738FD08
:103EF0007968052000F024FE00BF0837BD4680BD6C
:103F000014D41108E4D5110874D4110880B584B014
:103F100000AF78607B68FB60FB68002B06D1114B1B
:103F200040F2CE2210491148F1F71AFDFA687B6879
:103F30009A4206D00B4B40F2CF220D490B48F1F7C5
:103F40000FFDFB685B69002B04D0FB685B691846BA
:103F500001F06CFCF868FFF7BDFF00BF1037BD46ED
:103F600080BD00BF14D41108F0D5110874D4110815
:103F7000FCD5110880B594B002AFF860B9607A60E2
:103F80000023A7F84630BB689B8C143B002B00DA5B
:103F90000733DB107B871423FB87FB685B687B633D
:103FA0007B6B3B633B6B1B7803F00F03DBB29B0027
:103FB000DBB2142B02D06FF0050310E1FB685B89C4
:103FC000132B09D8884B4FF43F7288498848F1F782
:103FD000C7FC6FF0050302E13B6BDB889BB2184620
:103FE000FDF720FD0346BB87BB8FC3F30C03A7F887
:103FF0004030BB8F03F40053FB62FB681B89143B0A
:10400000A7F84230E1E07B8FDB009BB2B7F842209B
:10401000934228BF13467B854FF4207214210E2053
:1040200001F020F978627B6A002B00F0D5807B6A72
:104030005B89132B06D86C4B4FF449726D496C4861
:10404000F1F78EFC7B6A5B681422796B1846F0F7F7
:1040500035FB7B6A5B683B637B8DA7F8443064E08B
:10406000FB685A89FB8FD31AFB83FB685B89FA8F45
:104070009A4206D95C4B40F22D325F495C48F1F719
:104080006FFCFA8BB7F84430934228BF1346A7F869
:104090004630B7F84630002B05D10023FB87FB687C
:1040A0001B68FB6041E0FFF70DFFB861BB69002BA7
:1040B00003D1786A01F0BAFB8FE0B869FB685A68EF
:1040C000FB8F1344B7F84610B7F8462001920093CF
:1040D00003464122002001F0EFF978617B69002B53
:1040E00006D1B869FFF7F6FE786A01F09FFB74E02D
:1040F000F86801F03BFCBB69FA685A61BB693F4A4A
:104100001A617969786A01F053FCB7F84420B7F86E
:104110004630D31AA7F84430B7F84430002B04D007
:104120000023FB87FB681B68FB60B7F84430002B5B
:1041300096D1FA8FB7F846301344FB87BB689B8C47
:10414000A3F11302B7F842309A42CCBF01230023F7
:10415000DBB23B62B7F84030C3F30C03BB873B6A6A
:10416000002B02D0FB6A002B03D0BB8F43F400531B
:10417000BB87BB8F1846FDF755FC03461A463B6BC1
:10418000DA807B8D14339BB21846FDF74BFC034657
:104190001A463B6B5A803B6B00229A720022DA72FD
:1041A000BB685B697A68796AB8689847786A01F091
:1041B0003DFBB7F842207B8DD31AA7F84230B7F801
:1041C00040207B8F1344A7F84030B7F84230002BD3
:1041D0007FF419AF002302E000BF4FF0FF33184611
:1041E0004837BD4680BD00BF14D4110808D6110859
:1041F00074D4110824D6110844D611080D3F1108B3
:1042000080B483B000AF0346FB80054B1A68FB887F
:10421000134418460C37BD465DF8047B704700BF59
:104220008C45011080B483B000AF7860054B1B68EB
:104230007A68D31A9BB218460C37BD465DF8047BEA
:10424000704700BF8C45011090B585B000AF786015
:10425000454B1B687A689A4206D2444B40F2DF1203
:1042600043494448F1F77CFB434B1B687A689A4208
:1042700006D33E4B4FF4F07240493E48F1F770FBD5
:104280007B681B79002B06D0384B40F2E1123C4989
:104290003848F1F765FB7B681B88B3F5006F06D9DA
:1042A000324B4FF4F27237493248F1F759FB7B68D1
:1042B0001B881846FFF7A4FFF8607A68FB689A42EB
:1042C00024D0FB681B79002B20D12B4B1B68FA688C
:1042D0009A421BD02C4B1B68FA689A4202D12A4A98
:1042E0007B681360FB681A887B681A80FB681B88F0
:1042F000B3F5006F0AD0FB681B881846FFF780FFF4
:1043000004467868FFF78EFF034663807B685B880E
:104310001846FFF775FFB860BA687B689A421FD0ED
:10432000BB681B79002B1BD1174B1B687A689A421C
:1043300002D1154ABB6813607B681A88BB681A8073
:104340007B681B88B3F5006F0AD07B681B88184612
:10435000FFF756FF0446B868FFF764FF0346638023
:1043600000BF1437BD4690BD8C45011054D61108CE
:10437000A0D61108B8D6110890450110E0D6110852
:10438000FCD6110818D711089445011080B582B0E9
:1043900000AF164B164A1A60144B1B687B607B6893
:1043A0004FF400621A807B6800225A807B680022EA
:1043B0001A714FF40060FFF723FF03460D4A1360A4
:1043C0000C4B1B6801221A710A4B1B684FF40062E8
:1043D0001A80084B1B684FF400625A80034B1B681D
:1043E000054A136000BF0837BD4680BD8C450110EB
:1043F00000400430904501109445011080B586B00E
:1044000000AF78607868FFF70DFF0346FB827B689A
:104410001B881846FFF7F4FE38617B685B881846F6
:10442000FFF7EEFEF8607B681B88B3F5006F18D8C5
:104430007B685B88B3F5006F13D87B685B88FA8A6A
:104440009A4204D0FB681B88FA8A9A4209D1084B29
:104450001B683A699A4206D03B695B88FA8A9A429D
:1044600001D0002300E0012318461837BD4680BD67
:104470009045011080B584B000AF78607B68002B58
:104480004CD07B6803F00303002B07D0254B40F290
:10449000732225492548F1F763FA40E07B68083B21
:1044A000FB60234B1B68FA689A4206D37B6803F1D2
:1044B0000C02204B1B689A4207D91A4B40F27F220C
:1044C0001D491A48F1F74CFA29E0FB681B79002BCB
:1044D00007D1144B4FF4237218491448F1F740FAEE
:1044E0001DE0F868FFF78AFF0346002B07D10D4B4C
:1044F00040F2952212490D48F1F732FA0FE0FB68BD
:1045000000221A710F4B1B68FA689A4202D20D4AB8
:10451000FB681360F868FFF797FE00E000BF1037F4
:10452000BD4680BD54D6110844D71108B8D611082D
:104530008C4501109045011068D7110884D71108E7
:10454000ACD711089445011080B588B000AF7860F1
:104550000B467B807B8803339BB223F00303FB83F2
:10456000FB8B0B2B01D80C23FB83FB8BB3F5006F6C
:1045700003D8FA8B7B889A4201D20023CCE0684BA7
:104580001B687A689A4204D3664B1B687A689A4221
:1045900006D3654B40F2D12264496548F1F7E0F952
:1045A0005F4B1B687A689A4204D35E4B1B687A683B
:1045B0009A4201D37B68AFE07B68083BBB61B86976
:1045C000FFF730FE0346FB82BB691A88FB8AD31AC9
:1045D0009BB2083BBB82FA8BBB8A9A4206D9524BEC
:1045E0004FF4397253495248F1F7BAF9FA8BBB8A42
:1045F0009A4201D900238FE0FA8BBB8A9A4201D1FB
:104600007B6889E0BB691B881846FFF7F9FD3861B4
:104610003B691B79002B3FD1BB691B88B3F5006F49
:1046200006D1414B40F2F52243494148F1F798F950
:104630003B691B88BB81FA8AFB8B13449BB208330E
:10464000FB813E4B1B683A699A4206D1FB891846AA
:10465000FFF7D6FD0346394A1360FB891846FFF77A
:10466000CFFD38613B6900221A713B69BA891A8013
:104670003B69FA8A5A80BB69FA891A803B691B88B0
:10468000B3F5006F47D03B691B881846FFF7B8FDAC
:104690000246FB8953803EE0FB8B03F11402BB8A88
:1046A0009A4238D8FA8AFB8B13449BB20833FB81B9
:1046B000BB691B88B3F5006F06D11B4B40F2163265
:1046C0001D491B48F1F74CF9FB891846FFF798FD87
:1046D00038611A4B1B683A699A4202D2174A3B6901
:1046E00013603B6900221A71BB691A883B691A8002
:1046F0003B69FA8A5A80BB69FA891A803B691B8830
:10470000B3F5006F07D03B691B881846FFF778FDAB
:104710000246FB8953807B6818462037BD4680BD22
:104720008C4501109045011054D61108E0D71108AE
:10473000B8D61108F8D7110818D8110894450110F7
:1047400080B588B000AF0346FB80FB88002B01D109
:104750000023D9E0FB8803339BB223F00303BB8320
:10476000BB8B0B2B01D80C23BB83BB8BB3F5006F2A
:1047700003D8BA8BFB889A4201D20023C4E0644B71
:104780001B681846FFF74EFD0346FB83B4E0FB8B26
:104790001846FFF735FD78617B691B79002B40F0E7
:1047A000A4807B691B881A46FB8BD31AA3F10802ED
:1047B000BB8B9A42C0F099807B691B881A46FB8BA1
:1047C000D31AA3F10802BB8B14339A4233D3FA8B6A
:1047D000BB8B13449BB208337B827B8AB3F5006F9B
:1047E00006D14C4B40F287324B494C48F1F7B8F8B0
:1047F0007B8A1846FFF704FDF860FB6800221A71F7
:104800007B691A88FB681A80FB68FA8B5A807B697F
:104810007A8A1A807B6901221A71FB681B88B3F5BA
:10482000006F0BD0FB681B881846FFF7E9FC0246B7
:104830007B8A538002E07B6901221A71344B1B682A
:104840007A699A4227D1324B1B68BB6105E0BB698C
:104850001B881846FFF7D4FCB861BB691B79002B95
:1048600004D02F4B1B68BA699A42F0D1284ABB6921
:104870001360274B1A682A4B1B689A420BD0244BB3
:104880001B681B79002B06D0224B40F2B53225491C
:104890002248F1F765F8BA8B7B6913440833204A44
:1048A0001268934206D91B4B40F2B9321E491B488D
:1048B000F1F756F87B6903F00303002B06D0154B84
:1048C00040F2BB3219491548F1F74AF87B6903F009
:1048D0000303002B06D00F4B40F2BD3214490F48A2
:1048E000F1F73EF87B6908330EE0FB8B1846FFF7C3
:1048F00087FC03461B88FB83FA8BBB8BC3F50063E5
:104900009A42FFF444AF002318462037BD4680BDCD
:104910009445011054D6110818D81108B8D61108BA
:10492000904501102CD8110848D8110878D81108E2
:10493000A8D8110880B485B000AF78607B689B6808
:1049400000221A607B685B68033323F00303BB60BB
:104950000023FB6011E07B689B681A68BB681A60E3
:104960007B689B68BA681A607B681B881A46BB68BC
:104970001344BB60FB680133FB607B685B881A46AD
:10498000FB689342E7DB00BF00BF1437BD465DF80C
:10499000047B704780B582B000AF0023FB8009E044
:1049A000FB88084A52F823301846FFF7C3FFFB88FC
:1049B0000133FB80FB88082BF2D900BF00BF08370A
:1049C000BD4680BD4000120880B584B000AF78605D
:1049D0007B689B681B68FB60FB68002B12D07B68C0
:1049E0009B68FA6812681A60FB6803F00303002BE7
:1049F00006D0074B4FF48C7206490748F0F7B0FF1A
:104A0000FB6800E0002318461037BD4680BD00BF9C
:104A1000CCD8110818D911083CD9110880B582B03A
:104A200000AF78607B68002B06D10A4B4FF49E7272
:104A300009490A48F0F794FF7B68002B01D1002355
:104A400003E07868FFF7C0FF034618460837BD4605
:104A500080BD00BFCCD8110864D911083CD9110819
:104A600080B584B000AF0346FB71FB79082B08D9F1
:104A70000A4B40F257120A490A48F0F771FF002327
:104A800008E0FB79084A52F823301846FFF79CFFEC
:104A9000F860FB6818461037BD4680BDCCD81108B9
:104AA00078D911083CD911084000120880B584B0AB
:104AB00000AF786039603B6803F00303002B06D039
:104AC0000A4B4FF4B6720A490A48F0F749FF3B68AF
:104AD000FB607B689B681A68FB681A607B689B6850
:104AE000FA681A6000BF1037BD4680BDCCD81108E7
:104AF00098D911083CD9110880B582B000AF786010
:104B000039607B68002B06D10A4B40F295120A49A6
:104B10000A48F0F725FF7B68002B07D03B68002B85
:104B200004D039687868FFF7C1FF00E000BF08379C
:104B3000BD4680BDCCD8110864D911083CD91108F4
:104B400080B582B000AF03463960FB71FB79082B5A
:104B500007D90C4B4FF4D5720B490C48F0F700FF06
:104B60000CE03B68002B08D0FB79094A52F823304F
:104B700039681846FFF79AFF00E000BF0837BD46C6
:104B800080BD00BFCCD81108B8D911083CD9110894
:104B90004000120880B400AF00BFBD465DF8047B42
:104BA0007047000080B586B000AFF860B9607A60E9
:104BB0003B60FB68002B08D1574B40F22712574946
:104BC0005748F0F7CDFE0023A2E07B6A002B08D106
:104BD000514B4FF4947253495148F0F7C1FE0023F2
:104BE00096E0BB68002B01D14F4BBB607B68002B6C
:104BF00001D14D4B7B603B68002B01D14A4B3B60A0
:104C0000FB6800225A60FB6800229A60FB68002261
:104C1000DA60FB68454A5A61FB6800229A84FB68A7
:104C2000002283F82D20FB680022DA61FB683A6AD3
:104C30001A623F4B1A78FB6883F83020FB68BA6A27
:104C40001A613B687A68B968F86800F013F97B6A02
:104C5000F86898470346002B01D0002358E0FB6812
:104C600093F83030FF2B03D1FB68002283F830200B
:104C700000233B612F4B1B687B612BE07A69FB684B
:104C80009A4206D1244B40F28B122B492448F0F76C
:104C900067FE3B6901333B613B69FF2B06DD1E4B21
:104CA00040F28D1225491E48F0F75AFE7B6993F8B1
:104CB0003020FB6893F830309A4208D1FB6893F8B3
:104CC00030300133DAB2FB6883F8302005E07B69CD
:104CD0001B687B617B69002BD0D17B69002BBED127
:104CE000FB6893F83030FE2B03D1114B00221A7071
:104CF00006E0FB6893F830300133DAB20C4B1A70DF
:104D00000C4B1A68FB681A600A4AFB681360FB6860
:104D100018461837BD4680BDD4D9110880DA11086D
:104D20003CDA11089CDA1108D0FF11084F51110824
:104D3000AC760110A4760110C0DA1108D4DA11089B
:104D400080B582B000AF786039603968786802F069
:104D5000DFFC3968786807F077FB00BF0837BD468D
:104D600080BD000080B586B000AFF860B9607A60A1
:104D7000BB68002B06D11D4B40F2CB121C491D48CD
:104D8000F0F7EEFD7B68002B06D1184B4FF4E6726E
:104D900017491848F0F7E4FDBB681A68FB6804334C
:104DA0001B689A421CD0BB681B687B61FB6804339C
:104DB0001A687B681A6007F1140319467868FFF7D0
:104DC000BFFFBB68002B02D0BB681B6800E000235C
:104DD000FA6853600121F86800F0D2F8012300E07E
:104DE000002318461837BD4680BD00BFD4D911082E
:104DF00004DB11083CDA110880B485B000AFF8601C
:104E0000B9607A60BB681A68FB6808331B689A420D
:104E10000AD0BB68002B02D0BB681B6800E00023EF
:104E2000FA689360012300E0002318461437BD465A
:104E30005DF8047B704780B485B000AFF860B9605E
:104E40007A60BB681A68FB680C331B689A420AD008
:104E5000BB68002B02D0BB681B6800E00023FA6827
:104E6000D360012300E0002318461437BD465DF8E7
:104E7000047B704780B588B000AFF860B9607A6095
:104E80003B600023FB610023BB61BB68002B01D1A9
:104E90001C4BBB607B68002B01D11A4B7B603B68CD
:104EA000002B01D1174B3B60BB68002B03D0BB68C4
:104EB0001B68002B01D1012300E000237B617B698B
:104EC000002B06D007F110031A46B968F868FFF7FF
:104ED00049FFFA697968F868FFF78EFFBA6939689F
:104EE000F868FFF7A8FF7B69002B06D107F11003D4
:104EF0001A46B968F868FFF735FF00BF2037BD468E
:104F000080BD00BFD0FF110880B483B000AF7860CF
:104F1000044A7B68136000BF0C37BD465DF8047B14
:104F2000704700BFA876011080B582B000AF7860EE
:104F30007B68002B07D10F4B4FF454720E490F487A
:104F4000F0F70EFD13E07B6893F82D3003F00103BA
:104F5000002B0CD17B6893F82D3043F00103DAB2BB
:104F60007B6883F82D200321786800F009F8083762
:104F7000BD4680BDD4D9110874DB11083CDA110894
:104F800080B582B000AF78600B46FB707B68002B69
:104F900006D1184B40F26D3217491848F0F7E0FC83
:104FA0007B6893F82D3003F00403002B1ED07B6840
:104FB00093F82D3003F00103002B17D0FB7803F09A
:104FC0000103002B13D07B6804331B68002B0ED029
:104FD0007B6893F82D3003F00803002B07D07B6823
:104FE000043319467868FDF787FC00E000BF0837F6
:104FF000BD4680BDD4D9110890DB11083CDA1108F8
:1050000080B582B000AF78607B68002B07D1124B6F
:1050100040F29B3211491248F0F7A2FC19E07B687C
:1050200093F82D3003F00103002B12D07B6893F826
:105030002D3023F00103DAB27B6883F82D207B68E2
:1050400093F82D3003F00803002B02D07868FDF7A9
:1050500011F80837BD4680BDD4D91108B4DB11085A
:105060003CDA110880B582B000AF78607B68002B15
:1050700007D1134B4FF4787212491348F0F770FCC4
:105080001BE07B6893F82D3003F00403002B14D150
:105090007B6893F82D3043F00403DAB27B6883F821
:1050A0002D2003217868FFF76BFF7B68DB69002BFD
:1050B00003D07B68DB69786898470837BD4680BDB8
:1050C000D4D91108D4DB11083CDA110880B582B0BC
:1050D00000AF78607B68002B07D1114B40F206428D
:1050E00010491148F0F73CFC17E07B6893F82D302D
:1050F00003F00403002B10D07B6893F82D3023F0CD
:105100000403DAB27B6883F82D207B68DB69002B0F
:1051100003D07B68DB69786898470837BD4680BD57
:10512000D4D91108F8DB11083CDA110880B483B037
:1051300000AF786039607B68002B02D07B683A68EA
:10514000DA6100BF0C37BD465DF8047B704780B460
:1051500085B000AFF860B9607A606FF00B03184655
:105160001437BD465DF8047B7047000080B485B0FD
:1051700000AF0346FB71FB79002B13D00D4B1B686E
:10518000FB600CE0FB6893F830300133DBB2FA7956
:105190009A4201D1FB6806E0FB681B68FB60FB6874
:1051A000002BEFD1002318461437BD465DF8047B71
:1051B000704700BFA476011080B582B000AF0C4BE1
:1051C00000221A700B4B1B687B600AE07B685B6FE8
:1051D000002B03D0786802F0D9FA05E07B68DB6821
:1051E0007B607B68002BF1D10837BD4680BD00BFD6
:1051F000AD760110BC76011080B400AF034B0122E4
:105200001A7000BFBD465DF8047B7047AD76011093
:1052100080B485B000AFF860B96011461A460B46FD
:10522000FB801346BB80FB6800221A60FB68BA68EB
:105230005A60FB68FA881A81FB68BA885A813B8BEE
:10524000DAB2FB681A73FB683A7F5A73FB68012273
:105250009A73FB680022DA7300BF1437BD465DF80D
:10526000047B704780B58CB002AF0346FB710B46E0
:10527000BB8013467B80FB797B847B88B3F5207FE2
:105280007FD0B3F5207F00F3C880B3F5C17F10D085
:10529000B3F5C17F00F3C180012B02D0412B40F058
:1052A000BC807A88BB881946002000F0D1F878626B
:1052B000BDE000237B620023FB61BB887B83082069
:1052C000FFF7CEFB38613B69002B09D1FFF794FF54
:1052D0007B6A002B02D0786A00F0A8FA0023A7E0CE
:1052E0007B8C03339BB223F003039BB2C3F514738F
:1052F0009BB27A8B934228BF1346FB817B8C103381
:105300003A691344033323F003031846F9897A8B6F
:10531000002301937B8800930B4601463869FFF711
:1053200077FF3B695B6803F00303002B06D0424B19
:105330004FF4807241494248F0F712FB7B8C0333F3
:1053400023F00303B3F5147F06D13B4B4FF4817276
:105350003C493B48F0F704FB7B6A002B02D13B69D8
:105360007B6202E0FB693A691A603B69FB617A8BF8
:10537000FB89D31A7B8300237B847B8B002B9ED1FC
:1053800055E07B8C03339BB223F003039AB2BB88B6
:1053900003339BB223F003039BB213443B833B8B49
:1053A0001033FB823A8BBB88033323F003039A420A
:1053B00006D3FA8ABB88033323F003039A4201D24F
:1053C000002335E0FB8A1846FFF7BAF978627B6A5A
:1053D000002B01D100232BE07B8C10337A6A13441D
:1053E000033323F003031846B988BA8800230193D6
:1053F0007B8800930B460146786AFFF709FF7B6ABA
:105400005B6803F00303002B10D00B4B4FF4917239
:105410000D490B48F0F7A4FA08E0074B40F22712B9
:105420000A490748F0F79CFA002301E000BF7B6AB5
:1054300018462837BD4680BD1CDC110868DC110801
:1054400098DC1108C0DC1108F4DC110820DD11081B
:1054500080B586B002AF78600B467B8013463B80F8
:105460003B88412B09D03B88012B06D00F4B4FF4D2
:10547000A5720F490F48F0F773FA0720FFF7F0FA0B
:10548000F860FB68002B01D100230BE079887A8853
:10549000002301933B8800930B467968F868FFF777
:1054A000B7FEFB6818461037BD4680BD1CDC1108EE
:1054B0003CDD110898DC110880B588B002AF7B6034
:1054C0000346FB730B46BB8113467B81FB7B7B82D0
:1054D0007B8A033323F00302BB891A44BB8C9A42B4
:1054E00001D9002318E03B6A002B07D07B8A0333E5
:1054F00023F003033A6A13447B6101E000237B61DC
:105500007868B989BA89022301937B8900930B4695
:105510007969FFF77DFE7B6818461837BD4680BD68
:1055200080B584B000AF78600B467B807B68002B31
:1055300006D13A4B4FF4CC7239493A48F0F710FA99
:105540007B681B897A889A4263D27B681A897B8838
:10555000D31A3B817B887B817B68FB6018E0FB680A
:105560005B897A89D31A7B81FB681A893B89D31AB4
:105570009AB2FB681A81FB681B68FB60FB68002B12
:1055800006D1264B40F2AF1227492648F0F7E8F93A
:10559000FB685B897A899A42E1D8FB681B7B03F040
:1055A0000F03002B21D1FB685B897A899A421CD0BA
:1055B000FB685B7B03F00203002B16D1FB685A6883
:1055C000FB68D31A9AB27B8913449BB21946F868D8
:1055D000FEF7BAFFF860FB68002B06D10F4B40F2D4
:1055E000BD1212490F48F0F7BBF9FB687A895A815E
:1055F000FB685A89FB681A81FB681B68002B04D082
:10560000FB681B68184600F011F9FB6800221A605D
:1056100000E000BF1037BD4680BD00BF1CDC110894
:1056200050DD110898DC110868DD110880DD1108D3
:1056300080B586B000AFF860B9601346FB71FB68B7
:10564000002B06D12B4B40F2DF122B492B48F0F7F1
:1056500087F9FB68002B03D0BB68B3F5803F01D30B
:10566000012343E0BB68002B01D100233EE0BB686F
:105670007B82FB681A897B8A13449BB27A8A9A429E
:1056800001D9012332E0FB681B7B3B823B8A03F09C
:105690008003002B0CD0FB685A68BB685B42134444
:1056A0007B61FB6810337A699A420DD201231DE0B9
:1056B000FB79002B06D0FB685A68BB685B42134439
:1056C0007B6101E0012311E0FB687A695A60FB68A5
:1056D0005A897B8A13449AB2FB685A81FB681A89FB
:1056E0007B8A13449AB2FB681A8100231846183744
:1056F000BD4680BD1CDC11089CDD110898DC11083A
:1057000080B582B000AF786039600022396878686F
:10571000FFF78EFF034618460837BD4680BD0000E0
:1057200080B584B000AF786039607B68002B06D10B
:10573000204B40F24B2220492048F0F711F97B68BA
:10574000002B03D03B68B3F5803F01D301232CE04D
:105750003B68002B01D1002327E03B68FB817B687D
:105760005B89FA899A4208D9124B40F255221449B2
:105770001248F0F7F5F8012317E07B685B68BB601F
:105780007B685A683B681A447B685A607B685A8910
:10579000FB89D31A9AB27B685A817B681A89FB8984
:1057A000D31A9AB27B681A81002318461037BD4677
:1057B00080BD00BF1CDC11089CDD110898DC1108BD
:1057C000A8DD110880B582B000AF78600B467B8001
:1057D00013467B70B7F90230002B08DAB7F90230B4
:1057E0005B4219467868FFF79BFF034607E0B7F96D
:1057F00002307A7819467868FFF71AFF0346184690
:105800000837BD4680BD80B582B000AF78600B46DA
:105810007B80B7F90230012219467868FFF7D2FF82
:10582000034618460837BD4680BD000080B586B0E7
:1058300000AF78607B68002B0BD17B68002B06D112
:10584000384B4FF4377238493848F0F789F800235D
:1058500063E00023FB755CE07B689B7B002B06D13B
:10586000304B40F2F12232493048F0F779F87B684A
:105870009B7B013BDAB27B689A737B689B7BBB7531
:10588000BB7D002B43D17B681B683B617B681B7B26
:1058900003F00F03FB737B685B7B03F00203002BB9
:1058A00011D07B68BB60BB681B69002B06D11D4B08
:1058B00040F2FF221F491D48F0F752F8BB681B69F0
:1058C000786898471DE0FB7B022B04D1796808209B
:1058D000FFF736F915E0FB7B012B04D1796807202F
:1058E000FFF72EF90DE0FB7B002B03D17868FEF764
:1058F000C1FD06E00B4B40F20F320F490B48F0F7A9
:105900002FF8FB7D0133FB753B697B6001E00023D1
:105910007B607B68002B9FD1FB7D18461837BD4606
:1059200080BD00BF1CDC11089CDD110898DC11084B
:10593000C8DD1108E0DD110804DE110880B485B06F
:1059400000AF78600023FB8105E0FB890133FB8118
:105950007B681B687B607B68002BF6D1FB8918464F
:105960001437BD465DF8047B7047000080B582B0F7
:1059700000AF78607B68002B10D07B689B7B013385
:10598000DAB27B689A737B689B7B002B06D1054B50
:1059900040F2423204490548EFF7E2FF00BF083702
:1059A000BD4680BD1CDC110818DE110898DC11080A
:1059B00080B584B000AF786039607B68002B02D07E
:1059C0003B68002B07D1204B40F259321F49204839
:1059D000EFF7C6FF34E07B68FB600AE0FB681A89DA
:1059E0003B681B8913449AB2FB681A81FB681B68E9
:1059F000FB60FB681B68002BF0D1FB681A89FB6811
:105A00005B899A4206D0104B40F26232114910482D
:105A1000EFF7A6FFFB681B68002B06D00A4B40F28D
:105A200063320D490A48EFF79BFFFB681A893B6810
:105A30001B8913449AB2FB681A81FB683A681A60A2
:105A40001037BD4680BD00BF1CDC11082CDE1108DC
:105A500098DC110864DE110894DE110880B586B068
:105A600000AF7860396000237B6100233B617B6875
:105A7000002B08D03B68002B05D07B681A893B6857
:105A80001B899A4209D2574B40F2C93256495748AE
:105A9000EFF766FF6FF00F039FE07B685B891A46A4
:105AA0007B69D21A3B685B8919463B69CB1A9A42DB
:105AB00006D33B685B891A463B69D31AFB6005E055
:105AC0007B685B891A467B69D31AFB607B685A68DE
:105AD0007B69D0183B685A683B691344FA681946D9
:105AE000EEF7ECFD7A69FB6813447B613A69FB6869
:105AF00013443B617B685B891A467B69934206D9F4
:105B0000384B40F2D9323A493848EFF729FF3B6821
:105B10005B891A463B69934206D9324B40F2DA322E
:105B200034493248EFF71CFF3B685B891A463B69F2
:105B3000934204D300233B613B681B683B607B6856
:105B40005B891A467B69934214D100237B617B6891
:105B50001B687B607B68002B0CD13B68002B09D055
:105B6000204B4FF4797224492048EFF7F9FE6FF08B
:105B70000F0332E03B68002B13D03B685A893B6827
:105B80001B899A420DD13B681B68002B09D0154B2D
:105B900040F2E93219491548EFF7E2FE6FF00503CC
:105BA0001BE07B68002B13D07B685A897B681B89BC
:105BB0009A420DD17B681B68002B09D0094B40F23B
:105BC000EE320E490948EFF7CBFE6FF0050304E013
:105BD0003B68002B7FF461AF002318461837BD46A1
:105BE00080BD00BF1CDC1108E0DE110898DC110844
:105BF00010DF110828DF110844DF110854DF1108F5
:105C000080B588B000AFF860B96011461A460B46FF
:105C1000FB801346BB8000237B830023FB82FB6851
:105C2000002B08D12B4B40F20A422B492B48EFF7AF
:105C300097FE00234AE0BB68002B08D1254B40F2B9
:105C40000B4227492548EFF78BFE00233EE0FB6817
:105C5000FB6134E0BB88002B0AD0FB695B89BA8802
:105C60009A4205D3FB695B89BA88D31ABB8023E0CB
:105C7000FB695A89BB88D31A3B833A8BFB889A42CB
:105C800001D9FB883B837B8BBA68D018FB695A68C3
:105C9000BB8813443A8B1946EEF710FDFA8A3B8B0A
:105CA0001344FB827A8B3B8B13447B83FA883B8BB8
:105CB000D31AFB800023BB80FB691B68FB61FB8858
:105CC000002B02D0FB69002BC4D1FB8A1846203779
:105CD000BD4680BD1CDC110880DF110898DC11086E
:105CE000A0DF110880B584B000AF03463A60FB71B5
:105CF0000B46BB803B681989BA88FB791846FFF7C9
:105D0000B1FAF860FB68002B01D1002311E039687B
:105D1000F868FFF7A3FE0346FB7297F90B30002BE0
:105D200006D0064B40F2245205490648EFF718FE0C
:105D3000FB6818461037BD4680BD00BF1CDC11084B
:105D4000ACE0110898DC110880B500AFEBF736FD28
:105D500003469BB2C3F30D039BB2A3F580439AB2F3
:105D6000014B1A8000BF80BDFA01001080B582B0DF
:105D700000AF78607B681B7D012B05D1064BD422D8
:105D800006490748EFF7ECFD79680120FEF7D8FED9
:105D900000BF0837BD4680BD38E1110884E1110815
:105DA00098E1110880B582B000AF78607B681B7DF8
:105DB000012B05D1064BDF2206490748EFF7D0FD3E
:105DC00079680220FEF7BCFE00BF0837BD4680BDE3
:105DD00038E11108C0E1110898E1110880B500AF61
:105DE00001F002F8074B1B780133DAB2054B1A7049
:105DF000044B1B7803F00103002B01D000F0B2FC30
:105E000000BF80BDC576011080B584B000AF78605A
:105E100039603B68002B05D10D4BFF220D490E4820
:105E2000EFF79EFD7B68FB600AE0FB68DB6F3A687A
:105E30009A4202D1FB680022DA67FB68DB68FB60EC
:105E4000FB68002BF1D100BF00BF1037BD4680BDFD
:105E500038E11108DCE1110898E1110880B584B03F
:105E600000AF78607B68002B06D1144B40F2111212
:105E700013491448EFF774FD7B681B7D012B06D096
:105E80000E4B4FF4897210490E48EFF769FD01235C
:105E9000FB600BE00D4AFB6852F823301B68796801
:105EA0001846FFF7B1FFFB680133FB60FB68032B6B
:105EB000F0D900BF00BF1037BD4680BD38E11108E2
:105EC00004E2110898E1110810E211087C001208A0
:105ED000B0B588B004AF78600B46FB707B68002BD0
:105EE00006D1634B4FF4AF7262496348EFF738FD58
:105EF000FB78002B66D07B681B7D042B03D07B686E
:105F00001B7D072B5ED17B689B6F002B04D17B68C8
:105F10001B8DB3F5066F55D07B685B8B03F01003C8
:105F2000002B06D1524B4FF4B27254495248EFF74E
:105F300017FD7B68186D7B685C6A7D687B6804333D
:105F40007A68D28A7968098B0291019200932B4674
:105F500022460146786805F07FFC786801F062FA15
:105F6000474B1B687A689A4205D1454B1B68DB6832
:105F7000434A136013E0424B1B68FB600CE0FB6874
:105F8000DB687A689A4204D17B68DA68FB68DA6079
:105F900005E0FB68DB68FB60FB68002BEFD17B68EA
:105FA0000022DA60374B01221A70374B1B687A687F
:105FB0009A4202D103F0F6FE02E07868FFF7D6FEBF
:105FC000002350E07B681B7D022B3BD0022B44DC7E
:105FD000002B02D0012B2AD03FE07B68DB8A002B0C
:105FE00021D02A4B1B687A689A4205D1274B1B683F
:105FF000DB68264A136013E0244B1B68BB600CE08F
:10600000BB68DB687A689A4204D17B68DA68BB684F
:10601000DA6005E0BB68DB68BB60BB68002BEFD1D2
:106020007B680022DA607868FFF7A0FE1AE07868E3
:10603000FFF714FF7968164801F044FA7868FFF713
:10604000B1FE0FE079680E4801F03CFA0D4B0122D9
:106050001A707868FFF78AFE04E0786800F01AF892
:10606000034600E0002318461037BD46B0BD00BF10
:1060700038E1110828E2110898E1110848E21108F6
:10608000BC760110C4760110FC760110B4760110C4
:10609000B876011080B584B000AF78607B68002BC3
:1060A00006D12E4B4FF4CE722D492E48EFF758FCF7
:1060B0007B681B7D072B20D0072B2BDC032B02D00A
:1060C000042B0DD026E0786804F0D4FC0346FB7363
:1060D00097F90F30002B1FD17B6805221A751BE042
:1060E000786804F0C7FC0346FB7397F90F30002B68
:1060F00014D17B6805221A7510E0786804F0BAFCA8
:106100000346FB7397F90F30002B09D17B680922F6
:106110001A7505E000231CE000BF02E000BF00E0AC
:1061200000BF97F90F30002B03D1786804F0E0FD31
:106130000DE097F90F30B3F1FF3F08D17B685B8B1F
:1061400043F008039AB27B685A83002301E097F971
:106150000F3018461037BD4680BD00BF38E111082A
:1061600004E2110898E1110880B582B000AF7860B0
:106170007B68002B09D10F4B4FF4F4720E490F4886
:10618000EFF7EEFB6FF00F030FE07B681B7D012B39
:1061900006D07B685B8B43F010039AB27B685A830E
:1061A00001217868FFF794FE034618460837BD467C
:1061B00080BD00BF38E1110864E2110898E11108C0
:1061C00080B58EB004AF786039607B68002B07D152
:1061D000524B40F23D2252495248EFF7C1FB99E041
:1061E0007B681B7D012B06D14C4B4FF410724E493E
:1061F0004C48EFF7B5FB7B681B7D0A2B07D179680C
:106200004A4801F05FF97868FFF7B0FD82E00023AB
:106210007B6200237B847B681B6DBB617B685B6A50
:106220007B617B68D3F890303B617B681B69FB60C6
:106230007B681B7D002B26D17B68DB8A002B2ED050
:106240003B4B1B687A689A4205D1394B1B68DB6867
:10625000374A136013E0364B1B68FB610CE0FB69A7
:10626000DB687A689A4204D17B68DA68FB69DA6095
:1062700005E0FB69DB68FB61FB69002BEFD17B6804
:106280000022DA600BE03B687B627B68DB8A7B8400
:106290007968284801F016F9274B01221A707B68AB
:1062A0001B6F002B04D07B681B6F184600F07CFE30
:1062B0007B68DB6E002B04D07B68DB6E184600F039
:1062C00073FE7B685B6F002B04D07B685B6F1846A6
:1062D00000F06AFE7B6A002B0ED079687B6804337D
:1062E0007A68128B02927A8C019200930B467A693B
:1062F000B969786805F0B0FA7B681B7DFB72786835
:10630000FFF734FD3B69002B04D03B696FF00C01B3
:10631000F86898472837BD4680BD00BF38E11108AE
:1063200098E2110898E11108B4E21108C076011052
:10633000B4760110BC760110C476011080B582B02D
:1063400000AF786001217868FFF73AFF00BF083797
:10635000BD4680BD80B584B000AF78607B68002BFF
:1063600006D1254B40F2A63224492548EFF7F8FA2A
:106370007B685B6A7A68128D1344FB607B68DB6A1A
:106380007A68528EB2F5866F28BF4FF4866292B259
:106390001344FA68D31A002B08DB7B681A8D7B68DC
:1063A0005A857B68DB6AFA68D31A20E07B685A6AF0
:1063B0007B68DB6AD31A002B03DD7B6800225A85D9
:1063C00014E07B68DA6A7B685B6AD31ABB60BB68DF
:1063D000B3F5803F06D3084B40F2B632094908486E
:1063E000EFF7BEFABB689AB27B685A85002318465D
:1063F0001037BD4680BD00BF38E11108B0E3110879
:1064000098E11108D4E3110880B584B000AF78603A
:106410000B467B807B68002B07D11F4B40F2CF32AD
:106420001E491F48EFF79CFA32E07B681B7D012B69
:1064300006D1194B40F2D2321A491948EFF790FAB7
:106440007B681A8D7B881344FB81FB89B3F5066F4B
:1064500004D87B681B8DFA899A4204D27B684FF47A
:1064600006621A8502E07B68FA891A857868FFF768
:1064700071FFB860BB68B3F5067F09D37B685B8B9F
:1064800043F002039AB27B685A83786804F030FCC8
:106490001037BD4680BD00BF38E11108F0E3110898
:1064A00098E1110808E4110880B483B000AF00231C
:1064B000BB801E4B1B8801339AB21C4B1A801B4BAE
:1064C0001B884FF6FF72934203D1184B4FF44042A2
:1064D0001A800023FB711EE0FB79154A52F8233025
:1064E0001B683B6011E03B68DA8A104B1B889A42BC
:1064F00008D1BB880133BB80BB88B3F5804FD8D3AC
:1065000000230DE03B68DB683B603B68002BEAD171
:10651000FB790133FB71FB79032BDDD9034B1B881E
:1065200018460C37BD465DF8047B7047FA01001031
:106530007C00120880B58AB000AFF860B9603B609B
:106540001346FB8000237B62FB68002B09D17D4B47
:1065500040F235427C497D48EFF702FA6FF00F03B5
:10656000ECE0BB68002B09D1764B40F2364278490B
:106570007648EFF7F5F96FF00F03DFE0FB681B7D5E
:10658000002B09D06F4B4FF4876272496F48EFF7C9
:10659000E7F96FF00903D1E0BB68002B02D0BB68BC
:1065A0001B6800E00023FA685360FB68FA881A83CE
:1065B000FB681B7A002B06D0FB681B7A1846FEF797
:1065C000D5FD786205E0FB6804331846FCF702FD50
:1065D00078627B6A002B02D16FF00303AEE0FB68A8
:1065E000002B03D0FB681B68002B11D17B6A002BAA
:1065F00002D07B6A043300E00023FB61FB69002BBF
:1066000002D16FF0030399E0FB691A68FB681A6016
:10661000FB68DB8A7B83FB68DB8A002B0CD1FFF7EE
:1066200043FF03461A46FB68DA82FB68DB8A002BCD
:1066300002D16FF0010381E0F86800F0D7FF7861C4
:10664000FB6800225A62FB687A691A657B695A1EE8
:10665000FB685A647B695A1EFB689A657B695A1EFF
:10666000FB68DA65FB684FF406625A85FB685A8D51
:10667000FB681A85FB685A6AFB68DA62FB684FF4AC
:106680000662A3F86020FB684FF406725A86FB6826
:10669000588EFB6804331A46796A00F0CDFF034632
:1066A0001A46FB685A86FB680122A3F84820FB685B
:1066B0003A68C3F888200221F86804F02BFA0346F0
:1066C000FB7497F91330002B36D1FB6802221A7540
:1066D0007B8B002B21D0204B1B68FA689A4205D196
:1066E0001D4B1B68DB681C4A136013E01A4B1B68C8
:1066F0003B620CE03B6ADB68FA689A4204D1FB68B3
:10670000DA683B6ADA6005E03B6ADB683B623B6A59
:10671000002BEFD1FB680022DA60104B1A68FB688F
:10672000DA600E4AFB68136005F058FA0C4B012240
:106730001A70F86804F0DCFA97F913301846283715
:10674000BD4680BD38E1110830E4110898E1110818
:106750004CE4110868E41108B4760110BC7601100D
:10676000C4760110B0B590B004AF002387F825308F
:10677000954B1B680133944A1360944B1B7801338B
:10678000DAB2924B1A7000E000BF0023BB62904B5C
:106790001B68FB629FE2FB6A1B7D002B06D18D4BC1
:1067A00040F2BE428C498D48EFF7DAF8FB6A1B7D58
:1067B000012B06D1874B40F2BF4289498748EFF74A
:1067C000CFF8FB6A1B7D0A2B06D1824B4FF49862EF
:1067D00084498248EFF7C4F8FB6A9A7F7B4B1B78A9
:1067E0009A4205D1FB6ABB62FB6ADB68FB6272E21C
:1067F000764B1A78FB6A9A77002387F827300023B4
:1068000087F82630FB6A1B7D022B0AD1FB6A93F8BE
:106810004230052B05D997F82730013387F8273008
:106820001EE1FB6A93F842300B2B05D997F827300D
:10683000013387F8273013E1FB6A93F89930002B76
:1068400075D0FB6A1B6F002B06D0624B40F2D4421E
:1068500065496248EFF784F8FB6ADB6E002B06D1CE
:106860005C4B40F2D54261495C48EFF779F8FB6A2E
:1068700093F89A300B2B05D997F82730013387F816
:106880002730EDE0FB6A93F89930013B584AD35C1E
:106890007B74FB6A93F898307A7C9A4207D9FB6A3A
:1068A00093F898300133DAB2FB6A83F89820FB6AD8
:1068B00093F898307A7C9A4200F2D28001233B62AE
:1068C000FB6AB3F86030002B08D1F86A05F0B8F81D
:1068D0000346002B14D000233B6211E0FB6AB3F89F
:1068E00060301946F86A03F07DFF0346002B07D19C
:1068F000F86A04F0FDF90346002B01D100233B6246
:106900003B6A002B00F0AC80FB6A002283F89820E1
:10691000FB6A93F89930062B00F2A280FB6A93F889
:1069200099300133DAB2FB6A83F8992098E0FB6A68
:10693000B3F93030002B0FDBFB6AB3F9303047F688
:10694000FF72934208D0FB6AB3F930309BB2013337
:106950009BB21AB2FB6A1A86FB6AB3F93020FB6A53
:10696000B3F940309A427BDBF86A04F0B5FC034689
:10697000002B07D0FB6A1B6F002B71D1FB6ADB6E0B
:10698000002B6DD0FB6A1B7D022B3AD0FB6A93F87B
:1069900042300C2B28BF0C23FB76FB6AB3F93C304A
:1069A000DB101BB21A46FB6AB3F93E301344FA7E81
:1069B00010498A5C93407B617B6947F6FE72934283
:1069C0001ADC7B691AB219E0B0760110C6760110A4
:1069D000BC76011038E1110898E4110898E111081B
:1069E000C4E41108F0E4110820E5110854E5110889
:1069F000740012086400120847F6FF72FB6AA3F8DD
:106A00004020FB6A00221A86FB6AB3F86020FB6A0A
:106A1000B3F84830934228BF13467B827B8A5B08D9
:106A20009AB2FB6AA3F84A20FB6AB3F84A20FB6AD1
:106A30005B8E5B009BB29A4206D2FB6A5B8E5B0068
:106A40009AB2FB6AA3F84A20FB6A5A8EFB6AA3F843
:106A50004820FB6A0022A3F86A20F86A04F0ACFC24
:106A6000FB6A1B7D062B11D1FB6A5B8B03F01003C5
:106A7000002B0BD09D4B1A68FB6A1B6AD31A282B7C
:106A800004D997F82730013387F82730FB6A5B7AFF
:106A900003F00803002B4CD0FB6A1B7D042B03D0B2
:106AA000FB6A1B7D072B44D1904B1A68FB6A1B6A5B
:106AB000D21AFB6AD3F8943003F5242303F6B843C3
:106AC0008B49A1FB03135B099A420AD997F8273037
:106AD000013387F8273097F82630013387F82630BE
:106AE00027E0824B1A68FB6A1B6AD21AFB6AD3F84A
:106AF0009410FB6A93F89B3018467E4B00FB03F31F
:106B00000B447B49A1FB03135B099A4211D9F86A34
:106B100004F056FF034687F8253097F92530002BFF
:106B200007D1FB6A93F89B300133DAB2FB6A83F832
:106B30009B20FB6A5B6F002B11D06C4B1A68FB6AC1
:106B40001B6AD21AFB6AB3F9403019460B465B0048
:106B50000B445B009A4202D3F86A00F017FEFB6A0E
:106B60001B7D032B0BD1614B1A68FB6A1B6AD31A7E
:106B7000282B04D997F82730013387F82730FB6A90
:106B80001B7D092B0BD1594B1A68FB6A1B6AD31A60
:106B9000F02B04D997F82730013387F8273097F87E
:106BA0002730002B60D0FB6AD3F89030FB60F86A86
:106BB00000F038FCBB6A002B10D04F4B1B68FA6A00
:106BC0009A4206D14D4B40F26D524D494D48EEF779
:106BD000C7FEFB6ADA68BB6ADA600FE0464B1B68E7
:106BE000FA6A9A4206D0454B40F2715246494548EE
:106BF000EEF7B6FEFB6ADB683F4A136097F8263073
:106C0000002B13D0FB6A186DFB6A5C6AFD6AFB6A95
:106C10000433FA6AD28AF96A098B029101920093CD
:106C20002B4622460146F86A04F016FEFB6A1B69F1
:106C3000BB60FB6A1B7DFB71FB6A3B60FB6ADB6828
:106C4000FB623868FFF792F8304B00221A70FB683D
:106C5000002B04D0FB686FF00C01B86898472B4BF1
:106C60001B78002B37D090E5FB6ABB62FB6ADB68C0
:106C7000FB62BB6A1B7F0133DAB2BB6A1A77BB6A5D
:106C80001A7FBB6A5B7F9A4225D3BB6A00221A77C0
:106C90001E4B00221A70BB6AD3F88C30002B0BD02D
:106CA000BB6AD3F88C30BA6A1269B96A1046984741
:106CB000034687F8253002E0002387F82530134B80
:106CC0001B78002B7FF460AD97F92530002B02D1A3
:106CD000B86A04F00DF8FB6A002B7FF45CAD00236A
:106CE000BB620B4B1B68FB6267E000BFB076011014
:106CF000D34D6210F8240100BC76011038E1110870
:106D00008CE5110898E11108B8E51108C476011066
:106D1000C0760110FB6A1B7D0A2B06D02B4B40F27C
:106D2000A1522B492B48EEF71BFE002387F8273092
:106D3000294B1A68FB6A1B6AD31AF02B04D997F8FF
:106D40002730013387F8273097F82730002B2FD0D2
:106D5000F86A00F067FBBB6A002B10D01F4B1B6862
:106D6000FA6A9A4206D1194B40F2AF521C491948AF
:106D7000EEF7F6FDFB6ADA68BB6ADA600FE0174BE4
:106D80001B68FA6A9A4206D0104B40F2B35215497A
:106D90001048EEF7E5FDFB6ADB68104A1360FB6AFA
:106DA000FB61FB6ADB68FB62F869FEF7DFFF04E06A
:106DB000FB6ABB62FB6ADB68FB62FB6A002BA9D142
:106DC00000BF00BF3037BD46B0BD00BF38E111087D
:106DD000E4E5110898E11108B0760110C0760110C1
:106DE00014E611083CE6110880B582B000AF2D4BC7
:106DF0001B780133DAB22B4B1A702B4B1B687B606C
:106E000048E07B689A7F274B1B789A423FD0254BFE
:106E10001A787B689A777B685B8B03F00103002B01
:106E200010D07B685B8B43F002039AB27B685A8375
:106E3000786803F05DFF7B685B8B23F003039AB2F5
:106E40007B685A837B685B8B03F00803002B09D0B7
:106E50007B685B8B23F008039AB27B685A8378685F
:106E6000FFF718F97B68DB683B607B689B6F002B42
:106E70000AD00E4B00221A70786800F019F80B4BFC
:106E80001B78002B00D0B8E73B687B6002E07B6892
:106E9000DB687B607B68002BB3D100BF00BF083785
:106EA000BD4680BDC6760110BC760110C4760110C7
:106EB00090B585B000AF78607B68002B09D1374B67
:106EC00040F2096236493748EEF74AFD6FF00F038A
:106ED00060E07B689B6F5B7BBB737B689B6FBB6079
:106EE0007B6800229A677B68D3F88430002B0BD034
:106EF0007B68D3F884407B6818690023BA68796896
:106F0000A0470346FB7307E00023BA6879680020B6
:106F100000F0A4F80346FB7397F90F30002B2AD139
:106F2000BB7B03F02003002B33D07B681B8DB3F5B4
:106F3000066F05D07B681B8D01339AB27B681A857A
:106F40007B68D3F88430002B0BD07B68D3F8844067
:106F50007B681869002300227968A0470346FB7309
:106F600001E00023FB7397F90F3013F10D0F10D1DF
:106F70006FF00C030EE097F90F3013F10D0F02D1F3
:106F80006FF00C0306E07B68BA689A676FF0040341
:106F900000E0002318461437BD4690BD38E11108C3
:106FA00064E6110898E1110880B584B000AF7860FC
:106FB00007E07B681B68FB60786800F00AF8FB68F4
:106FC0007B607B68002BF4D100BF00BF1037BD464B
:106FD00080BD80B582B000AF78607B68002B0CD09C
:106FE0007B685B68002B04D07B685B681846FEF703
:106FF0001DFC79680320FDF7A3FD00BF0837BD46DF
:1070000080BD000080B584B000AF78607B68002B45
:1070100006D10F4B40F282620E490F48EEF7A0FCFA
:107020000320FDF71DFDF860FB68002B01D1002354
:107030000AE010227968F868EDF740FBFB685B68AE
:107040001846FEF793FCFB6818461037BD4680BD16
:1070500038E11108A8E6110898E1110880B584B05C
:1070600000AFF860B9607A60FB70BB68002B09D193
:10707000124B4FF4D36212491248EEF771FC6FF0D5
:107080000F0316E07B68002B09D07B681B8919462B
:10709000B868FFF7B9F97868FEF7C8FB08E097F918
:1070A0000330002B04D1B868FFF75EF8034600E018
:1070B000002318461037BD4680BD00BF38E11108D7
:1070C000C4E6110898E1110880B586B000AF034608
:1070D000FB7197F90730002B01DBFB7900E07F2380
:1070E000FB72FB7A002B34D0FB7A013BFB7200234E
:1070F000FB6000233B61194B1B687B611FE07B69D0
:107100005B7DFA7A9A420CD87B695B7DFA7A9A4267
:1071100012D1134B1A687B691B6AD31AFA689A4218
:107120000AD80F4B1A687B691B6AD31AFB607B690C
:107130003B617B695B7DFB727B69DB687B617B69A3
:10714000002BDCD13B69002B04D03869FFF7F6F83F
:1071500000E000BF1837BD4680BD00BFBC760110FF
:10716000B076011080B586B000AF0346FB71FB79A5
:10717000082B09D0FB79092B06D01A4B40F2DD62AF
:1071800019491A48EEF7ECFB0023FB6000233B6132
:10719000174B1B687B6117E07B691B7DFA799A426C
:1071A0000FD1144B1A687B691B6AD31AFA689A428A
:1071B00007D8104B1A687B691B6AD31AFB607B697E
:1071C0003B617B69DB687B617B69002BE4D13B69B8
:1071D000002B03D000213869FEF7F2FF00BF1837FB
:1071E000BD4680BD38E11108E0E6110898E11108BC
:1071F000BC760110B076011080B584B000AF0023DA
:107200007B600023BB60124B1B68FB6012E0114BDC
:107210001A68FB681B6AD31A7A689A4207D80D4B22
:107220001A68FB681B6AD31A7B60FB68BB60FB684B
:10723000DB68FB60FB68002BE9D1BB68002B02D048
:10724000B868FFF77BF800BF1037BD4680BD00BFB0
:10725000C0760110B076011080B582B000AF104B3F
:107260001B687B6014E07B68DB683B607B685B8B42
:1072700003F00803002B09D07B685B8B23F0080325
:107280009AB27B685A837868FEF704FF3B687B609C
:107290007B68002BE7D100BF00BF0837BD4680BD2B
:1072A000BC76011080B584B000AF0346FB710120AD
:1072B000FDF7D6FBF860FB68002B26D1FFF7CCFF6B
:1072C000FFF79AFF0120FDF7CBFBF860FB68002B6E
:1072D0001BD10920FFF746FF0120FDF7C1FBF86035
:1072E000FB68002B11D10820FFF73CFF0120FDF7C0
:1072F000B7FBF860FB68002B07D1FB791846FFF756
:10730000E3FE0120FDF7ACFBF860FB68002B3FD0EB
:107310009C220021F868EBF75FF9FB68FA795A754F
:10732000FB684FF48662A3F86420FB684FF40662A2
:107330005A85FB685A8DFB681A85FB68FF22DA7252
:10734000FB684FF406725A86FB680622A3F84020B9
:10735000FB680622DA87FB684FF6FF721A86FB6825
:107360000122A3F848200D4B1A68FB681A620C4BE7
:107370001A78FB689A77FB684FF48662A3F84A2074
:10738000FB68084AC3F88420FB68074AC3F89420C6
:10739000FB6818461037BD4680BD00BFB0760110AF
:1073A000C67601105D70110800DD6D0080B500AF7C
:1073B0004020FFF777FF0346184680BD80B483B0B6
:1073C00000AF786039607B68002B02D07B683A6838
:1073D0001A6100BF0C37BD465DF8047B70470000A2
:1073E00080B582B000AF786039607B68002B0ED02A
:1073F0007B681B7D012B06D1074B40F2DF720749EA
:107400000748EEF7ADFA7B683A68C3F8842000BFFE
:107410000837BD4680BD00BF38E11108F0E611080D
:1074200098E1110880B582B000AF78607B68002BCE
:1074300007D1214B40F6510220492148EEF790FA3E
:1074400037E07B681B7D002B33D07B681B7D0A2BCC
:107450002FD07B681B7D012B2BD07B689B6F002B73
:1074600007D07B689B6F1846FEF7E0F97B68002227
:107470009A677B685B6F002B02D0786800F086F912
:107480007B684FF6FF721A867B68DB6E1846FFF743
:107490008BFD7B681B6F1846FFF786FD7B6800221B
:1074A000DA667B68DA6E7B681A677B680022A3F86D
:1074B00068200837BD4680BD38E11108A0E71108F3
:1074C00098E1110880B584B000AF786039603B68FE
:1074D000002B06D13E4B40F683023E493E48EEF774
:1074E0003FFA7B68002B06D1394B40F684023B49BA
:1074F0003948EEF735FA7B681B683A689A4205D13D
:107500007B681B68DA687B681A6013E07B681B681D
:10751000FB600CE0FB68DB683A689A4204D13B6888
:10752000DA68FB68DA6005E0FB68DB68FB60FB6833
:10753000002BEFD13B680022DA603868FFF772FF5A
:107540003B681B7D0A2B13D03B681B7D012B0FD0A2
:107550003B685B8B03F00103002B09D03B685B8B1E
:1075600043F002039AB23B685A83386803F0C0FBC9
:107570003B681B7D012B20D03B68DB6E002B06D0C7
:10758000134B40F6930216491348EEF7E9F93B68AE
:107590001B6F002B06D00E4B40F6940211490E488B
:1075A000EEF7DEF93B685B6F002B06D0084B40F628
:1075B00096020D490848EEF7D3F93B6800221A7588
:1075C0003B680022DA8200BF1037BD4680BD00BF95
:1075D00038E11108BCE7110898E11108D8E7110853
:1075E000F8E7110810E811082CE8110880B582B0FE
:1075F00000AF78607B68002B06D10A4B40F6AF02E3
:1076000009490A48EEF7ACF9094B1A68094B1B689F
:107610001344074A1360064B1B6818460837BD46DB
:1076200080BD00BF38E1110844E8110898E1110855
:10763000FC010010B076011080B586B000AF0346A3
:10764000B9607A60FB817B68002B06D1144B40F651
:10765000C50214491448EEF783F9BB68002B01D129
:10766000FB8919E0BB689B8CFB82FB8A002B12D044
:107670002823BB82FA8ABB8A9A4204D9FA8ABB8A37
:10768000D31A9BB200E000237B827A8AFB89934263
:1076900028BF1346FB81FB8918461837BD4680BDBD
:1076A00038E1110860E8110898E1110880B584B04C
:1076B00000AF786039603B68FB607B68002B19D1B4
:1076C000104B4FF4106210491048EEF749F911E0E1
:1076D000FB681A687B681B689A4208D1FB68DB6804
:1076E000BB60F868FEF72AFEBB68FB6002E0FB683F
:1076F000DB68FB60FB68002BEAD100BF00BF1037DE
:10770000BD4680BD38E1110888E8110898E11108EC
:1077100080B584B000AF786039607B68002B2AD0D8
:107720007B681B68002B26D0154B1B6819467868B0
:10773000FFF7BCFF134B1B6819467868FFF7B6FFCD
:107740003B68002B17D03B681B68002B13D00E4BF7
:107750001B68FB600CE0FB681A687B681B689A4238
:1077600003D13B681A68FB681A60FB68DB68FB6042
:10777000FB68002BEFD100BF1037BD4680BD00BFB6
:10778000BC760110B4760110B876011080B582B0D5
:1077900000AF78607B685B6F002B07D07B685B6F06
:1077A0001846FFF701FC7B6800225A6700BF0837C4
:1077B000BD4680BD90B58DB004AF786039607B6800
:1077C000002B05D19B4B83229B499C48EEF7C8F8C0
:1077D0007B685B689A4A13607B685B89132B40F275
:1077E000D183984B5B69974A126811461846FBF79C
:1077F00087FE0346002B40F0C783924B5B6903F082
:10780000F003E02B00F0C0838D4B1B689B899BB27B
:107810001846FAF707F903461B0B9BB2DBB29B0035
:10782000BB74BB7C132B40F2B183BB7C9AB27B68E8
:107830001B899A4200F2AA83BB7C9BB2143B9AB28A
:10784000814B1A80814B00221A607B685A89BB7C6D
:107850009BB29A4209D37C4B1A887D4B1A80BB7C21
:1078600019467868FDF75CFF4EE07B681B68002BCB
:1078700005D1704BC22277497048EEF771F8142198
:107880007868FDF74DFF7B685A89714B1A806E4B03
:107890001A886F4B1B88D31A3B826D4B1B88194685
:1078A0007868FDF73DFF7B681B685B893A8A9A42DE
:1078B00000F26E837B681B685B68644A13607B68B8
:1078C0001B683A8A11461846FDF72AFF7B681A8919
:1078D0003B8AD31A9AB27B681A817B685B89002B3A
:1078E00005D0544BDF225C495448EEF739F87B68E9
:1078F0001A897B681B681B899A4205D04D4BE02290
:1079000056494E48EEF72CF84D4B1B681B889BB22E
:107910004B4A14681846FAF785F803462380484B0B
:107920001B685B889BB2464A14681846FAF77AF8D7
:1079300003466380424B1B685B68414A14681846E3
:10794000FAF786F8034663606368454A13603C4B68
:107950001B689B683A4A14681846FAF779F8034698
:10796000A360A3683F4A1360354B1B68DB899BB259
:10797000334A14681846FAF755F80346E381304B4A
:107980001B689B899BB21846FAF74CF80346DBB29A
:1079900003F03F03DAB2344B1A707B681A89334B19
:1079A0001A80314B1B7803F00303002B0CD02F4BB4
:1079B0001B8801339AB22D4B1A807B681A892B4B96
:1079C0001B889A4200F2E6820023BB61284B1B68A9
:1079D000FB619DE0FB691B7D002B05D1154BFB2254
:1079E00024491648EDF7BCFFFB691B7D0A2B05D126
:1079F000104BFC2220491148EDF7B2FFFB691B7DBB
:107A0000012B05D10B4BFD221C490C48EDF7A8FFBB
:107A1000FB691B7A002B33D0FB691A7A094B5B6830
:107A200093F830300133DBB29A4229D0FB69BB6155
:107A30006BE000BFBCE811080CE9110824E911084B
:107A4000D876011068450110DC760110E07601104F
:107A5000DE7601104CE911085CE9110868E91108AB
:107A6000E8760110EC760110F4760110F276011040
:107A7000BC76011088E91108B0E91108DCE91108A9
:107A8000FB691A8B724B1B681B889BB29A423AD1D6
:107A9000FB69DA8A6E4B1B685B889BB29A4232D1D3
:107AA000FB695A686B4B1B699A422CD1FB691A68B7
:107AB000684B5B699A4226D1FB69DB68FA699A4296
:107AC00006D1654B40F20D1264496548EDF748FF59
:107AD000BB69002B0AD0FB69DA68BB69DA60614BCD
:107AE0001A68FB69DA605F4AFB691360FB69DB684F
:107AF000FA699A4211D1584B40F215125A49584826
:107B0000EDF72EFF09E0FB69BB61FB69DB68FB61F8
:107B1000FB69002B7FF45EAF00E000BFFB69002B28
:107B200040F0AA80514B1B68FB613FE0FB691B7D65
:107B30000A2B06D0484B40F21F124D494848EDF73A
:107B40000FFFFB691B7A002B09D0FB691A7A414BA6
:107B50005B6893F830300133DBB29A4222D1FB6983
:107B60001A8B3B4B1B681B889BB29A421BD1FB694B
:107B7000DA8A374B1B685B889BB29A4213D1FB6948
:107B80005A68344B1B699A420DD1FB691A68314B14
:107B90005B699A4207D1F86900F056FB7868FDF7F7
:107BA00045FEFDE100BFFB69DB68FB61FB69002B63
:107BB000BCD10023BB612F4B1B687B612AE07B6932
:107BC0001B7A002B0CD07B691A7A224B5B6893F8E6
:107BD00030300133DBB29A4202D07B69BB6116E0E0
:107BE0007B69DA8A1A4B1B685B889BB29A420CD17C
:107BF0007B691A68174B5B699A420FD07B69002B2F
:107C00000DD07B691B68002B09D07B69BB617B6948
:107C1000DB687B617B69002BD1D100E000BF7B6911
:107C2000002B29D0BB69002B0AD07B69DA68BB69BD
:107C3000DA60104B1A687B69DA600E4A7B69136060
:107C4000786900F003FA7868FDF7F0FDA8E100BF5D
:107C5000D876011068450110BCE8110804EA110843
:107C600024E91108BC76011030EA1108C076011031
:107C70005CEA1108B8760110FB69002B00F058810E
:107C8000954B00221A607B681A89934B1A81924A9D
:107C90007B685360914B1B688F4AD360904B0022E6
:107CA0001A60904B00221A708F4B00221A808F4B63
:107CB0001B7803F00803002B06D07B685B7B43F046
:107CC0000103DAB27B685A73FB699B6F002B17D0F4
:107CD000F869FFF7EDF8034613F10D0F07D0FB69C4
:107CE0009B6F002B0CD0824B1B88002B08D0FB69AC
:107CF0005B8D002B40F0E380F86903F0FFFDDEE0D0
:107D00007C4AFB691360F86900F018FB0346FB74BA
:107D100097F9133013F10D0F00F0D380714B1B78DE
:107D200003F00803002B15D0FB69D3F89030002B2B
:107D300008D0FB69D3F89030FA6912696FF00D0131
:107D400010469847F9696C48FFF7BCFBF869FEF7E5
:107D50000DF8DAE00023FB74634B1B88002B1DD069
:107D6000614B1B88FB81FB69D3F88030002B0AD064
:107D7000FB69D3F88030FA691069FA89F969984784
:107D80000346FB7401E00023FB7497F9133013F1F1
:107D90000D0F00F09880544B00221A80F86900F013
:107DA00015F90346002B40F090804D4B1B68002BCB
:107DB00041D0FB699B6F002B06D0504B4FF4F37200
:107DC0004F495048EDF7CCFDFB695B8B03F0100386
:107DD000002B08D0424B1B681846FDF727FDF869B9
:107DE000FEF7ACFA91E0FB69D3F88430002B0CD09D
:107DF000FB69D3F88440FB691869394B1A68002382
:107E0000F969A0470346FB7408E0354B1A68002364
:107E1000F9690020FFF722F90346FB7497F9133044
:107E200013F10D0F53D097F91330002B03D02C4BC7
:107E30001A68FB699A672B4B1B7803F02003002B11
:107E400030D0FB699B6F002B09D0FB699B6F5A7B7D
:107E5000FB699B6F42F02002D2B25A7322E0FB69A9
:107E60001B8DB3F5066F05D0FB691B8D01339AB2EC
:107E7000FB691A85FB69D3F88430002B0BD0FB69B2
:107E8000D3F88440FB69186900230022F969A047F0
:107E90000346FB7401E00023FB7497F9133013F1E0
:107EA0000D0F16D0134B00221A60F86900F08EF8FF
:107EB0000346002B28D1F86902F01AFF25E000BF25
:107EC00023E000BF21E000BF1FE000BF1DE000BFB6
:107ED0001BE000BF19E000BFC8760110D876011082
:107EE000F8760110F5760110F0760110F4760110A5
:107EF000F2760110FC760110BC760110BCE8110886
:107F00008CEA110824E9110800BF274B00221A60EF
:107F1000264B00221A60264B5B68002B3FD0244B77
:107F20005B681846FDF782FC214B00225A6036E060
:107F3000204B1B689B899BB21846F9F773FD0346DB
:107F4000DBB203F00403002B18D11B4B19681B4B49
:107F50001B881A461A4B1B68D018164B1B685B8887
:107F60009BB2144A1268128892B202920193154B86
:107F70000093154B0246002003F06EFC7868FDF775
:107F800055FC0CE000BF06E000BF04E000BF02E0CB
:107F900000BF00E000BF7868FDF748FC00E000BFCC
:107FA0002437BD4690BD00BFFC760110F876011065
:107FB000C8760110D8760110EC760110F276011027
:107FC000E8760110784501107C45011080B582B03B
:107FD00000AF78607B68002B06D1174B40F25A2225
:107FE00016491748EDF7BCFC164B1B7803F010033D
:107FF000002B1CD07B685B8B03F01003002B0DD192
:108000007B68D3F89030002B08D07B68D3F8903091
:108010007A6812696FF00E011046984779680A482D
:10802000FFF750FA7868FDF7A1FE012300E0002376
:1080300018460837BD4680BDBCE81108A8EA1108FB
:1080400024E91108F5760110BC76011090B58BB0CB
:1080500004AF78606F4B1B7803F00403002B40F0F3
:10806000D2807B68002B06D16B4B40F281226B499A
:108070006B48EDF775FC674B1B7803F01003002B82
:1080800019D0684B1968684B1B881A46674B1B68E8
:10809000D018674B1B685B889BB2654A12681288D0
:1080A00092B202920193634B0093634B024678684D
:1080B00003F0D2FBA9E0574B1B7803F00203002B1F
:1080C00000F0A3807B685B7D1846FFF7EBF87861D2
:1080D0007B69002B11D17B689B69002B0AD07B68E0
:1080E0009B697A6810694FF0FF3200219847034678
:1080F000BB738BE0F023BB7388E0504B5A697B69FC
:108100001A604E4B1A697B695A607B68DA8A7B6910
:10811000DA82474B1B681B889AB27B691A837B699A
:1081200003221A75414B1B685A1C7B695A627B6992
:108130005A6A7B69DA627869FFF758FA38617B69B5
:108140003A699A657B693A691A657B693A695A6442
:108150007B693A69DA65354B1B685A1E7B695A653B
:108160007B681A697B691A617B697A68DA677B6860
:108170005B7A03F00C03DAB27B695A727B681A7A75
:108180007B691A722E4B1A687B69DA602C4A7B690C
:10819000136003F023FD2B4B01221A70786901F064
:1081A0008BFD234B1B68DB899AB27B69A3F86020A7
:1081B0007B69B3F860207B69A3F862207B695C8EE1
:1081C0007B6904331846FAF705FF01467B690433DF
:1081D0001A462046FFF730FA03461A467B695A864C
:1081E0001221786902F096FC0346FB7397F90F3071
:1081F000002B04D000217869FDF7E2FF06E07869E2
:1082000002F076FD01E000BF00E000BF1C37BD4674
:1082100090BD00BFF4760110BCE81108D0EA110847
:1082200024E91108EC760110F2760110E8760110CD
:10823000D8760110784501107C4501106845011081
:10824000BC760110C476011080B586B004AF7860AA
:108250002F4B1B7803F00403002B53D17B68002BBA
:1082600006D12C4B40F2EE222B492C48EDF778FB3F
:10827000274B1B7803F00203002B2AD0284B1A68E7
:108280007B685B6AD31A002B2DDB254B1A687B6851
:108290005B6A7968098D0B44D31A002B23DC214BD0
:1082A0001968214B1B881A461D4B1B68D0181F4BA1
:1082B0001B685B889BB21D4A1268128892B20292B8
:1082C00001931B4B00931B4B0246786803F0C4FAE2
:1082D0001BE00F4B1B7803F00103002B03D0164B60
:1082E0001A687B681A62104B1B88002B0CD07B68C5
:1082F0005B8B43F002039AB27B685A83786802F082
:10830000F7FC01E000BF00E000BF0837BD4680BDBC
:10831000F4760110BCE81108F0EA110824E911080C
:10832000E8760110EC760110F2760110D876011093
:10833000784501107C450110B076011090B58DB0E4
:1083400004AF78600023FB760023BB767B68002BAC
:1083500006D19D4B4FF447729C499D48EDF700FBB9
:108360009C4B1B7803F00403002B4ED07B681B7DD5
:10837000022B08D17B681A6D974B1B689A4223D158
:108380000123FB7620E07B685A6A944B1B689A4273
:1083900002D10123FB7617E0904B1A687B685B6A79
:1083A000D31A002B10DB8D4B1A687B685B6A7968E7
:1083B000098D0B44D31A002B06DC7B685B8B43F0E2
:1083C00002039AB27B685A83FB7E002B1BD07B682A
:1083D0001B7D002B06D17C4B4FF44E7280497C48AC
:1083E000EDF7BEFA7F4B1B7843F00803DAB27D4B02
:1083F0001A707B685B8B23F001039AB27B685A8307
:108400006FF00D037AE3002378E3724B1B7803F0DF
:108410000203002B10D07B681B7D022B0CD07B68E5
:108420001B7D032B08D07B685B8B43F002039AB261
:108430007B685A83002361E37B685B8B03F0100346
:10844000002B03D1684B1A687B681A627B68002294
:1084500083F89B207B68002283F89A20786801F0DB
:108460002BFC7B681B7D023B072B00F2378301A2AC
:1084700052F823F095841108C58611083D8811082B
:10848000678811088B8911083D881108178A11081F
:10849000A78A11084F4B1B7803F01003002B00F044
:1084A000E4804C4B1B7803F00203002B00F0DD80CE
:1084B0007B685B6C5A1C484B1B689A4240F0D58025
:1084C000464B1B685A1C7B685A627B685A6A7B68F9
:1084D000DA62414B1A687B685A64444B1B68DB893B
:1084E0009AB27B68A3F860207B68B3F860207B6851
:1084F000A3F86220394B1B685A1E7B685A657B685B
:1085000004221A757B685C8E7B6804331846FAF780
:1085100061FD01467B6804331A462046FFF78CF85C
:1085200003461A467B685A867B685B8E9A007B6896
:108530005B8E5B0041F21C118B4238BF0B469A42A6
:1085400004D27B685B8E9B009BB20DE07B685B8EE8
:108550005B0041F21C12934204D97B685B8E5B0086
:108560009BB201E041F21C137A68A2F848307B68A4
:10857000B3F86630002B06D1134B4FF45B721C49E5
:108580001348EDF7EDF97B68B3F86630013B9AB21A
:108590007B68A3F866207B681B6FFB61FB69002B7F
:1085A0002AD17B68DB6EFB61FB69002B06D1064B91
:1085B0004FF45D720F490648EDF7D2F9FB691A686E
:1085C0007B68DA661CE000BFBCE8110810EB1108FC
:1085D00024E91108F4760110EC760110E876011018
:1085E0002CEB1108F5760110B0760110D876011049
:1085F0004CEB110864EB1108FB691A687B681A6779
:10860000F869FEF7E6FC7B681B6F002B04D17B68E2
:108610004FF6FF721A8606E07B6800221A867B6896
:10862000002283F842207B68D3F88830002B0AD0E0
:108630007B68D3F888307A68106900227968984797
:108640000346BB7601E00023BB7697F91A3013F19D
:108650000D0F02D16FF00C0350E27B685B8B43F08F
:1086600002039AB27B685A833AE2984B1B7803F074
:108670001003002B00F03482954B1968954B1B8832
:108680001A46954B1B68D018944B1B685B889BB2AD
:10869000924A1268128892B202920193904B009310
:1086A000904B0246786803F0D7F87B6893F8423025
:1086B000052B00F215827B6800221A86786802F08A
:1086C000A3FE0DE2814B1B7803F01003002B00F09A
:1086D000A1807F4B1A687B685B6CD31A013B002B2F
:1086E0007EDB7B4B1A687B681B6DD31A002B77DC13
:1086F0007B6804221A757B68DB6F002B02D1FA239A
:10870000BB761DE07B68DB6F9B69002B06D1764B47
:108710004FF46A7275497648EDF722F97B68DB6F92
:108720009B69002B0AD07B68DB6F9B697A681069B4
:108730000022796898470346BB7601E0F023BB76B8
:1087400097F91A30002B0AD097F91A3013F10D0F50
:1087500002D07868FDF7F2FD6FF00C03CEE1786887
:1087600000F0E0FA634B1B88002B05D0614B1B889F
:10877000013B9AB25F4B1A807B685B8E9A007B68E4
:108780005B8E5B0041F21C118B4238BF0B469A4254
:1087900004D27B685B8E9B009BB20DE07B685B8E96
:1087A0005B0041F21C12934204D97B685B8E5B0034
:1087B0009BB201E041F21C137A68A2F848304E4B9C
:1087C0001B7803F02003002B37D07B685B8B43F0D2
:1087D00002039AB27B685A837B6807221A752CE0E1
:1087E0003B4B19683B4B1B881A463B4B1B68D01808
:1087F0003A4B1B685B889BB2384A1268128892B267
:1088000002920193364B0093364B0246786803F090
:1088100023F867E12D4B1B7803F00203002B00F0D7
:1088200061817B685B6A5A1E2B4B1B689A4240F041
:108830005981786802F00AFE54E153E1786800F04B
:1088400071FA2D4B1B7803F02003002B00F04C81B4
:108850007B685B8B43F002039AB27B685A837B6828
:1088600007221A7540E1786800F05CFA224B1B7809
:1088700003F02003002B71D0144B1B7803F010037E
:10888000002B60D07B681A6D114B1B689A425AD13D
:108890007B68DB6E002B56D17B685B8B43F0020359
:1088A0009AB27B685A837868FEF7BCFD134B1B684D
:1088B0007A689A4205D1114B1B68DB680F4A136036
:1088C0002EE00E4B1B687B6127E000BFF4760110A1
:1088D000EC760110F2760110E8760110D8760110DE
:1088E000784501107C450110BCE8110878EB1108AF
:1088F00024E91108F0760110F5760110BC7601101C
:108900007B69DB687A689A4204D17B68DA687B69A4
:10891000DA6005E07B69DB687B617B69002BEFD166
:108920007B680022DA60774B01221A707B680A228A
:108930001A75754B1A687B68DA60734A7B68136036
:1089400003F04CF9D2E07B685B8B43F002039AB2F0
:108950007B685A837B6808221A75C7E06B4B1B78CB
:1089600003F01003002B00F0C1807B681A6D684B88
:108970001B689A4240F0BA807B68DB6E002B40F0A7
:10898000B5807B6806221A75B0E0786800F0CAF9F5
:10899000604B1B7803F02003002B00F0A9807B685C
:1089A0005B8B43F002039AB27B685A837868FEF7C8
:1089B00039FD594B1B687A689A4205D1564B1B68A2
:1089C000DB68554A136013E0534B1B683B610CE0B6
:1089D0003B69DB687A689A4204D17B68DA683B6954
:1089E000DA6005E03B69DB683B613B69002BEFD156
:1089F0007B680022DA60434B01221A707B680A22EE
:108A00001A75414B1A687B68DA603F4A7B681360CD
:108A100003F0E4F86CE0786800F084F93B4B1B78D5
:108A200003F01003002B65D07B681A6D384B1B6870
:108A30009A425FD17B68DB6E002B5BD17868FEF7D2
:108A4000F1FC354B1B687A689A4205D1324B1B68A2
:108A5000DB68314A136013E02F4B1B68FB600CE0AE
:108A6000FB68DB687A689A4204D17B68DA68FB6845
:108A7000DA6005E0FB68DB68FB60FB68002BEFD188
:108A80007B680022DA601F4B01221A707B680A2281
:108A90001A751D4B1A687B68DA601B4A7B68136085
:108AA00003F09CF826E0786800F03CF9174B1B783F
:108AB00003F01003002B1FD07B681A6D144B1B684A
:108AC0009A4219D17B68DB6E002B15D1114B1B78B4
:108AD00043F01003DAB20F4B1A700DE000BF0CE048
:108AE00000BF0AE000BF08E000BF06E000BF04E0EE
:108AF00000BF02E000BF00E000BF0023184624379B
:108B0000BD4690BDC4760110C0760110F476011008
:108B1000EC760110F5760110BC76011090B585B0A9
:108B200000AF786039607B68002B06D13B4B40F288
:108B30001F423B493B48ECF713FF7B68DB689B898E
:108B40009BB21846F8F76EFF0346DBB203F0010351
:108B5000002B28D03868FEF727FA00233B6056E048
:108B60003B68DB689B899BB21846F8F75BFF0346BE
:108B7000DBB203F00103002B0DD07B68DB689B891F
:108B80009CB20120F8F74EFF03461A467B68DB686B
:108B9000224392B29A813B68FB603B681B683B6052
:108BA000F868FEF716FA3B68002B0ED07B681B892D
:108BB0001A461D4B1B681A443B68DB685B683968C2
:108BC00009890B44D31A002BCADA3B68002B1ED04C
:108BD0007B681B891A46144B1B681A443B68DB6888
:108BE0005B68D31A002B12DD3B68DB685B689AB2C6
:108BF0000D4B1B689BB2D31A9AB27B681A817B68B3
:108C00005A687B681B8919461046FCF789FC7B680B
:108C10003A681A6000BF1437BD4690BDBCE8110821
:108C200098EB110824E91108E8760110B0B586B078
:108C300000AFF860B9607A603B603EE0BB687B6182
:108C4000BB681B68BB607B695B681846FCF776FEF7
:108C500003467B82FB68B3F866307A8A9A4206D96B
:108C60002A4B40F257422A492A48ECF779FEFB6822
:108C7000B3F866207B8AD31A9AB2FB68A3F8662001
:108C80007B691A89244B1B8813449AB2224B1A80A1
:108C90007869FEF79EF9FB68B3F86630002B0CD0BC
:108CA000BB68002B09D13B68002B06D1174B40F263
:108CB00061421A491748ECF753FEBB68002B20D0DD
:108CC000BB68DB685B681846F8F7C2FE0446BB6801
:108CD0001B891D46BB68DB689B899BB21846F8F769
:108CE000A1FE0346DBB203F00303002B01D00123F6
:108CF00000E000232B44E218094B1B68D31A002B19
:108D00009CDDBB6818461837BD46B0BDBCE81108ED
:108D1000C0EB110824E91108F0760110E8EB110806
:108D2000EC760110B0B594B000AF78600023BB645E
:108D30007B68002B06D1914B40F27B4290499148D1
:108D4000ECF70EFE7B681B7D032B06D88B4B40F2A5
:108D50007C428D498B48ECF703FE8C4B1B7803F06B
:108D60001003002B00F064827B68B3F860301A4671
:108D70007B689B6D13443B637B685A6D844B1B6817
:108D8000D31A002B1BDB7B685A6D814B1B689A4200
:108D900006D17B689A6D7F4B1B68D31A002B0EDBC4
:108DA0007B689A6D7B4B1B689A4225D17A4B1B6876
:108DB000DB899AB27B68B3F860309A421CD9764B53
:108DC0001B68DB899AB27B68A3F860207B68B3F8E4
:108DD00062207B68B3F860309A4205D27B68B3F8B2
:108DE00060207B68A3F86220694B1A687B685A652B
:108DF000684B1A687B689A65664B1A687B685B6C7F
:108E0000D31A002B58DC654B1B88002B4BD17B6899
:108E10009B6D7A68B2F8602013443A6B9A4242D153
:108E20007B68B3F93030002B3DDB7B685A6C594BC3
:108E30001B689A4237D10123BB647B6893F84330A7
:108E4000FF2B07D07B6893F843300133DAB27B689D
:108E500083F843207B6893F84330032B1BD97B684E
:108E6000B3F848207B685B8E13449AB27B68B3F8F2
:108E700048309A420AD37B68B3F848207B685B8EFF
:108E800013449AB27B68A3F8482004E07B684FF64D
:108E9000FF72A3F848207B6893F84330022B02D975
:108EA000786802F03FFBBB6C002B40F061817B686F
:108EB000002283F843205BE1364B1A687B685B6CC9
:108EC000D31A013B002BC0F24E81324B1A687B68EB
:108ED0001B6DD31A002B00F346817B685B8B03F07C
:108EE0000403002B10D07B685B8B23F004039AB241
:108EF0007B685A837B68B3F84A207B68A3F84820D4
:108F00007B680022A3F86A207B68002283F8422055
:108F10007B68B3F93C30DB101BB29AB27B68B3F9C3
:108F20003E309BB213449BB21AB27B68A3F8402038
:108F3000184B1B689AB27B685B6C9BB2D31AFB859B
:108F40007B68002283F84320124B1A687B685A64BE
:108F50007B681B7D032B40F297807B68B3F8482029
:108F60007B68B3F84A309A4245D27B685B8B03F446
:108F70000063002B14D0012313E000BFBCE81108EC
:108F800008EC110824E9110824EC1108F47601100A
:108F9000E8760110EC760110D8760110F276011017
:108FA000022387F82D3097F82D309AB27B685B8EBC
:108FB00012FB03F39BB2FA8D934228BF13467B85C5
:108FC0007B68B3F848207B8D13449AB27B68B3F872
:108FD00048309A4209D37B68B3F848207B8D13440C
:108FE0009AB27B68A3F848204EE07B684FF6FF7288
:108FF000A3F8482048E07B68B3F86A20FB8D13444F
:109000009AB27B68B3F86A309A4209D37B68B3F8A6
:109010006A20FB8D13449AB27B68A3F86A2004E0AF
:109020007B684FF6FF72A3F86A207B68B3F86A206A
:109030007B68B3F848309A4226D37B68B3F86A203D
:109040007B68B3F84830D31A9AB27B68A3F86A20D9
:109050007B68B3F848207B685B8E13449AB27B68C8
:10906000B3F848309A420AD37B68B3F848207B684B
:109070005B8E13449AB27B68A3F8482004E07B68B7
:109080004FF6FF72A3F848207B68196F7B68DB6E90
:10909000984A7868FFF7CAFD02467B681A677B68C2
:1090A000D96E7B681B6F944A7868FFF7BFFD024654
:1090B0007B68DA667B681B6F002B04D17B684FF6F8
:1090C000FF721A8602E07B6800221A867B68002203
:1090D0001A777B68DB6E002B03D17B680022A3F834
:1090E00068207B68B3F86420844B1B8813449AB2D1
:1090F0007B68A3F864207B685B8B03F40063002B20
:1091000035D07B681B6F002B18D17B68DB6E002B82
:109110000CD07B68DC6C7B68DB6EDB685B681846B8
:10912000F8F796FC0346E31A002B20DC7B685B8B88
:1091300023F400639AB27B685A8318E07B68DC6C86
:109140007B681B6FDB685B681846F8F781FC034699
:10915000E31A002B0BDC7B685B8B23F400639AB271
:109160007B685A8303E0786802F0C8FB00E000BF28
:109170007B685B6B002B5BD07B689A6B604B1B68DA
:10918000D31A002B54DA5F4B1B689AB27B685B6B77
:109190009BB2D31A9BB2A7F84E30B7F84E207B682B
:1091A000B3F93C30DB101BB29BB2D31A9BB2A7F8C9
:1091B0004E307B68B3F93C309AB2B7F84E30134466
:1091C0009BB21AB27B689A87B7F94E30002B05DA4A
:1091D000B7F84E305B429BB2A7F84E30B7F84E203E
:1091E0007B68B3F93E309B101BB29BB2D31A9BB283
:1091F000A7F84E307B68B3F93E309AB2B7F84E30DC
:1092000013449BB21AB27B68DA877B68B3F93C30AF
:10921000DB101BB29AB27B68B3F93E309BB21344A9
:109220009BB21AB27B68A3F840207B6800225A6385
:10923000354B1B88002B00F0DF847B681B7D062BE1
:1092400000F2DA847B685A6A304B1B68D31A013B00
:10925000002BC0F28F807B685A6A2B4B1B88194603
:109260002A4B1B680B44D31A0133002B00F3828076
:10927000274B5B687B647B685A6A244B1B68D31A54
:109280007B62234B5B68002B06D1224B40F2945249
:1092900021492248ECF764FB7B6A4FF6FE72934249
:1092A00006D91C4B40F295521D491C48ECF758FB5F
:1092B0007B6AA7F84230164B5B681B89B7F84220DF
:1092C0009A4206D9134B40F2975216491348ECF7CD
:1092D00047FB0F4B1A89B7F84230D31A9AB20C4B9E
:1092E0001A810B4B5B681A89B7F84230D31A7B841A
:1092F0002AE000BF40EC110848EC1108F07601109C
:10930000EC760110B0760110F2760110E8760110CB
:10931000C8760110BCE8110850EC110824E91108C6
:1093200060EC110870EC11087B6C5B89B7F8422087
:10933000D31AA7F842307B6C7A8C1A817B6C00229E
:109340005A817B6C1B687B647B6C5B89B7F842201D
:109350009A42E9D8B7F842301946786CFCF7E0F940
:109360007B685B6A904A1360904BDB688E4A126898
:109370005A600DE08C4B1A687B685B6AD31A002B2D
:1093800006DA7B685B8B43F002039AB27B685A83F0
:10939000854B1A687B685B6AD31A002BC0F227845E
:1093A000814B1A687B685B6A7968098D0B44D31A14
:1093B0000133002B00F31B847B685A6A7A4B1B68CD
:1093C0009A4240F09882794B1C89784BDB689B89E4
:1093D0009BB21846F8F726FB0346DBB203F0030303
:1093E000002B01D0012300E0002323449AB2704BEC
:1093F0001A807B681A8D6E4B1B889A4274D26B4B15
:10940000DB689B899BB21846F8F70CFB0346DBB27E
:1094100003F00103002B1ED0644BDB689B899BB2D9
:109420001BB223F47C531CB2604BDB689B899BB25C
:109430001846F8F7F7FA0346DBB203F03E039BB297
:109440001846F8F7EFFA03461BB223431AB2574BFC
:10945000DB6892B29A817B681A8D544B1A81534B08
:10946000DB689B899BB21846F8F7DCFA0346DBB24F
:1094700003F00203002B05D04C4B1B89013B9AB231
:109480004A4B1A81494B5B68484A12891146184673
:10949000FCF746F8454B1C89444BDB689B899BB223
:1094A0001846F8F7BFFA0346DBB203F00303002BBC
:1094B00001D0012300E0002323449AB23C4B1A80E0
:1094C0003B4B1B881A46384B1B681A447B685B6A07
:1094D0007968098D0B449A4206D0364B40F2CB5244
:1094E00035493648ECF73CFA7B685B6F002B00F09F
:1094F000E6802E4BDB689B899BB21846F8F792FA00
:109500000346DBB203F00103002B10D00AE07B68B6
:109510005B6FFB607B685B6F1A687B685A67F868F3
:10952000FDF757FD7B685B6F002BF0D1C7E07B68D0
:109530005B6FFB6351E0FB6BDB689B899BB218465A
:10954000F8F770FA0346DBB203F00103002B3CD0BE
:10955000164BDB689B899BB21846F8F763FA034603
:10956000DBB203F00203002B2FD1104BDB689B8989
:109570009CB20120F8F756FA03461A460B4BDB68FB
:10958000224392B29A81094B1C89084BDB689B8964
:109590009BB21846F8F746FA0346DBB203F0030322
:1095A000002B0DD001230CE0E8760110C8760110E5
:1095B000F2760110BCE8110880EC110824E91108CA
:1095C000002323449AB2984B1A80FB6B3B61FB6BE0
:1095D0001B68FB633869FDF7FCFCFB6B002B0ED0AE
:1095E000914B1B881A46914B1B681A44FB6BDB6836
:1095F0005B68F96B09890B44D31A002B9BDAFB6B70
:10960000002B59D0884B1B881A46884B1B681A447C
:10961000FB6BDB685B68D31A002B4DDDFB6BDB68F3
:109620005B689AB2814B1B689BB2D31A9AB2804B8B
:109630001A817F4BDB689B899BB21846F8F7F2F9D9
:109640000346DBB203F00203002B05D0784B1B89E5
:10965000013B9AB2764B1A81754B5B68744A12894A
:1096600011461846FBF75CFF714B1C89704BDB6899
:109670009B899BB21846F8F7D5F90346DBB203F095
:109680000303002B01D0012300E0002323449AB2FE
:10969000654B1A80644B1B881A46644B1B681A443E
:1096A000FB6BDB685B689A4206D0624B40F2FC526F
:1096B00061496248ECF754F97B68FA6B5A675A4B78
:1096C0001B881A46594B1B681A447B685A627B6890
:1096D0001A8D554B1B889A4206D2564B40F20762B0
:1096E00057495648ECF73CF97B681A8D4E4B1B885E
:1096F000D31A9AB27B681A857868FCF72BFE4C4B1C
:109700005B681B89002B06D0494B5B684D4A136090
:10971000474B00225A60464BDB689B899BB2184638
:10972000F8F780F90346DBB203F00103002B00F0E9
:10973000B880454B1B7843F02003DAB2424B1A70D5
:10974000AFE07B685B6FBB607B685B6FDB685B680F
:10975000364A1360BB681B891C46BB68DB689B8963
:109760009BB21846F8F75EF90346DBB203F0030339
:10977000002B01D0012300E000231A197B685B6AEB
:109780001A447B685A627B681B8D1C46BB681B8928
:109790001D46BB68DB689B899BB21846F8F742F907
:1097A0000346DBB203F00303002B01D0012300E0EA
:1097B00000232B449C4206D21E4B40F22B622349CD
:1097C0001E48ECF7CDF8BB681B891C46BB68DB68FC
:1097D0009B899BB21846F8F725F90346DBB203F0E4
:1097E0000303002B01D0012300E0002319197B683B
:1097F0001A8D8BB2D31A9AB27B681A857868FCF7F7
:10980000A9FDBB685B681B89002B28D00D4B1B682A
:10981000002B1DD00B4B1A68BB685B6819461046BD
:10982000FCF7C6F818E000BFF2760110E8760110E8
:10983000C8760110BCE81108B8EC110824E9110839
:10984000F4EC1108F8760110F576011014ED11080A
:10985000BB685B68704A1360BB6800225A60BB68D3
:10986000DB689B899BB21846F8F7DCF80346DBB24D
:1098700003F00103002B0DD0684B1B7843F020034D
:10988000DAB2664B1A707B681B7D042B02D17B68B1
:1098900007221A75BB681A687B685A67B868FDF7B3
:1098A00098FB7B685B6F002B08D07B685B6FDB6885
:1098B0005A687B685B6A9A423FF443AF7B685B8B74
:1098C00003F00103002B0ED07B685B8B23F00103B8
:1098D0009AB27B685A837B685B8B43F002039AB22F
:1098E0007B685A8387E17B685B8B43F001039AB204
:1098F0007B685A837FE17B685B6F002B06D1484809
:10990000FDF780FB02467B685A676CE100237B63AE
:109910007B685B6FBB6356E1BB6BDB685A68414B8E
:109920001B689A421DD13E4B1A89BB6B1B899A4218
:1099300040F24E813A48FDF765FB78617B69002B68
:1099400000F048817B6B002B03D07B6B7A691A6037
:1099500002E07B687A695A67B96B7869FFF7DEF8CD
:1099600038E17B6B002B17D12E4B1A68BB6BDB6881
:109970005B68D31A002B57DA2948FDF743FBB8611F
:10998000BB69002B00F028817B68BA695A67B96B04
:10999000B869FFF7C3F81FE1224B1A687B6BDB68DD
:1099A0005B68D31A013B002B3EDB1E4B1A68BB6B76
:1099B000DB685B68D31A0133002B35DC1848FDF7F0
:1099C00021FBF861FB69002B00F008817B6BDB68F1
:1099D0005B687A6B12891A44124B1B68D31A002BEE
:1099E00012DD104B1B689AB27B6BDB685B689BB225
:1099F000D31A9AB27B6B1A817B6B5A687B6B1B897B
:109A000019461046FBF78CFD7B6BFA691A60B96B3F
:109A1000F869FFF783F8E1E0F8760110F5760110B8
:109A2000C8760110E8760110BB6B7B63BB6B1B68CB
:109A3000002B40F0C5807F4B1A68BB6BDB685B680E
:109A4000D31A002B40F3BC80BB6BDB689B899BB2B5
:109A50001846F7F7E7FF0346DBB203F00103002BDC
:109A600040F0BE807448FDF7CDFA0246BB6B1A6029
:109A7000BB6B1B68002B00F0B580BB6BDB685B68C1
:109A8000BA6B12891A446B4B1B68D31A002B12DD78
:109A9000684B1B689AB2BB6BDB685B689BB2D31ADE
:109AA0009AB2BB6B1A81BB6B5A68BB6B1B89194698
:109AB0001046FBF735FD614B1B881A465D4B1B6852
:109AC0001A447B685B6A7968098D0B44D31A002BB2
:109AD00040F38880BB6B1B68DB689B899BB2184690
:109AE000F7F7A0FF0346DBB203F00103002B21D000
:109AF000BB6B1B68DB689B899BB21BB223F47C5356
:109B00001CB2BB6B1B68DB689B899BB21846F7F7DE
:109B100089FF0346DBB203F03E039BB21846F7F71A
:109B200081FF03461BB223431AB2BB6B1B68DB6881
:109B300092B29A817B685B6A9AB27B681B8D1344F0
:109B400099B23C4B1B689AB2BB6B1B688A1A92B2E3
:109B50001A81BB6B1B685A68BB6B1B681B89194653
:109B60001046FBF7DDFCBB6B1B681C89BB6B1B68DD
:109B7000DB689B899BB21846F7F754FF0346DBB2BC
:109B800003F00303002B01D0012300E00023234452
:109B90009AB22A4B1A80294B1B881A46254B1B6800
:109BA0001A447B685B6A7968098D0B449A4219D024
:109BB000234B4FF4DF6223492348EBF7D1FE11E03A
:109BC000BB6B1B68BB63BB6B002B7FF4A5AE0AE0CD
:109BD00000BF08E000BF06E000BF04E000BF02E0F5
:109BE00000BF00E000BF786801F088FE03E07868FD
:109BF00001F084FE1AE019E00E4B1A687B685B6A7C
:109C0000D31A002B0ADB0B4B1A687B685B6A7968F6
:109C1000098D0B44D31A0133002B07DD7B685B8B66
:109C200043F002039AB27B685A83FFE700BF5037C4
:109C3000BD46B0BDE8760110C8760110F27601107D
:109C4000BCE8110880EC110824E9110880B483B045
:109C500000AF154B1B885A1C91B2134A1180FB8030
:109C6000124B1B68002B04D0114B1B88FA889A42B8
:109C700008D2104B1B6814333B60FB883A681344CE
:109C80001B780BE0FB88DAB2094B1B88DBB2D31AD6
:109C90007B71064B1A687B7913441B7818460C3786
:109CA000BD465DF8047B7047E4760110E076011054
:109CB000DE760110D876011080B584B000AF7860F0
:109CC0007B68002B06D1324B40F27D72314932481D
:109CD000EBF746FE314B1B88002B56D0304B002251
:109CE0001A8046E0FFF7B2FF0346FB73FB7B022BB3
:109CF00006D0022B2ADC002B42D0012B38D025E0E5
:109D0000FFF7A4FF0346042B3CD1254B1B880133EE
:109D1000224A1288934235DAFFF798FF03461B0266
:109D2000BB81FFF793FF03461A46BB891343BB81F0
:109D3000BB89B3F5067F04D8BB89002B01D0BA8953
:109D400001E04FF406727B685A8612E0FFF77EFF4F
:109D50000346FB72FB7A012B16D9FB7A9AB2104BA1
:109D60001B8813449BB2023B9AB20D4B1A8000E051
:109D700000BF0B4B1A88094B1B889A42B2D304E0F0
:109D800000BF02E000BF00E000BF1037BD4680BD4D
:109D9000BCE811083CED110824E91108DC7601103B
:109DA000E476011080B400AF054B1B7843F010033C
:109DB000DAB2034B1A7000BFBD465DF8047B7047F2
:109DC000F576011080B584B000AFF860B9607A60B4
:109DD000FB68002B0AD0FB681B7A002B06D0FB68BF
:109DE0001B7A1846FBF7C2F9034603E07868F9F7D7
:109DF000F1F8034618461037BD4680BD90B587B0D0
:109E000000AFF860B9603B601346FB71FB68002B44
:109E100005D1434BA32243494348EBF7A1FDBB685F
:109E2000002B05D13E4BA42240493F48EBF798FD5B
:109E300097F828309B00DBB203F00403FB75032086
:109E4000FAF70EFE38613B69002B04D1B868FBF7C6
:109E5000EDFC002360E03B6997F828209A723B698B
:109E600000221A603B69BA685A60BB681A89FB7D98
:109E70009BB29A4205D22A4BB0222D492A48EBF7D1
:109E80006FFDBB681A89FB7D9BB2D31A9AB23B69FE
:109E90001A811421B868FBF733FC0346002B04D069
:109EA0003869FDF796F8002336E03B695B685A682D
:109EB0003B69DA60FB68DA8A3B69DC681046F7F7D1
:109EC000B1FD03462380FB681A8B3B69DC681046B2
:109ED000F7F7A8FD034663803B69DC683868F7F74D
:109EE000B7FD03466360FB7D9B08DBB205339BB285
:109EF0001B039AB2FB799BB213439AB23B69DC68AD
:109F00001046F7F78FFD0346A3813B69DB6800220B
:109F10009A740022DA743B6918461C37BD4690BD1E
:109F200058ED1108A8ED1108C8ED1108F0ED110861
:109F300014EE110880B586B000AF7B600346FB735A
:109F40000B46BB8113467B81BB89FB827B68002B60
:109F500005D1304BE82230493048EBF701FD3B6A30
:109F6000002B05D12B4BE9222D492C48EBF7F8FCAF
:109F7000BA897B899A4221D297F8243003F00203F0
:109F8000002B11D13B6A5B8B03F04003002B15D1F2
:109F900097F82830002B07D03B6ADB6E002B03D1EB
:109FA0003B6A1B6F002B09D0BB8903F21B2323F0F4
:109FB00003027B89934228BF1346FB82F98AFB7B0D
:109FC0004FF420721846FBF74DF938613B69002BBE
:109FD00001D1002319E03B691B68002B06D00D4B13
:109FE00040F20B120F490D48EBF7BAFC3B695A8956
:109FF000BB89D31A9AB27B681A803B69BA891A81E5
:10A000003B691A893B695A813B6918461837BD4636
:10A0100080BD00BF58ED11082CEE1108C8ED1108E5
:10A0200050EE110870EE110880B582B000AF786074
:10A030000B467B807B68002B06D1334B40F23312FA
:10A0400032493348EBF78CFC7B681B7D042B0ED028
:10A050007B681B7D072B0AD07B681B7D022B06D0FB
:10A060007B681B7D032B02D06FF00A0348E07B88DE
:10A07000002B01D1002343E07B68B3F864307A8879
:10A080009A4209D97B685B8B43F080039AB27B6864
:10A090005A834FF0FF3333E07B68B3F86630082B08
:10A0A00009D97B685B8B43F080039AB27B685A8343
:10A0B0004FF0FF3324E07B68B3F86630002B0FD0FD
:10A0C0007B681B6F002B1AD17B68DB6E002B16D1CF
:10A0D0000D4B40F255120F490D48EBF741FC0EE0D5
:10A0E0007B681B6F002B03D17B68DB6E002B06D0D7
:10A0F000054B4FF4AC7208490548EBF731FC0023DF
:10A1000018460837BD4680BD58ED110884EE110889
:10A11000C8ED1108A4EE1108E0EE110890B59BB04F
:10A1200004AFF860B96011461A460B46FB8013462F
:10A130007B7100237B6500233B650023FB640023C8
:10A14000BB6400237B640023A7F84230002387F818
:10A15000273000237B820023FB870023BB87FB681B
:10A16000002B09D1A44B4FF4CF72A449A448EBF7BC
:10A17000F7FB6FF00F032AE3FB68B3F862305B086C
:10A180009AB2FB685B8E934228BF1346BB84BB8C9C
:10A19000002B02D1FB685B8E00E0BB8CBB84BB68EC
:10A1A000002B09D1944B40F2AD1296499448EBF73D
:10A1B000D7FB6FF00F030AE3FB881946F868FFF737
:10A1C00033FF034687F8233097F92330002B02D062
:10A1D00097F92330FBE2FB68B3F86630A7F840300C
:10A1E000002387F82230FB68DB6E002B00F0F6803E
:10A1F000FB68DB6E3B6502E03B6D1B683B653B6DBE
:10A200001B68002BF8D13B6D9B7A9B009BB203F03F
:10A2100004033B84BA8C3B6D1B8919463B8C0B4471
:10A220009A4206DA744B4FF4F37277497448EBF7AD
:10A2300097FB3B6D1A893B8C13449BB2BA8CD31AA3
:10A240007B87FB68B3F868307B827B8A002B26D043
:10A250007B8A7A8F9A4206D2674B4FF4FC726B4925
:10A260006748EBF77DFB3B6DFB647B8AFA88934282
:10A2700028BF13469BB27A8F934228BF1346FB87B1
:10A28000B7F84220FB8F1344A7F842307A8AFB8F3D
:10A29000D31A9BB27B827A8FFB8FD31A7B877B8A00
:10A2A000002B0BD0B7F84220FB889A4206D0524BC5
:10A2B0004FF4007256495248EBF752FBB7F8422070
:10A2C000FB889A4280F067817B8F002B00F06381CE
:10A2D0003B6D1B89002B00F05E81FA88B7F8423095
:10A2E000D21A7B8F9342A8BF1346FB833B6DFB645E
:10A2F0007B7903F00103002B27D007F112007A8F3E
:10A30000F98B012302937B790193FB680093034649
:10A310000020FFF70FFE78657B6D002B00F0258293
:10A320007B6D5868B7F84230BA681344FA8B194607
:10A33000EAF7C4F9786DFBF701FB03461A46B7F854
:10A3400040301344A7F8403041E03B6D5B687B63CD
:10A3500002E07B6B1B687B637B6B1B68002BF8D177
:10A360007B6B1B7B03F0C003002B15D17B6B5B6801
:10A370007A6B52891344BA689A420DD1B7F84230C9
:10A38000002B06D01C4B40F2312222491C48EBF72F
:10A39000E7FAFB8BBB871AE0FB8B012219460020F2
:10A3A000FAF760FF78657B6D002B00F0E081B7F86D
:10A3B0004230BA681A447B6D5A60786DFBF7BEFA7A
:10A3C00003461A46B7F840301344A7F84030B7F8B0
:10A3D0004220FB8B1344A7F84230DCE0FB68B3F863
:10A3E0006830002B00F0D780034B40F24A220A4924
:10A3F0000348EBF7B5FACEE058ED110814EF110859
:10A40000C8ED11082CEF110860EF110878EF110862
:10A4100098EF1108B8EF1108E4EF1108FA88B7F8BF
:10A420004230D31ABB8397F822309BB2BA8CD31A2E
:10A430007B837A8BBB8B934228BF13463B837B790C
:10A4400003F00103002B36D097F822309AB23B8BF1
:10A45000134499B27B6C002B0CBF01230023DBB2A9
:10A4600007F11200BA8C02937B790193FB68009389
:10A4700003463620FFF75EFD38633B6B002B00F090
:10A4800078813B6B5B893A8B9A4206D98C4B40F2C0
:10A4900066228C498C48EBF763FA3B6B5A6897F855
:10A4A0002230D018B7F84230BA6813443A8B1946B4
:10A4B000EAF704F92FE07B8A002B06D0804B40F2AC
:10A4C000712282498048EBF74BFA3B8B01221946F7
:10A4D0003620FAF7C7FE78617B69002B00F04B81CC
:10A4E000B7F84230BA681A447B695A6097F822304C
:10A4F0009BB24FF4207219463620FAF7B3FE386348
:10A500003B6B002B03D17869FBF790F936E1796951
:10A51000386BFBF74DFA386BFBF710FA03461A4617
:10A52000B7F840301344A7F84030B7F84030092B53
:10A5300003D9386BFBF77AF920E1FB68DA6DB7F8DD
:10A5400042301A4497F82730009313460022396BA3
:10A55000F868FFF753FCF864FB6C002B00F00D81EA
:10A560007B6C002B02D1FB6C7B640CE0BB6C002B82
:10A5700006D1534B40F2AB2255495348EBF7F0F963
:10A58000BB6CFA6C1A60FB6CBB64B7F842203B8B67
:10A590001344A7F84230B7F84220FB889A42FFF4F0
:10A5A0003DAFFB8F002B2CD03B6D5B68FB621EE048
:10A5B000FB6A1A89FB8F13449AB2FB6A1A81FB6A01
:10A5C0001B68002B10D1FB6A5B68FA6A528913443E
:10A5D000FA8FB9681846EAF771F8FB6A5A89FB8F57
:10A5E00013449AB2FB6A5A81FB6A1B68FB62FB6ADE
:10A5F000002BDDD13B6D1A89FB8F13449AB23B6D62
:10A600001A817A8AFB68A3F868207B6D002B18D02A
:10A610003B6D002B06D12A4B4FF438722D492A4846
:10A62000EBF79EF93B6D5B68796D1846FBF7C0F957
:10A630003B6D1A897B6D1B8913449AB23B6D1A815D
:10A6400037E0BB8F002B34D03B6D002B03D03B6D2C
:10A650005B68002B06D11A4B40F2E6221E491A48CD
:10A66000EBF77EF93B6D5B68BB6209E0BB6A1A8958
:10A67000BB8F13449AB2BB6A1A81BB6A1B68BB6268
:10A68000BB6A1B68002BF1D1BB6A1A89BB8F1344CC
:10A690009AB2BB6A1A81BB6A5A89BB8F13449AB2B9
:10A6A000BB6A5A813B6D1A89BB8F13449AB23B6DCA
:10A6B0001A813B6D002B11D1FB687A6CDA6610E0D1
:10A6C00058ED110814F01108C8ED110854F01108E4
:10A6D00064F0110878F01108B0F011083B6D7A6C45
:10A6E0001A60FB68DA6DFB881A44FB68DA65FB6860
:10A6F000B3F86420FB88D31A9AB2FB68A3F86420ED
:10A70000FB68B7F84020A3F86620FB68B3F8663012
:10A71000002B0ED0FB681B6F002B0AD1FB68DB6E91
:10A72000002B06D12C4B40F212322C492C48EBF76F
:10A7300017F9FB6C002B16D0FB6CDB68002B12D0DA
:10A740007B7903F00203002B0DD1FB6CDB689B8946
:10A750009CB20820F7F766F903461A46FB6CDB68E3
:10A76000224392B29A81002331E000BF06E000BF8D
:10A7700004E000BF02E000BF00E000BFFB685B8BAD
:10A7800043F080039AB2FB685A837B6D002B02D0A2
:10A79000786DFBF74BF87B6C002B02D0786CFCF7E4
:10A7A00003FCFB68B3F86630002B0ED0FB681B6F10
:10A7B000002B0AD1FB68DB6E002B06D1064B40F262
:10A7C000273206490648EBF7CBF84FF0FF3318461F
:10A7D0005C37BD4690BD00BF58ED1108E8F0110888
:10A7E000C8ED110890B58BB002AF78600B467B8046
:10A7F0000023FB6100237B6100233B617B68002B0E
:10A8000006D1954B40F24B3294499548EBF7A8F8A6
:10A810007B68DB6E7B617B69002B02D14FF0FF33DD
:10A8200016E17B88002B09D18B4B40F253328D49C6
:10A830008B48EBF795F86FF0050309E17B691B89FD
:10A840007A889A4201D3002302E17B685B8E7A8882
:10A850009A4206D9804B40F25B3283498048EBF73D
:10A860007FF87B691B89002B06D17B4B4FF4577215
:10A870007E497B48EBF774F87B699B7AFB73FB7B23
:10A880009B00DBB203F00403BB737B691A897B88EE
:10A89000D31ABB81BB7B9AB2BB8913449BB24FF4E2
:10A8A000207219463620FAF7DDFC38613B69002B2F
:10A8B00000F0B7807B695B681A897B691B89D31AB2
:10A8C0009AB27B8813447B817B6958683B695A68DC
:10A8D000BB7BD1187B89BA89FBF792F903461A46EC
:10A8E000BB89934240F09F807B69DB689B899BB268
:10A8F0001846F7F797F80346DBB203F03F03FB7601
:10A900000023BB76FB7E03F00803002B07D0FB7E01
:10A9100023F00803FB76BB7E43F00803BB76FB7E87
:10A9200003F00103002B07D0FB7E23F00103FB762D
:10A93000BB7E43F00103BB767B69DB685B6818462E
:10A94000F7F786F802467B88D118BA7EFB7B009326
:10A950000B4639697868FFF751FAF861FB69002BFB
:10A9600063D07B695B681846FAF7E8FF03461A462E
:10A970007B68B3F866309B1A9AB27B68A3F86620AE
:10A980007B6958687B695B681A89BB89D31A9BB25B
:10A990001946FAF7C5FD7B691A89BB89D31A9AB2A1
:10A9A0007B691A817B69DB689B899CB2FB7E9BB2C9
:10A9B0001846F7F737F803461A467B69DB682243E7
:10A9C00092B29A817B695B681846FAF7B7FF034633
:10A9D0001A467B68B3F8663013449AB27B68A3F8D2
:10A9E0006620FB695B681846FAF7A8FF03461A461B
:10A9F0007B68B3F8663013449AB27B68A3F866208C
:10AA00007B691A68FB691A607B69FA691A60FB69DD
:10AA10001B68002B03D17B680022A3F86820002369
:10AA200016E000BF02E000BF00E000BFFB69002BA2
:10AA300006D0094B4FF476720D490948EAF790FFAA
:10AA40003B69002B02D03869FAF7F0FE4FF0FF3374
:10AA500018462437BD4690BD58ED110808F111087D
:10AA6000C8ED11082CF1110850F1110860F111081E
:10AA700070F1110890B585B000AF78607B68002B4D
:10AA800006D1214B40F2EB3220492148EAF768FF1A
:10AA90007B68DB6E002B2ED07B68DB6EFB6002E0F8
:10AAA000FB681B68FB60FB681B68002BF8D1FB6828
:10AAB000DB689B899BB21846F6F7B4FF0346DBB20E
:10AAC00003F00703002B16D1FB68DB689B899CB25F
:10AAD0000120F6F7A7FF03461A46FB68DB6822430E
:10AAE00092B29A817B685B8B43F020039AB27B68B9
:10AAF0005A83002304E00121786800F00BF8034634
:10AB000018461437BD4690BD58ED11087CF1110868
:10AB1000C8ED110880B58AB002AF78600B46FB70B3
:10AB20000023FB770023FB75FB7803F00303002B66
:10AB300006D1674B40F2114266496748EAF710FFB9
:10AB40007B68002B06D1624B40F213426349624896
:10AB5000EAF706FFFB7803F00203002B01D0012384
:10AB6000FB77FB7F9B00DBB203F00403FB75FB7DEF
:10AB70009BB24FF4207219463620FAF773FB386106
:10AB80003B69002B09D17B685B8B43F080039AB251
:10AB90007B685A834FF0FF3395E03B695A89FB7D10
:10ABA0009BB29A4206D24A4B40F239424C494A483B
:10ABB000EAF7D6FE7B68D96DFA78FB7F00930B46E7
:10ABC00039697868FFF71AF9F860FB68002B09D13A
:10ABD0007B685B8B43F080039AB27B685A834FF0AB
:10ABE000FF3370E0FB68DB6803F00303002B06D043
:10ABF000374B40F242423B493748EAF7B1FEFB6827
:10AC00001B89002B06D0324B40F243423649324872
:10AC1000EAF7A6FE7B68DB6E002B03D17B68FA683F
:10AC2000DA660DE07B68DB6EBB6102E0BB691B6826
:10AC3000BB61BB691B68002BF8D1BB69FA681A605D
:10AC40007B680022A3F86820FB7803F00203002B46
:10AC500004D1FB7803F00103002B04D07B68DB6D8B
:10AC60005A1C7B68DA65FB7803F00103002B06D0E1
:10AC70007B685B8B43F020039AB27B685A83FB6846
:10AC80005B681846FAF75AFE03461A467B68B3F823
:10AC9000663013449AB27B68A3F866207B68B3F8E9
:10ACA0006630002B0ED07B681B6F002B0AD17B68AF
:10ACB000DB6E002B06D1064B40F265420B4906487D
:10ACC000EAF74EFE002318462037BD4680BD00BF80
:10ACD00058ED110898F11108C8ED1108F0F11108AC
:10ACE00010F211084CF2110864F2110890F21108E8
:10ACF000B0B58AB000AF78607B68002B06D18A4B74
:10AD000040F2E14289498A48EAF72AFE7B681B7DC6
:10AD1000012B06D1844B40F2E34286498448EAF78E
:10AD20001FFE854B1B687A689A4201D10023CEE151
:10AD30007B68B3F848207B68B3F86030934228BF43
:10AD400013469BB2BB617B68DB6E7B627B6A002B28
:10AD50000BD17B685B8B03F00203002B00F0AA8110
:10AD6000786800F0CBFD0346B1E179687B68043375
:10AD70001A467868FFF726F878617B69002B02D1C4
:10AD80006FF00303A3E17B68002B03D07B681B6893
:10AD9000002B11D17B69002B02D07B69043300E0CA
:10ADA00000233B613B69002B02D16FF003038EE16E
:10ADB0003B691A687B681A607B6ADB685B681846C7
:10ADC000F6F746FE02467B685B6CD31A7A6A1289F4
:10ADD0001344BA699A4227D27B68B3F860301A46A6
:10ADE000BB69934214D17B681B6F002B10D17B6829
:10ADF00093F89930002B0BD17B68002283F89820C0
:10AE00007B68012283F899207B68002283F89A20CE
:10AE10007B685B8B03F00203002B00F04D817868A8
:10AE200000F06CFD034652E17B68002283F8992014
:10AE30007B681B6F3B623B6A002B00F01C8102E0C9
:10AE40003B6A1B683B623B6A1B68002BF8D112E12E
:10AE50007B6ADB689B899BB21846F6F7E3FD0346E5
:10AE6000DBB203F00403002B06D02F4B40F2365226
:10AE700032492F48EAF774FD7B681B6F002B1FD007
:10AE80007B685B8B03F04403002B19D17B68DB6E7E
:10AE9000002B0BD07B68DB6E1B68002B10D17B680E
:10AEA000DB6E1A897B685B8E9A4209D27B68B3F8A5
:10AEB0006430002B04D07B68B3F86630082B01D9CE
:10AEC000012300E00023002B06D17B685B8B03F09D
:10AED000A003002B00F0E4807B681B7D022B0DD0CB
:10AEE0007B6ADB689B899CB21020F6F79BFD0346CA
:10AEF0001A467B6ADB68224392B29A817A69796842
:10AF0000786A00F009F90346FB7397F90F30002BBC
:10AF100016D07B685B8B43F080039AB27B685A83C0
:10AF200097F90F30D3E000BF58ED1108B8F21108BF
:10AF3000C8ED1108D0F21108FC760110F8F21108E2
:10AF40007B6A1A687B68DA667B681B7D022B06D0F9
:10AF50007B685B8B23F003039AB27B685A837B6A1E
:10AF6000DB685B681846F6F773FD04467B6A1B894D
:10AF70001D467B6ADB689B899BB21846F6F752FD3B
:10AF80000346DBB203F00303002B01D0012300E0F2
:10AF900000232B442344BB607B681A6DBB68D31A23
:10AFA000002B02DA7B68BA681A657B6A1B891C462B
:10AFB0007B6ADB689B899BB21846F6F733FD034634
:10AFC000DBB203F00303002B01D0012300E00023D8
:10AFD0002344002B49D07B6A00221A607B681B6FD8
:10AFE000002B05D17B687A6A1A677B6A3B623FE077
:10AFF0007B6ADB685B681846F6F72AFD04463B6A05
:10B00000DB685B681846F6F723FD0346E31A002B5E
:10B0100024DA7B687033FB6102E0FB691B68FB612B
:10B02000FB691B68002B11D0FB691B68DB685B6840
:10B030001846F6F70DFD04467B6ADB685B68184628
:10B04000F6F706FD0346E31A002BE6DBFB691A68F8
:10B050007B6A1A60FB697A6A1A6009E03B6A7A6A5D
:10B060001A603B6A1B683B6202E0786AFBF7B1FF3B
:10B070007B68DB6E7B627B6A002B12D07B6ADB68AD
:10B080005B681846F6F7E4FC02467B685B6CD31AF3
:10B090007A6A12891344BA699A42BFF4D9AE00E0C1
:10B0A00000BF7B68DB6E002B08D17B680022A3F811
:10B0B000682004E000BF02E000BF00E000BF7B6842
:10B0C0005B8B23F080039AB27B685A830023184677
:10B0D0002837BD46B0BD00BF80B582B000AF7860F4
:10B0E0007B68002B06D1094B40F29A520849094867
:10B0F000EAF736FC7B685B689B7B012B01D0012360
:10B1000000E0002318460837BD4680BD58ED110801
:10B1100010F31108C8ED1108B0B58CB004AFF86099
:10B12000B9607A60FB68002B06D1644B4FF4B762BC
:10B1300063496448EAF714FCBB68002B06D15F4BF7
:10B1400040F2B95260495F48EAF70AFC7B68002B7D
:10B1500006D15A4B40F2BA525C495A48EAF700FC11
:10B16000F868FFF7B9FF0346002B01D00023A1E0E8
:10B17000BB685A6AFB68DC681046F6F769FC034650
:10B18000A360BB685A8DFB68DC681046F6F74AFC82
:10B190000346E381BB685B6ABA68528D1A44BB6898
:10B1A000DA62FB68DB681433FB61FB689B7A03F0AF
:10B1B0000103002B15D0BB6804331A4679684FF49D
:10B1C0000670FCF739FA03467B837B8B43F00173EF
:10B1D0001846F6F73DFC0246FB691A60FB6904332A
:10B1E000FB61BB68B3F93030002B02DABB68002288
:10B1F0001A86BB685B6B002B0CD1354B1A68BB6899
:10B200005A63FB68DB685B681846F6F721FC024668
:10B21000BB689A63FB68DA68FB685B685B68D31A93
:10B220003B83FB685B685989FB685B683A8B8A1AC9
:10B2300092B25A81FB685B681989FB685B683A8B3C
:10B240008A1A92B21A81FB685B68FA68D2685A60FF
:10B25000FB68DB6800221A7400225A74FB68DA6803
:10B26000FB689B7A03F00103002B01D0182300E058
:10B2700014231344FA699A4206D0104B40F21C6220
:10B2800014491048EAF76CFBFB685868B968BB685A
:10B290001C1DBB68DD7ABB689B7A7A680292062225
:10B2A000019200932B462246F8F752F80346FB75AD
:10B2B00097F9173018462037BD46B0BD58ED110834
:10B2C00038F31108C8ED110858F3110878F3110884
:10B2D000B07601109CF31108B0B584B000AF78606F
:10B2E0007B68002B06D1314B40F263623049314814
:10B2F000EAF736FB7B681B6F002B02D16FF005036A
:10B3000050E07B681B6FFB600BE0F868FFF7E4FE22
:10B310000346002B02D06FF0050343E0FB681B6877
:10B32000FB60FB681B68002BEFD1F868FFF7D4FEC9
:10B330000346002B02D06FF0050333E07B68DA6E22
:10B34000FB681A607B681A6F7B68DA667B6800228C
:10B350001A677B685B8B43F400639AB27B685A83FD
:10B36000FB68DB685B681846F6F772FB0446FB680F
:10B370001B891D46FB68DB689B899BB21846F6F764
:10B3800051FB0346DBB203F00303002B01D0012382
:10B3900000E000232B44E2187B68DA647B6800221B
:10B3A0005A63002318461037BD46B0BD58ED11084A
:10B3B000B0F31108C8ED110880B582B000AF786015
:10B3C0007B68002B06D10D4B4FF4D3620C490D481E
:10B3D000EAF7C6FA7B6893F84230FF2B07D07B6808
:10B3E00093F842300133DAB27B6883F84220786800
:10B3F000FFF77EFC00BF0837BD4680BD58ED110841
:10B40000D4F31108C8ED110880B582B000AF7860A0
:10B410007B68002B06D10A4B40F2AD6209490A480D
:10B42000EAF79EFA7868FFF757FF0346002B02D130
:10B430007868FFF7C1FF00BF0837BD4680BD00BF79
:10B4400058ED1108F8F31108C8ED110890B585B052
:10B4500000AF78607B68002B06D12F4B40F2C162B1
:10B460002E492F48EAF77CFA7B681B6F002B02D12C
:10B470006FF005034CE07B681B6FBB60B868FFF79B
:10B480002BFE0346002B02D06FF0050340E0BB68A3
:10B490001A687B681A677B686C33FB6002E0FB68A4
:10B4A0001B68FB60FB681B68002B11D0FB681B68E6
:10B4B000DB685B681846F6F7CBFA0446BB68DB68C6
:10B4C0005B681846F6F7C4FA0346E31A002BE6DB7E
:10B4D000FB681A68BB681A60FB68BA681A60BB68C8
:10B4E0001B68002B03D17B680022A3F868207B68CF
:10B4F00093F84230FF2B07D07B6893F8423001333A
:10B50000DAB27B6883F842207B6800225A6300230A
:10B5100018461437BD4690BD58ED110814F41108B3
:10B52000C8ED110880B582B000AF78607B68002B51
:10B5300006D12A4B40F2F96229492A48EAF710FA63
:10B540007B681B6F002B44D07B685B8B03F004038C
:10B55000002B3ED17868FFF779FF0346002B38D1E6
:10B560007B68B3F860207B68B3F84830934228BF0B
:10B5700013469BB2DA0F13445B109AB27B68A3F8B0
:10B580004A207B68B3F84A301A467B685B8E5B00C2
:10B590009A4206D27B685B8E5B009AB27B68A3F806
:10B5A0004A207B68B3F84A207B685B8E19464900C5
:10B5B0000B449BB213449AB27B68A3F848207B6883
:10B5C0005B8B43F004039AB27B685A837B6800224A
:10B5D0001A8600BF0837BD4680BD00BF58ED110870
:10B5E0002CF41108C8ED110880B586B000AFF860E2
:10B5F0007B600B467B8113463B817A893B891344F0
:10B600009BB214339BB24FF4207219462220F9F7F3
:10B6100029FE78617B69002B4DD07B8913337A69D1
:10B620005289934206DB264B40F223722549264875
:10B63000EAF796F97B695B683B613B8C1846F6F745
:10B64000F1F903461A463B691A80BB8C1846F6F797
:10B65000E9F903461A463B695A803B697A685A60A1
:10B66000F868F6F7F5F902463B699A607B899B0812
:10B670009BB205339BB21B039AB297F828309BB25A
:10B6800013439BB21846F6F7CDF903461A463B69B9
:10B690009A81BB8D1846F6F7C5F903461A463B69F1
:10B6A000DA813B6900221A7400225A743B69002235
:10B6B0009A740022DA747B6918461837BD4680BD3B
:10B6C00058ED11084CF41108C8ED1108B0B58AB056
:10B6D00004AFF8607B600B467B8113463B81FB68BF
:10B6E000002B06D1154B40F2427215491548EAF776
:10B6F00037F9FB68586AFB68DB8AFA68128BF968CD
:10B70000498D3D897C89039110210291019200931A
:10B710007B682A462146FFF767FF78617B69002B2B
:10B7200006D0FB685B6AFA68528D1A44FB68DA62DD
:10B730007B6918461837BD46B0BD00BF58ED1108EB
:10B740007CF41108C8ED110880B588B000AFF8602E
:10B75000B96011461A460B46FB711346BB710023B4
:10B76000FB83BB68002B06D1124B40F25672124984
:10B770001248EAF7F5F8BB685B68BB61BB69143334
:10B780007B61FB8B9B001A46FB799B0003F0040353
:10B7900013441433BA6913447A699A4206D0054BAC
:10B7A00040F2757206490548EAF7DAF800BF20371B
:10B7B000BD4680BD58ED1108A4F41108C8ED11086C
:10B7C0009CF3110880B58AB004AFF860B9607A6064
:10B7D0003B60BB68002B06D11C4B40F287721C49B2
:10B7E0001C48EAF7BDF83A687968F868FEF7EAFAA3
:10B7F00038613B69002B02D1FC23FB751CE0FB6820
:10B80000002B06D0FB68DB7ABB75FB689B7A7B75E7
:10B8100003E0FF23BB7500237B75BA7D3B69029370
:10B82000062301937B7D009313463A687968B868D4
:10B83000F7F78EFD0346FB75B868F9F7F7FF97F940
:10B84000173018461837BD4680BD00BF58ED1108A7
:10B85000CCF41108C8ED110890B58BB004AFF860B6
:10B86000B9607A603B603B68002B06D11F4B40F209
:10B87000C4721F491F48EAF773F8BB6A002B06D150
:10B880001A4B40F2C5721C491A48EAF769F80023BE
:10B89000FB7546F20803BB82FB7D9CB2B868F6F7E5
:10B8A000D7F80246BB8A0393142302933B8E01937D
:10B8B000BB8D00931346002221467868FFF794FE63
:10B8C00038613B69002B0CD0FB7D00223969F86898
:10B8D000FFF73AFFBB6A3A683969F868FFF772FF09
:10B8E00000E000BF1C37BD4690BD00BF58ED1108F9
:10B8F000F8F41108C8ED110814F5110890B587B0D7
:10B9000000AF78600023FB750023BB757B68002BBC
:10B9100006D1284B40F2EA7227492848EAF720F876
:10B92000FB7D9B00DBB203F004037B757B7D9CB247
:10B930007B681B6D1846F6F78BF8034600222146FC
:10B940007868FFF7C3FE38613B69002B09D17B683B
:10B950005B8B43F003039AB27B685A836FF0010359
:10B9600023E0BB7DFA7D39697868FFF7EDFE7A68E0
:10B970007B68043339697868FFF724FF0346FB735B
:10B9800097F90F30002B07D07B685B8B43F00303E4
:10B990009AB27B685A8306E07B685B8B23F00303D3
:10B9A0009AB27B685A8397F90F3018461C37BD4608
:10B9B00090BD00BF58ED110830F51108C8ED110811
:10B9C00090B587B000AF78600023FB757B68002BD3
:10B9D00006D1184B40F6240217491848E9F7C0FF72
:10B9E000FB7D9CB27B681B6D013B1846F6F730F877
:10B9F0000346002221467868FFF768FE38613B69FC
:10BA0000002B02D14FF0FF3310E0FB7D002239699B
:10BA10007868FFF799FE7A687B680433396978683B
:10BA2000FFF7D0FE0346FB7397F90F3018461C371B
:10BA3000BD4690BD58ED110850F51108C8ED11082C
:10BA400090B58BB000AF7860002387F827307B6813
:10BA5000002B06D14C4B40F64F024C494C48E9F7BD
:10BA60007FFF7B68DB6E3B623B6A002B01D10023CA
:10BA700086E07B6893F89A30FF2B07D07B6893F8B9
:10BA80009A300133DAB27B6883F89A203B6ADB682C
:10BA90009B899BB21846F5F7C5FF0346DBB203F05E
:10BAA0000103002B05D03B6A1B89002B01D1012328
:10BAB00000E00023FB77FB7F002B0CBF012300235A
:10BAC000DBB2BB8397F8273099B23B6ADB685B68CF
:10BAD000BA8B7868FFF7FAFDB861BB69002B02D119
:10BAE0004FF0FF334CE0BB695B687B61FB7F002B51
:10BAF00011D07B699B899BB21BB223F47C531CB28F
:10BB00001120F5F78FFF03461BB223431BB29AB2F5
:10BB10007B699A8110E0BB695B6814333B613B6AC7
:10BB200058683B6A5B681A893B6A1B89D31A9BB2C7
:10BB300001223969FAF764F83B6ADB685B681846EA
:10BB4000F5F786FF03460133FB607B681A6DFB68DF
:10BB5000D31A002B02DA7B68FA681A6597F8273047
:10BB60000022B9697868FFF7EFFD7A687B680433D3
:10BB7000B9697868FFF726FE0346FB7297F90B3028
:10BB800018462C37BD4690BD58ED11086CF51108CC
:10BB9000C8ED110880B582B000AF7860FAF71EF9E1
:10BBA0000A4B1B68002B03D1094B1B68002B05D0E7
:10BBB00000220849FA2000F0F3F803E0064B0022C7
:10BBC0001A6000BF00BF0837BD4680BDBC760110BB
:10BBD000C076011095BB11080877011080B500AF41
:10BBE0000A4B1B68002B0FD1094B1B68002B03D19C
:10BBF000084B1B68002B07D0044B01221A6000225F
:10BC00000549FA2000F0CCF800BF80BD087701108C
:10BC1000BC760110C076011095BB110880B586B0C6
:10BC200000AFF860B9607A600620F8F719FF386154
:10BC30003B69002B09D13B69002B51D12A4BBE2215
:10BC40002A492B48E9F78CFE4AE03B6900221A603A
:10BC50003B69BA689A603B697A68DA603B69FA685E
:10BC60005A60244B1B68002B03D1224A3B691360A6
:10BC700037E03B695A681F4B1B685B68D31ADB0FC0
:10BC800003F00103DBB2002B07D01A4B1A683B69A3
:10BC90001A60184A3B69136023E0164B1B687B61EE
:10BCA0001AE07B691B68002B0BD03B695A687B69E3
:10BCB0001B685B68D31ADB0F03F00103DBB2002BB8
:10BCC00007D07B691A683B691A607B693A691A6018
:10BCD00007E07B691B687B617B69002BE1D100E099
:10BCE00000BF1837BD4680BD90F51108E0F511087A
:10BCF00020F611080077011080B586B000AF78609B
:10BD00007B687B617B695B689847F0F785F93861F0
:10BD10007B691A680F4B1B681344FB60FA683B6928
:10BD2000D31ADB0F03F00103DBB2002B09D07B69D0
:10BD30001A683B6913447A6807491846FFF76EFF93
:10BD400004E07A680449F868FFF768FF00BF183715
:10BD5000BD4680BD04770110F9BC110880B582B0E2
:10BD600000AF01237B600EE00B4A7B6852F8330082
:10BD70007B68DB00084A13441A46084900F010F8B3
:10BD80007B6801337B607B68022BEDD900BF00BF6D
:10BD90000837BD4680BD00BF8C001208F9BC1108F1
:10BDA00080B586B000AFF860B9607A60FB68B3F127
:10BDB000804F06D30A4B40F229120A490A48E9F794
:10BDC000CFFDF0F729F90246FB6813447B617A68DE
:10BDD000B9687869FFF722FF00BF1837BD4680BDFC
:10BDE00090F5110848F6110820F6110880B584B0C6
:10BDF00000AFF0F711F9F8601A4B1B78DBB2002B9B
:10BE000001D0F9F7D9F9184B1B68BB60BB68002B50
:10BE100022D0BB685B68FA68D31ADB0F03F001031A
:10BE2000DBB2002B1AD1BB681B680F4A1360BB68DA
:10BE30009B687B60BB68DB683B60BB685B680B4AE8
:10BE40001360B9680620F8F77BFE7B68002BD3D01F
:10BE50007B6838689847CFE700BF00E000BF103725
:10BE6000BD4680BDAD76011000770110047701104A
:10BE700080B500AFE5F7A2FC03469BB2C3F30D0308
:10BE80009BB2A3F580439AB2014B1A8000BF80BDDC
:10BE90000002001080B483B000AF0023FB80174B7A
:10BEA0001B885A1C91B2154A11804FF6FF729342BB
:10BEB00003D1124B4FF440421A80114B1B683B6078
:10BEC00011E03B685A8A0D4B1B889A4208D1FB88C7
:10BED0000133FB80FB88B3F5804FE0D3002307E0FC
:10BEE0003B68DB683B603B68002BEAD1034B1B8857
:10BEF00018460C37BD465DF8047B70470002001001
:10BF00000C77011080B584B000AFF860B9601346BB
:10BF1000FB71FB68002B05D1274B87222749284856
:10BF2000E9F71EFDBB68002B05D1234B882225496C
:10BF30002348E9F715FDFB681B7A002B0BD0FB6843
:10BF40001A7A214B5B6893F830300133DBB29A42A6
:10BF500001D000232BE0FB79002B18D0FB68002BCD
:10BF600013D0FB681B68002B0FD0174B5B69B3F134
:10BF7000FF3F0AD0FB681A68134B5B695A40BB68E5
:10BF800008331B681340002B10D101230FE0FB681E
:10BF9000002B09D0FB681B68002B05D0FB681A68D2
:10BFA000094B5B699A4201D1012300E00023184646
:10BFB0001037BD4680BD00BF94F61108E0F61108A9
:10BFC00004F711082CF711086845011090B58DB0E1
:10BFD00002AF786039600023FB767B68002B05D1C7
:10BFE0007C4BCF227C497D48E9F7BAFC3B68002BAB
:10BFF00005D1784BD0227A497848E9F7B1FC7B68C3
:10C000005B89072B03D87868F9F710FCDEE07B68C2
:10C010005B687B61734B5B69724A12681146184614
:10C02000F7F76EFA0346FB747B691B889BB21846D0
:10C03000F5F7F8FC03463B827B695B889BB21846A8
:10C04000F5F7F0FC0346FB8100237B6200233B6293
:10C050000023FB61644B1B687B6254E07B6A5B8A54
:10C06000FA899A424AD1FB7C1A463968786AFFF706
:10C0700049FF0346002B41D07B6A1B7C03F004037D
:10C08000002B1DD1FB69002B02D17B6AFB6117E0FD
:10C09000FB7C002B14D0534B5B69B3F1FF3F0FD1F6
:10C0A000FB691A683B6804331B689A4208D07B6AB4
:10C0B0001A683B6804331B689A4201D17B6AFB61B2
:10C0C0007B6A9B8A3A8A9A4218D17B6A5B68002B0A
:10C0D00005D07B6A5A68434B1B699A420ED13B6A72
:10C0E000002B14D07B6ADA683B6ADA603E4B1A6830
:10C0F0007B6ADA603C4A7B6A136008E07B6A3B62D9
:10C100007B6ADB687B627B6A002BA7D100E000BF03
:10C110007B6A002B01D1FB697B627B6A002B02D01A
:10C120000123FB760AE03B6804331A682D4B5B69F8
:10C130009A420CBF01230023DBB2FB76FB7E002B6F
:10C1400041D008217868F9F7EBFA0346002B0AD0B2
:10C15000204B4FF4B87225492048E9F701FC786874
:10C16000F9F764FB32E07B6A002B12D07B6A9B6993
:10C17000002B0AD07B6A9C697B6AD8693B8A009352
:10C180001B4B7A68796AA04721E07868F9F74EFB83
:10C190001CE0FB7C002B12D1124B5B6903F0F00317
:10C1A000E02B0CD00F4B9B8908339BB21BB2194676
:10C1B0007868F9F728FB03217868F6F7A5FD786819
:10C1C000F9F734FB03E07868F9F730FB00BF2C3750
:10C1D000BD4690BD94F6110854F7110804F71108F4
:10C1E0006CF71108684501100C77011088F71108E9
:10C1F0007845011080B586B000AFF860B96013468D
:10C20000FB80BB68002B01D1394BBB60FB68002B66
:10C2100009D1384B40F2B73237493848E9F7A0FB2B
:10C220006FF00F0360E00023FB74354B1B687B61EC
:10C2300009E0FA687B699A4202D10123FB7405E0A8
:10C240007B69DB687B617B69002BF2D1FB88002B6B
:10C2500009D1FFF71FFE0346FB80FB88002B2CD182
:10C260006FF0070340E0264B1B687B6122E0FA6811
:10C270007B699A421BD07B695B8AFA889A4216D105
:10C280007B691A68BB681B689A420DD0BB68002B9B
:10C290000AD0BB681B68002B06D07B69002B03D03B
:10C2A0007B691B68002B02D16FF007031CE07B69E0
:10C2B000DB687B617B69002BD9D1BB68002B02D086
:10C2C000BB681B6800E00023FA681360FB68FA880B
:10C2D0005A82FB7C002B06D1094B1A68FB68DA6096
:10C2E000074AFB681360002318461837BD4680BD17
:10C2F000D0FF110894F6110878F9110804F7110815
:10C300000C77011080B582B000AF78607B68002B9D
:10C3100007D10D4B40F26A420C490D48E9F720FB6A
:10C320000FE07B6800225A607B6800229A827B685B
:10C3300000221A727B681B7C23F00403DAB27B684C
:10C340001A740837BD4680BD94F61108C8F9110863
:10C3500004F7110880B584B000AFF860B9607A6066
:10C36000FB68002B07D1084B40F28A420749084876
:10C37000E9F7F6FA05E0FB68BA689A61FB687A6843
:10C38000DA611037BD4680BD94F61108E4F9110852
:10C3900004F7110880B584B000AF78607B68002B8B
:10C3A00007D1194B40F2A14218491948E9F7D8FAC8
:10C3B00026E0184B1B687A689A4205D1154B1B681A
:10C3C000DB68144A136017E0124B1B68FB6010E037
:10C3D000FB68DB68002B09D0FB68DB687A689A424F
:10C3E00004D17B68DA68FB68DA6005E0FB68DB682B
:10C3F000FB60FB68002BEBD179680020F8F7A0FB0D
:10C400001037BD4680BD00BF94F61108FCF9110835
:10C4100004F711080C77011080B582B000AF00203E
:10C42000F8F71EFB78607B68002B07D020220021E4
:10C430007868E6F7D1F87B68FF22DA727B681846E5
:10C440000837BD4680BD000080B485B000AF78607D
:10C4500039607B68002B1ED07B681B68002B1AD0CC
:10C460003B68002B17D03B681B68002B13D00D4B8B
:10C470001B68FB600CE0FB681A687B681B689A42CB
:10C4800003D13B681A68FB681A60FB68DB68FB60D5
:10C49000FB68002BEFD100BF1437BD465DF8047B6D
:10C4A000704700BF0C770110F8B500BFF8BC08BC9E
:10C4B0009E467047F8B500BFF8BC08BC9E46704762
:10C4C00048545450000000002564000052323030BF
:10C4D000305F4C4C203A202573203A20526573700F
:10C4E0006F6E7365206F6620756E6B6E6F776E2052
:10C4F000666F726D2C2063616E6E6F742072656161
:10C50000640A00005232303030203A20496E69749B
:10C5100000000000256C642E256C642E256C642EB2
:10C52000256C64005232303030203A204C6F636109
:10C530006C0A094950203A2025730A094757203AC6
:10C540002025730A094D61736B203A2025730A0078
:10C550006C6973745F706172616D6574657273008C
:10C560006765745F706172616D657465720000006B
:10C570007365745F706172616D657465720000004F
:10C5800072657365745F706172616D657465720068
:10C590007265626F6F745F64657669636500000041
:10C5A000666163746F72795F726573657400000011
:10C5B00076656E646F72000070726F6475637400EC
:10C5C000706172740000000073657269616C000034
:10C5D0007265766973696F6E5F66770072657669FA
:10C5E00073696F6E5F6877006D61785F636F6E6E01
:10C5F000656374696F6E7300666561747572655FFB
:10C60000666C61677300000072616469616C5F72DF
:10C61000616E67655F6D617800000000726164693A
:10C62000616C5F72616E67655F6D696E000000002E
:10C6300072616469616C5F7265736F6C7574696F48
:10C640006E000000616E67756C61725F666F7600E8
:10C65000616E67756C61725F7265736F6C7574691A
:10C660006F6E000069705F6D6F64650069705F6177
:10C6700064647265737300007375626E65745F6DD8
:10C6800061736B0067617465776179007363616ED4
:10C690005F6672657175656E637900007363616EC4
:10C6A0005F646972656374696F6E000073616D70B9
:10C6B0006C65735F7065725F7363616E000000008C
:10C6C0007363616E5F6672657175656E63795F6DC8
:10C6D00065617375726564007374617475735F6608
:10C6E0006C616773000000006C6F61645F696E6469
:10C6F00069636174696F6E0075705F74696D650060
:10C70000706F7765725F6379636C6573000000001A
:10C710006F7065726174696F6E5F74696D6500003A
:10C720006F7065726174696F6E5F74696D655F7358
:10C7300063616C656400000074656D70657261749E
:10C740007572655F63757272656E740074656D7085
:10C75000657261747572655F6D696E0074656D7088
:10C76000657261747572655F6D617800636F6E7478
:10C77000616D696E6174696F6E000000757365723A
:10C780005F746167000000006465766963655F66D9
:10C79000616D696C790000006D61635F6164647252
:10C7A00065737300686D695F646973706C61795F4C
:10C7B0006D6F646500000000686D695F6C616E6795
:10C7C0007561676500000000686D695F627574746B
:10C7D0006F6E5F6C6F636B00686D695F7061726133
:10C7E0006D657465725F6C6F636B000069705F6D7F
:10C7F0006F64655F63757272656E740069705F6106
:10C800006464726573735F63757272656E74000041
:10C810007375626E65745F6D61736B5F6375727261
:10C82000656E7400676174657761795F63757272B4
:10C83000656E740073797374656D5F74696D655F9F
:10C8400072617700757365725F6E6F746573000057
:10C850006C6F6361746F725F696E64696361746940
:10C860006F6E00007363616E5F6672657175656EF1
:10C8700063795F6D696E00007363616E5F667265F8
:10C880007175656E63795F6D6178000073616D70BD
:10C890006C696E675F726174655F6D696E00000040
:10C8A00073616D706C696E675F726174655F6D61F5
:10C8B00078000000686D695F7374617469635F7408
:10C8C0006578745F31000000686D695F737461742E
:10C8D00069635F746578745F32000000686D695F3A
:10C8E0006170706C69636174696F6E5F7465787490
:10C8F0005F310000686D695F6170706C69636174BD
:10C90000696F6E5F746578745F320000686D695F8F
:10C910007374617469635F6C6F676F00686D695FE2
:10C920006170706C69636174696F6E5F6269746D68
:10C93000617000006F7065726174696E675F6D6F22
:10C9400064650000656D69747465725F7479706503
:10C950000000000066696C7465725F747970650030
:10C9600066696C7465725F776964746800000000C2
:10C9700066696C7465725F6572726F725F68616E12
:10C98000646C696E6700000066696C7465725F7242
:10C99000656D697373696F6E5F7468726573686FD4
:10C9A0006C64000066696C7465725F6D6178696DB6
:10C9B000756D5F6D617267696E0000006C636D5F1D
:10C9C0006E756D5F736563746F7273006C636D5F1A
:10C9D000646574656374696F6E5F73656E736974A3
:10C9E00069766974790000006C636D5F64657465D5
:10C9F0006374696F6E5F706572696F640000000038
:10CA00006C636D5F736563746F725F656E61626C9A
:10CA1000650000006C636D5F736563746F725F77B0
:10CA200061726E5F666C6167730000006C636D5FBE
:10CA3000736563746F725F6572726F725F666C614B
:10CA40006773000052323030305F434D44203A204B
:10CA50002573203A20506172736564203A0A000001
:10CA600009546F6B656E202564203A202573203AA7
:10CA70002025730A0000000052323030305F434DF1
:10CA800044203A202573203A20485454502072659F
:10CA900071756573742073656E742025730A0000C8
:10CAA00052323030305F434D44203A206572726F0D
:10CAB000722021206E6F7420656E6F756768206D1F
:10CAC000656D6F727920666F722025730A00000011
:10CAD000474554202F636D642F25733F6C69737431
:10CAE0003D257320485454502F312E310D0A0D0A24
:10CAF00000000000474554202F636D642F25733FCD
:10CB000025733D256C6420485454502F312E310D2F
:10CB10000A0D0A005573657220636F6D6D616E6456
:10CB2000000000005761726E696E67202120706FEF
:10CB3000696E742062756666657220656E64207227
:10CB40006561636865642021202861726520796FC2
:10CB5000752067657474696E67206D6F72652074E7
:10CB600068616E20256420706F696E747320706533
:10CB700072207363616E203F290000005232303012
:10CB8000305F444154203A202573203A205061728E
:10CB9000736564203A0A000009546F6B656E2025A6
:10CBA00064203A202573203A2025730A00000000F3
:10CBB00052323030305F444154203A202573203ABD
:10CBC000204E6F7420656E6F756768206D656D6FA0
:10CBD000727920210A000000706F7274000000005A
:10CBE0002568640068616E646C6500002573000050
:10CBF0006572726F725F636F64650000256C64001C
:10CC000052323030305F444154203A202573203A6C
:10CC10002052657475726E656420706F727420693D
:10CC20007320302C2061626F7274696E67202E2E23
:10CC30002E0A0000474554202F636D642F737461E2
:10CC400072745F7363616E6F75747075743F686141
:10CC50006E646C653D257320485454502F312E313D
:10CC60000D0A0D0A000000005363616E20737461A9
:10CC700072740000446174612073747265616D00A8
:10CC8000256C642E256C642E256C642E256C640046
:10CC9000474554202F636D642F72657175657374F9
:10CCA0005F68616E646C655F7564703F2670616378
:10CCB0006B65745F747970653D4226776174636853
:10CCC000646F673D6F666626616464726573733D69
:10CCD000257326706F72743D256420485454502F7C
:10CCE000312E310D0A0D0A0048616E646C652072A8
:10CCF0007173742055445000474554202F636D6470
:10CD00002F7365745F706172616D657465723F66E3
:10CD1000696C7465725F77696474683D3220485449
:10CD200054502F312E310D0A0D0A00004745542072
:10CD30002F636D642F7365745F706172616D6574CC
:10CD400065723F66696C7465725F747970653D7277
:10CD5000656D697373696F6E20485454502F312E7E
:10CD6000310D0A0D0A000000474554202F636D6401
:10CD70002F7365745F706172616D657465723F6673
:10CD8000696C7465725F72656D697373696F6E5FEC
:10CD90007468726573686F6C643D7265666C656318
:10CDA000746F725F73746420485454502F312E3165
:10CDB0000D0A0D0A00000000474554202F636D64E2
:10CDC0002F726571756573745F68616E646C655F01
:10CDD0007463703F267061636B65745F747970650E
:10CDE0003D42267761746368646F673D6F666626AF
:10CDF00073746172745F616E676C653D256C64204D
:10CE0000485454502F312E310D0A0D0A00000000F5
:10CE100048616E646C6520727173742054435000D5
:10CE20000A0A66756C6C207363616E2025642F2579
:10CE300064207074732C20252E316620487A0A0DE8
:10CE400000000000626561636F6E20646973742086
:10CE5000252E326620616E6720252E3266202878C6
:10CE600020252E3366207920252E33662072656CAE
:10CE7000290A0D0048414C20496E697420646F6E88
:10CE800065202E2E2E0000005573657220496E69B4
:10CE90007420646F6E65202E2E2E00002F53686163
:10CEA0007265642F4769746875622F43726F75737A
:10CEB0007469626F742F49484D2F434D342F4C577E
:10CEC00049502F5461726765742F65746865726E7E
:10CED000657469662E6300006E6574696620213D85
:10CEE000204E554C4C000000417373657274696F9D
:10CEF0006E2022257322206661696C65642061744E
:10CF0000206C696E6520256420696E2025730A00F7
:10CF10002F5368617265642F4769746875622F4387
:10CF2000726F75737469626F742F49484D2F4D6924
:10CF300064646C6577617265732F54686972645FAD
:10CF400050617274792F4C7749502F7372632F633D
:10CF50006F72652F697076342F6574686172702EF8
:10CF6000630000007374617465203D3D20455448A2
:10CF70004152505F53544154455F50454E44494ED1
:10CF800047207C7C207374617465203E3D204554AD
:10CF9000484152505F53544154455F535441424CB1
:10CFA00045000000417373657274696F6E2022251D
:10CFB0007322206661696C6564206174206C696EFF
:10CFC0006520256420696E2025730A006172705FF8
:10CFD0007461626C655B695D2E71203D3D204E552C
:10CFE0004C4C000069203C204152505F5441424C5F
:10CFF000455F53495A4500006172705F7461626C0D
:10D00000655B695D2E7374617465203D3D204554F8
:10D01000484152505F53544154455F454D50545917
:10D02000000000006E657469662D3E687761646477
:10D03000725F6C656E203D3D204554485F48574106
:10D040004444525F4C454E006574685F72657420BD
:10D05000213D204E554C4C2026262069705F72657C
:10D060007420213D204E554C4C00000069706164D5
:10D07000647220213D204E554C4C00006E65746951
:10D080006620213D204E554C4C0000006574685FC1
:10D0900072657420213D204E554C4C006172705FCA
:10D0A0007461626C655B6172705F6964785D2E7338
:10D0B00074617465203E3D204554484152505F5391
:10D0C000544154455F535441424C45007120213D29
:10D0D000204E554C4C00000074797065206F7665C9
:10D0E00072666C6F770000006172705F7461626CD1
:10D0F000655B695D2E7374617465203D3D2050450C
:10D100004E44494E47206F7220535441424C4500D3
:10D110006E6F207061636B657420717565756573E2
:10D1200020616C6C6F776564210000006368656343
:10D130006B20746861742066697273742070627504
:10D14000662063616E20686F6C642073747275630F
:10D1500074206574686172705F686472000000001A
:10D160006E657469662D3E6877616464725F6C6594
:10D170006E206D757374206265207468652073611C
:10D180006D65206173204554485F485741444452BF
:10D190005F4C454E20666F72206574686172702125
:10D1A000000000002F5368617265642F476974683E
:10D1B00075622F43726F75737469626F742F49487B
:10D1C0004D2F4D6964646C6577617265732F546887
:10D1D0006972645F50617274792F4C7749502F7374
:10D1E00072632F6E657469662F65746865726E650B
:10D1F000742E63006E657469662D3E6877616464A1
:10D20000725F6C656E206D757374206265203620C8
:10D21000666F722065746865726E65745F6F757491
:10D220007075742100000000417373657274696F3A
:10D230006E2022257322206661696C65642061740A
:10D24000206C696E6520256420696E2025730A00B4
:10D250002F5368617265642F4769746875622F4344
:10D26000726F75737469626F742F49484D2F4D69E1
:10D2700064646C6577617265732F54686972645F6A
:10D2800050617274792F4C7749502F7372632F63FA
:10D290006F72652F697076342F69636D702E63002D
:10D2A00069636D705F696E7075743A206D6F766931
:10D2B0006E6720722D3E7061796C6F616420746FAF
:10D2C0002069636D702068656164657220666169BC
:10D2D0006C65640A00000000417373657274696FC5
:10D2E0006E2022257322206661696C65642061745A
:10D2F000206C696E6520256420696E2025730A0004
:10D3000069636D705F696E7075743A2072657374CD
:10D310006F72696E67206F726967696E616C2070E9
:10D320002D3E7061796C6F6164206661696C656423
:10D330000A000000636865636B207468617420668E
:10D340006972737420706275662063616E20686F05
:10D350006C642069636D70206D657373616765002F
:10D360002F5368617265642F4769746875622F4333
:10D37000726F75737469626F742F49484D2F4D69D0
:10D3800064646C6577617265732F54686972645F59
:10D3900050617274792F4C7749502F7372632F63E9
:10D3A0006F72652F697076342F6970342E630000B8
:10D3B000702D3E726566203D3D20310041737365DE
:10D3C0007274696F6E2022257322206661696C6514
:10D3D00064206174206C696E6520256420696E206C
:10D3E00025730A00636865636B2074686174206646
:10D3F0006972737420706275662063616E20686F55
:10D400006C64207374727563742069705F686472F1
:10D41000000000002F5368617265642F47697468CB
:10D4200075622F43726F75737469626F742F494808
:10D430004D2F4D6964646C6577617265732F546814
:10D440006972645F50617274792F4C7749502F7301
:10D4500072632F636F72652F697076342F69703431
:10D460005F667261672E63007072657620213D20D1
:10D4700069707200417373657274696F6E20222542
:10D480007322206661696C6564206174206C696E2A
:10D490006520256420696E2025730A007072657608
:10D4A0002D3E6E657874203D3D206970720000004D
:10D4B00070627566735F6672656564202B20636CAD
:10D4C000656E203C3D203078666666660000000090
:10D4D00069705F72656173735F70627566636F75A3
:10D4E0006E74203E3D2070627566735F667265657E
:10D4F0006400000073616E69747920636865636B12
:10D50000206C696E6B6564206C69737400000000A8
:10D51000636865636B20667261676D656E74732006
:10D52000646F6E2774206F7665726C617000000006
:10D530006E6F2070726576696F75732066726167B1
:10D540006D656E742C2074686973206D757374201A
:10D550006265207468652066697273742066726102
:10D56000676D656E7421000073616E697479206364
:10D570006865636B0000000076616C6964617465C6
:10D580005F646174616772616D3A6E6578745F7033
:10D59000627566213D4E554C4C00000069705F720B
:10D5A000656173735F70627566636F756E74203E3C
:10D5B0003D20636C656E000069707220213D204E35
:10D5C000554C4C006E6F74206669727374616C7494
:10D5D000686F756768206A75737420656E7175650C
:10D5E000756564007020213D204E554C4C000000B4
:10D5F00070637220213D204E554C4C0070637220A8
:10D600003D3D2070000000006970345F6672616704
:10D6100028293A207062756620746F6F2073686FD6
:10D620007274000074686973206E656564732061AC
:10D63000207062756620696E206F6E652070696566
:10D6400063652100702D3E6C656E203E3D20706F3D
:10D65000666600002F5368617265642F47697468BD
:10D6600075622F43726F75737469626F742F4948C6
:10D670004D2F4D6964646C6577617265732F5468D2
:10D680006972645F50617274792F4C7749502F73BF
:10D6900072632F636F72652F6D656D2E63000000DE
:10D6A000706C75675F686F6C65733A206D656D208F
:10D6B0003E3D2072616D0000417373657274696F45
:10D6C0006E2022257322206661696C656420617476
:10D6D000206C696E6520256420696E2025730A0020
:10D6E000706C75675F686F6C65733A206D656D204F
:10D6F0003C2072616D5F656E64000000706C756740
:10D700005F686F6C65733A206D656D2D3E7573654E
:10D7100064203D3D20300000706C75675F686F6C61
:10D7200065733A206D656D2D3E6E657874203C3DC5
:10D73000204D454D5F53495A455F414C49474E4541
:10D74000440000006D656D5F667265653A20736127
:10D750006E69747920636865636B20616C69676EBC
:10D760006D656E74000000006D656D5F66726565C5
:10D770003A20696C6C6567616C206D656D6F7279BC
:10D78000000000006D656D5F667265653A20696C2A
:10D790006C6567616C206D656D6F72793A20646F9E
:10D7A00075626C6520667265650000006D656D5F71
:10D7B000667265653A20696C6C6567616C206D65A1
:10D7C0006D6F72793A206E6F6E2D6C696E6B656449
:10D7D0003A20646F75626C652066726565000000B2
:10D7E0006D656D5F7472696D3A206C6567616C2060
:10D7F0006D656D6F727900006D656D5F7472696D36
:10D800002063616E206F6E6C7920736872696E6B35
:10D81000206D656D6F727900696E76616C69642048
:10D820006E65787420707472000000006D656D5F25
:10D830006D616C6C6F633A20216C667265652D3E7C
:10D8400075736564000000006D656D5F6D616C6CE3
:10D850006F633A20616C6C6F6361746564206D6501
:10D860006D6F7279206E6F742061626F76652072C1
:10D87000616D5F656E642E006D656D5F6D616C6CD2
:10D880006F633A20616C6C6F6361746564206D65D1
:10D890006D6F72792070726F7065726C7920616C37
:10D8A00069676E65642E00006D656D5F6D616C6CFF
:10D8B0006F633A2073616E69747920636865636B86
:10D8C00020616C69676E6D656E7400002F5368612E
:10D8D0007265642F4769746875622F43726F757340
:10D8E0007469626F742F49484D2F4D6964646C658B
:10D8F00077617265732F54686972645F50617274E6
:10D90000792F4C7749502F7372632F636F72652F95
:10D910006D656D702E6300006D656D705F6D616C7F
:10D920006C6F633A206D656D702070726F706572F8
:10D930006C7920616C69676E656400004173736582
:10D940007274696F6E2022257322206661696C658E
:10D9500064206174206C696E6520256420696E20E6
:10D9600025730A00696E76616C696420706F6F6C54
:10D9700020646573630000006D656D705F6D616CA0
:10D980006C6F633A2074797065203C204D454D5092
:10D990005F4D4158000000006D656D705F667265F7
:10D9A000653A206D656D2070726F7065726C7920BC
:10D9B000616C69676E6564006D656D705F66726548
:10D9C000653A2074797065203C204D454D505F4D7F
:10D9D000415800002F5368617265642F476974686D
:10D9E00075622F43726F75737469626F742F494843
:10D9F0004D2F4D6964646C6577617265732F54684F
:10DA00006972645F50617274792F4C7749502F733B
:10DA100072632F636F72652F6E657469662E630083
:10DA20006E657469665F696E7075743A20696E76AA
:10DA3000616C6964207062756600000041737365F3
:10DA40007274696F6E2022257322206661696C658D
:10DA500064206174206C696E6520256420696E20E5
:10DA600025730A006E657469665F696E7075743A35
:10DA700020696E76616C6964206E65746966000069
:10DA80006E657469665F6164643A20696E76616C84
:10DA90006964206E65746966000000006E657469D3
:10DAA000665F6164643A204E6F20696E6974206617
:10DAB000756E6374696F6E20676976656E0000002D
:10DAC0006E6574696620616C726561647920616459
:10DAD00064656400746F6F206D616E79206E65748B
:10DAE0006966732C206D61782E20737570706F726B
:10DAF000746564206E756D626572206973203235BD
:10DB000035000000696E76616C696420706F696E23
:10DB1000746572006E657469665F7365745F6970C1
:10DB2000616464723A20696E76616C6964206E6526
:10DB3000746966006E657469665F7365745F6E65AF
:10DB4000746D61736B3A20696E76616C6964206EE6
:10DB500065746966000000006E657469665F7365D0
:10DB6000745F67773A20696E76616C6964206E65D0
:10DB7000746966006E657469665F7365745F75705D
:10DB80003A20696E76616C6964206E65746966001E
:10DB90006E657469665F69737375655F7265706FD2
:10DBA0007274733A20696E76616C6964206E657474
:10DBB000696600006E657469665F7365745F646FA3
:10DBC000776E3A20696E76616C6964206E6574695F
:10DBD000660000006E657469665F7365745F6C69EA
:10DBE0006E6B5F75703A20696E76616C6964206E49
:10DBF00065746966000000006E657469665F736530
:10DC0000745F6C696E6B5F646F776E3A20696E76D5
:10DC1000616C6964206E6574696600002F536861E9
:10DC20007265642F4769746875622F43726F7573EC
:10DC30007469626F742F49484D2F4D6964646C6537
:10DC400077617265732F54686972645F5061727492
:10DC5000792F4C7749502F7372632F636F72652F42
:10DC6000706275662E630000706275665F616C6C31
:10DC70006F633A207062756620712D3E7061796C19
:10DC80006F61642070726F7065726C7920616C696D
:10DC9000676E656400000000417373657274696F9C
:10DCA0006E2022257322206661696C656420617490
:10DCB000206C696E6520256420696E2025730A003A
:10DCC000504255465F504F4F4C5F42554653495A5C
:10DCD00045206D757374206265206269676765729F
:10DCE000207468616E204D454D5F414C49474E4D53
:10DCF000454E5400706275665F616C6C6F633A20CC
:10DD0000706275662D3E7061796C6F61642070720F
:10DD10006F7065726C7920616C69676E6564000074
:10DD2000706275665F616C6C6F633A206572726FCA
:10DD30006E656F757320747970650000696E766129
:10DD40006C696420706275665F74797065000000AC
:10DD5000706275665F7265616C6C6F633A207020EB
:10DD6000213D204E554C4C00706275665F726561B6
:10DD70006C6C6F633A207120213D204E554C4C0055
:10DD80006D656D5F7472696D2072657475726E6514
:10DD9000642071203D3D204E554C4C007020213DAB
:10DDA000204E554C4C000000696E6372656D656EC7
:10DDB000745F6D61676E6974756465203C3D2070A9
:10DDC0002D3E6C656E000000706275665F66726560
:10DDD000653A20702D3E726566203E2030000000BE
:10DDE00070632D3E637573746F6D5F667265655FFA
:10DDF00066756E6374696F6E20213D204E554C4CE4
:10DE000000000000696E76616C696420706275665E
:10DE10002074797065000000706275662072656616
:10DE2000206F766572666C6F77000000286820218D
:10DE30003D204E554C4C2920262620287420213D7B
:10DE4000204E554C4C29202870726F6772616D6DA1
:10DE500065722076696F6C61746573204150492941
:10DE600000000000702D3E746F745F6C656E203D85
:10DE70003D20702D3E6C656E20286F66206C6173AE
:10DE800074207062756620696E20636861696E290E
:10DE900000000000702D3E6E657874203D3D204EE0
:10DEA000554C4C00702D3E746F745F6C656E203D58
:10DEB0003D20702D3E6C656E202B20712D3E746FC1
:10DEC000745F6C656E000000702D3E746F745F6C43
:10DED000656E203D3D20702D3E6C656E000000009B
:10DEE000706275665F636F70793A207461726765FE
:10DEF00074206E6F742062696720656E6F75676845
:10DF000020746F20686F6C6420736F757263650096
:10DF10006F66667365745F746F203C3D20705F743C
:10DF20006F2D3E6C656E00006F66667365745F668C
:10DF3000726F6D203C3D20705F66726F6D2D3E6C80
:10DF4000656E0000705F746F20213D204E554C4C73
:10DF500000000000706275665F636F707928292089
:10DF6000646F6573206E6F7420616C6C6F772070C6
:10DF700061636B65742071756575657321000000C0
:10DF8000706275665F636F70795F706172746961EA
:10DF90006C3A20696E76616C696420627566000077
:10DFA000706275665F636F70795F706172746961CA
:10DFB0006C3A20696E76616C69642064617461708A
:10DFC00074720000706275665F6765745F636F6E80
:10DFD000746967756F75733A20696E76616C6964F0
:10DFE0002062756600000000706275665F67657488
:10DFF0005F636F6E746967756F75733A20696E76CB
:10E00000616C696420646174617074720000000066
:10E01000706275665F74616B653A20696E76616CDB
:10E020006964206275660000706275665F74616B7A
:10E03000653A20696E76616C696420646174617010
:10E0400074720000706275665F74616B653A20627D
:10E050007566206E6F74206C6172676520656E6FE7
:10E0600075676800706275665F74616B653A2069F8
:10E070006E76616C69642070627566006469642004
:10E080006E6F7420636F707920616C6C20646174B2
:10E0900061000000636865636B20706275665F7382
:10E0A0006B697020726573756C74000070627566C0
:10E0B0005F636F7079206661696C656400000000C1
:10E0C000434C4F53454400004C495354454E0000C7
:10E0D00053594E5F53454E540000000053594E5F54
:10E0E000524356440000000045535441424C4953AA
:10E0F0004845440046494E5F574149545F3100004E
:10E1000046494E5F574149545F320000434C4F53DC
:10E11000455F574149540000434C4F53494E470017
:10E120004C4153545F41434B0000000054494D455E
:10E130005F574149540000002F5368617265642F96
:10E140004769746875622F43726F75737469626F83
:10E15000742F49484D2F4D6964646C657761726511
:10E16000732F54686972645F50617274792F4C77B1
:10E1700049502F7372632F636F72652F7463702E13
:10E18000630000007463705F667265653A204C49F5
:10E190005354454E00000000417373657274696FFB
:10E1A0006E2022257322206661696C65642061748B
:10E1B000206C696E6520256420696E2025730A0035
:10E1C0007463705F667265655F6C697374656E3ADF
:10E1D00020214C495354454E000000007463705F89
:10E1E00072656D6F76655F6C697374656E65723AA2
:10E1F00020696E76616C6964206C697374656E6504
:10E200007200000070636220213D204E554C4C008E
:10E210007063622D3E7374617465203D3D204C49EE
:10E220005354454E000000007463705F636C6F735D
:10E23000655F73687574646F776E3A20696E766196
:10E240006C696420706362007063622D3E666C616D
:10E25000677320262054465F5258434C4F53454421
:10E26000000000007463705F636C6F73653A20692F
:10E270006E76616C69642070636200007463705F25
:10E2800073687574646F776E3A20696E76616C6935
:10E2900064207063620000007463705F6162616E8D
:10E2A000646F6E3A20696E76616C69642070636297
:10E2B00000000000646F6E27742063616C6C207432
:10E2C00063705F61626F72742F7463705F6162610B
:10E2D0006E646F6E20666F72206C697374656E2D4C
:10E2E00070636273000000007463705F62696E6443
:10E2F0003A20696E76616C69642070636200000088
:10E300007463705F62696E643A2063616E206F6E41
:10E310006C792062696E6420696E20737461746523
:10E3200020434C4F534544007463705F61636365E1
:10E3300070745F6E756C6C3A20696E76616C69649E
:10E3400020706362000000007463705F6C69737416
:10E35000656E5F776974685F6261636B6C6F675F3E
:10E36000616E645F6572723A20696E76616C696491
:10E3700020706362000000007463705F6C697374E6
:10E38000656E5F776974685F6261636B6C6F675F0E
:10E39000616E645F6572723A2070636220616C72B4
:10E3A0006561647920636F6E6E65637465640000F7
:10E3B0007463705F7570646174655F7263765F61CA
:10E3C0006E6E5F776E643A20696E76616C69642068
:10E3D000706362006E65775F7263765F616E6E5F19
:10E3E000776E64203C3D20307866666666000000EB
:10E3F0007463705F7265637665643A20696E7661F6
:10E400006C69642070636200646F6E2774206361BE
:10E410006C6C207463705F72656376656420666FF0
:10E4200072206C697374656E2D70636273000000F6
:10E430007463705F636F6E6E6563743A20696E76A5
:10E44000616C696420706362000000007463705F37
:10E45000636F6E6E6563743A20696E76616C696491
:10E4600020697061646472007463705F636F6E6EC4
:10E470006563743A2063616E206F6E6C7920636F00
:10E480006E6E6563742066726F6D2073746174655F
:10E4900020434C4F534544007463705F736C6F7737
:10E4A000746D723A20616374697665207063622DC1
:10E4B0003E737461746520213D20434C4F534544A5
:10E4C0000A0000007463705F736C6F77746D723A4A
:10E4D00020616374697665207063622D3E73746198
:10E4E000746520213D204C495354454E0A000000DC
:10E4F0007463705F736C6F77746D723A20616374CC
:10E50000697665207063622D3E73746174652021A5
:10E510003D2054494D452D574149540A0000000003
:10E520007463705F736C6F7774696D723A20706595
:10E530007273697374207469636B696E672077699D
:10E54000746820696E2D666C6967687420646174F4
:10E55000610000007463705F736C6F7774696D7233
:10E560003A2070657273697374207469636B696EA5
:10E5700067207769746820656D7074792073656EA3
:10E580006420627566666572000000007463705FE7
:10E59000736C6F77746D723A206D6964646C65207A
:10E5A00074637020213D207463705F6163746976C9
:10E5B000655F7063627300007463705F736C6F7784
:10E5C000746D723A20666972737420706362203DC4
:10E5D0003D207463705F6163746976655F70636228
:10E5E000730000007463705F736C6F77746D723AC0
:10E5F0002054494D452D57414954207063622D3EAA
:10E600007374617465203D3D2054494D452D57413B
:10E61000495400007463705F736C6F77746D723A65
:10E62000206D6964646C652074637020213D2074E2
:10E6300063705F74775F7063627300007463705F10
:10E64000736C6F77746D723A2066697273742070A0
:10E650006362203D3D207463705F74775F70636216
:10E66000730000007463705F70726F636573735F33
:10E67000726566757365645F646174613A20696E82
:10E6800076616C6964207063620000007463705F7F
:10E690007365747072696F3A20696E76616C696433
:10E6A00020706362000000007463705F7365675FD1
:10E6B000636F70793A20696E76616C696420736566
:10E6C000670000007463705F726563765F6E756CDF
:10E6D0006C3A20696E76616C696420706362000038
:10E6E000696E76616C696420737461746500000002
:10E6F000696E76616C696420736F636B65742073F7
:10E700007461746520666F72207265637620636140
:10E710006C6C6261636B0000696E76616C69642089
:10E72000736F636B657420737461746520666F72B8
:10E730002073656E742063616C6C6261636B0000B2
:10E74000696E76616C696420736F636B65742073A6
:10E750007461746520666F72206572722063616CEB
:10E760006C6261636B0000007463705F706F6C6C4F
:10E770003A20696E76616C69642070636200000003
:10E78000696E76616C696420736F636B6574207366
:10E790007461746520666F7220706F6C6C0000008D
:10E7A0007463705F7063625F70757267653A206949
:10E7B0006E76616C69642070636200007463705FE0
:10E7C0007063625F72656D6F76653A20696E76611F
:10E7D0006C696420706362007463705F7063625F71
:10E7E00072656D6F76653A20696E76616C6964203A
:10E7F0007063626C69737400756E73656E742073F8
:10E8000065676D656E7473206C65616B696E67001A
:10E81000756E61636B6564207365676D656E747397
:10E82000206C65616B696E67000000006F6F736537
:10E8300071207365676D656E7473206C65616B69BB
:10E840006E6700007463705F6E6578745F697373E0
:10E850003A20696E76616C69642070636200000022
:10E860007463705F6566665F73656E645F6D737316
:10E870005F6E657469663A20696E76616C696420C2
:10E880006473745F697000007463705F6E657469AF
:10E89000665F69705F616464725F6368616E67651B
:10E8A000645F7063626C6973743A20696E76616C40
:10E8B0006964206F6C645F61646472002F536861E7
:10E8C0007265642F4769746875622F43726F757340
:10E8D0007469626F742F49484D2F4D6964646C658B
:10E8E00077617265732F54686972645F50617274E6
:10E8F000792F4C7749502F7372632F636F72652F96
:10E900007463705F696E2E63000000007463705F53
:10E91000696E7075743A20696E76616C69642070F6
:10E9200062756600417373657274696F6E2022258B
:10E930007322206661696C6564206174206C696E65
:10E940006520256420696E2025730A00702D3E6EB7
:10E9500065787420213D204E554C4C00702D3E6C46
:10E96000656E203D3D203000702D3E746F745F6CED
:10E97000656E203D3D20702D3E6E6578742D3E7491
:10E980006F745F6C656E00007463705F696E7075A4
:10E99000743A20616374697665207063622D3E73FA
:10E9A0007461746520213D20434C4F534544000061
:10E9B0007463705F696E7075743A20616374697610
:10E9C00065207063622D3E737461746520213D2063
:10E9D00054494D452D574149540000007463705F00
:10E9E000696E7075743A206163746976652070632E
:10E9F000622D3E737461746520213D204C4953544F
:10EA0000454E00007463705F696E7075743A2070D3
:10EA100063622D3E6E65787420213D207063622014
:10EA2000286265666F72652063616368652900000E
:10EA30007463705F696E7075743A207063622D3E06
:10EA40006E65787420213D207063622028616674B1
:10EA50006572206361636865290000007463705FFC
:10EA6000696E7075743A2054494D452D574149548B
:10EA7000207063622D3E7374617465203D3D2054A7
:10EA8000494D452D57414954000000007063622DE7
:10EA90003E726566757365645F64617461203D3DB7
:10EAA000204E554C4C0000007463705F696E7075A9
:10EAB000745F64656C617965645F636C6F73653AFC
:10EAC00020696E76616C69642070636200000000EA
:10EAD0007463705F6C697374656E5F696E70757472
:10EAE0003A20696E76616C69642070636200000090
:10EAF0007463705F74696D65776169745F696E7066
:10EB000075743A20696E76616C6964207063620086
:10EB10007463705F70726F636573733A20696E76A9
:10EB2000616C696420706362000000007463705F50
:10EB3000696E7075743A207063622D3E73746174EF
:10EB40006520213D20434C4F534544007063622DA6
:10EB50003E736E645F71756575656C656E203E20F1
:10EB6000300000006E6F207365676D656E742074F1
:10EB70006F206672656500007063622D3E6C69737C
:10EB800074656E65722D3E61636365707420213D0E
:10EB9000204E554C4C0000007463705F6F6F735FC4
:10EBA000696E736572745F7365676D656E743A2024
:10EBB000696E76616C6964206373656700000000AC
:10EBC0007063622D3E736E645F71756575656C650B
:10EBD0006E203E3D20706275665F636C656E286EC8
:10EBE0006578742D3E7029007463705F726563658B
:10EBF0006976653A2076616C696420717565756522
:10EC0000206C656E677468007463705F726563651D
:10EC10006976653A20696E76616C6964207063621A
:10EC2000000000007463705F726563656976653A21
:10EC30002077726F6E672073746174650000000046
:10EC4000756E61636B656400756E73656E7400004C
:10EC5000696E7365672E7020213D204E554C4C0027
:10EC6000696E73616E65206F66667365742100005E
:10EC70007062756620746F6F2073686F7274210004
:10EC80007463705F726563656976653A2073656762
:10EC90006D656E74206E6F74207472696D6D65643D
:10ECA00020636F72726563746C7920746F20726375
:10ECB000765F776E640A00007463705F72656365E7
:10ECC0006976653A207365676D656E74206E6F7442
:10ECD000207472696D6D656420636F727265637410
:10ECE0006C7920746F206F6F736571207175657515
:10ECF000650A00007463705F726563656976653AE2
:10ED0000207463706C656E203E207263765F776E50
:10ED1000640A00007463705F726563656976653AC2
:10ED2000206F6F736571207463706C656E203E2078
:10ED30007263765F776E640A000000007463705F30
:10ED400070617273656F70743A20696E76616C6978
:10ED500064207063620000002F5368617265642F45
:10ED60004769746875622F43726F75737469626F57
:10ED7000742F49484D2F4D6964646C6577617265E5
:10ED8000732F54686972645F50617274792F4C7785
:10ED900049502F7372632F636F72652F7463705FB6
:10EDA0006F75742E630000007463705F6372656139
:10EDB00074655F7365676D656E743A20696E766120
:10EDC0006C69642070636200417373657274696F6B
:10EDD0006E2022257322206661696C65642061744F
:10EDE000206C696E6520256420696E2025730A00F9
:10EDF0007463705F6372656174655F7365676D6589
:10EE00006E743A20696E76616C6964207062756612
:10EE100000000000702D3E746F745F6C656E203EC4
:10EE20003D206F70746C656E000000007463705F4D
:10EE3000706275665F707265616C6C6F633A2069B1
:10EE40006E76616C6964206F76657273697A6500AD
:10EE50007463705F706275665F707265616C6C6F11
:10EE6000633A20696E76616C6964207063620000A9
:10EE70006E65656420756E636861696E6564207097
:10EE8000627566007463705F77726974655F63684A
:10EE900065636B733A20696E76616C696420706398
:10EEA000620000007463705F77726974653A207065
:10EEB00062756673206F6E207175657565203D3EC5
:10EEC000206174206C65617374206F6E65207175AC
:10EED000657565206E6F6E2D656D7074790000002C
:10EEE0007463705F77726974653A206E6F20706228
:10EEF000756673206F6E207175657565203D3E20C7
:10EF0000626F74682071756575657320656D7074C6
:10EF1000790000007463705F77726974653A2069E4
:10EF20006E76616C69642070636200007463705F68
:10EF300077726974653A20617267203D3D204E55B5
:10EF40004C4C202870726F6772616D6D657220760F
:10EF5000696F6C617465732041504929000000009D
:10EF60006D73735F6C6F63616C20697320746F6F76
:10EF700020736D616C6C0000696E636F6E736973F2
:10EF800074656E74206F76657273697A6520767326
:10EF90002E20737061636500696E636F6E736973B1
:10EFA00074656E74206F76657273697A6520767306
:10EFB0002E206C656E0000007463705F7772697458
:10EFC000653A20524F4D2070627566732063616E02
:10EFD0006E6F74206265206F76657273697A6564FE
:10EFE00000000000756E73656E745F6F76657273F6
:10EFF000697A65206D69736D617463682028706338
:10F00000622D3E756E73656E74206973204E554C8B
:10F010004C2900007463705F77726974653A2063ED
:10F020006865636B2074686174206669727374200C
:10F03000706275662063616E20686F6C642074680E
:10F040006520636F6D706C657465207365676C65B2
:10F050006E0000006F76657273697A65203D3D2011
:10F0600030000000707265765F73656720213D2077
:10F070004E554C4C000000007463705F77726974E9
:10F08000653A2063616E6E6F7420636F6E636174A6
:10F09000656E617465207768656E207063622D3ED1
:10F0A000756E73656E7420697320656D7074790078
:10F0B0007463705F77726974653A20657874656E01
:10F0C00073696F6E206F66207265666572656E6328
:10F0D0006520726571756972657320726566657207
:10F0E000656E6365000000007463705F7772697419
:10F0F000653A2076616C6964207175657565206C70
:10F10000656E6774680000007463705F73706C698B
:10F11000745F756E73656E745F7365673A20696EB0
:10F1200076616C69642070636200000043616E2741
:10F13000742073706C6974207365676D656E7420DC
:10F14000696E746F206C656E677468203000000013
:10F1500073706C6974203C3D206D73730000000077
:10F16000757365672D3E6C656E203E203000000093
:10F17000736567203D3D204E554C4C007463705FB5
:10F1800073656E645F66696E3A20696E76616C695C
:10F1900064207063620000007463705F656E717557
:10F1A0006575655F666C6167733A206E656564209E
:10F1B000656974686572205443505F53594E206FDF
:10F1C00072205443505F46494E20696E20666C6140
:10F1D0006773202870726F6772616D6D657220763B
:10F1E000696F6C617465732041504929000000000B
:10F1F0007463705F656E71756575655F666C616778
:10F20000733A20696E76616C6964207063620000F5
:10F210007463705F656E71756575655F666C616757
:10F22000733A20636865636B207468617420666953
:10F2300072737420706275662063616E20686F6CF3
:10F2400064206F70746C656E000000007365672D3C
:10F250003E746370686472206E6F7420616C6967BD
:10F260006E6564007463705F656E71756575655F6A
:10F27000666C6167733A20696E76616C69642073AD
:10F2800065676D656E74206C656E6774680000005C
:10F290007463705F656E71756575655F666C6167D7
:10F2A000733A20696E76616C696420717565756565
:10F2B000206C656E677468007463705F6F7574703E
:10F2C00075743A20696E76616C69642070636200BF
:10F2D000646F6E27742063616C6C207463705F6F61
:10F2E000757470757420666F72206C697374656EC6
:10F2F0002D70636273000000525354206E6F7420AF
:10F3000065787065637465642068657265210000C6
:10F310007463705F6F75747075745F7365676D6526
:10F320006E745F627573793A20696E76616C696498
:10F3300020736567000000007463705F6F75747000
:10F3400075745F7365676D656E743A20696E76617A
:10F350006C696420736567007463705F6F757470A7
:10F3600075745F7365676D656E743A20696E76615A
:10F370006C696420706362007463705F6F75747091
:10F3800075745F7365676D656E743A20696E76613A
:10F390006C6964206E657469660000006F70746942
:10F3A0006F6E73206E6F742066696C6C656400000C
:10F3B0007463705F7265786D69745F72746F5F708B
:10F3C0007265706172653A20696E76616C6964205D
:10F3D000706362007463705F7265786D69745F72E8
:10F3E000746F5F636F6D6D69743A20696E76616CDE
:10F3F00069642070636200007463705F7265786D89
:10F4000069745F72746F3A20696E76616C6964200A
:10F41000706362007463705F7265786D69743A201E
:10F42000696E76616C696420706362007463705FFA
:10F430007265786D69745F666173743A20696E767F
:10F44000616C69642070636200000000636865633A
:10F450006B207468617420666972737420706275C1
:10F46000662063616E20686F6C64207374727563CC
:10F4700074207463705F6864720000007463705F6E
:10F480006F75747075745F616C6C6F635F686561D4
:10F490006465723A20696E76616C6964207063629B
:10F4A000000000007463705F6F75747075745F6640
:10F4B000696C6C5F6F7074696F6E733A20696E76F9
:10F4C000616C696420706275660000007463705F2F
:10F4D0006F75747075745F636F6E74726F6C5F7349
:10F4E00065676D656E743A20696E76616C6964203B
:10F4F00070627566000000007463705F7273743A26
:10F5000020696E76616C6964206C6F63616C5F6901
:10F51000700000007463705F7273743A20696E76D5
:10F52000616C69642072656D6F74655F697000005D
:10F530007463705F73656E645F656D7074795F612D
:10F54000636B3A20696E76616C6964207063620057
:10F550007463705F6B656570616C6976653A20698C
:10F560006E76616C69642070636200007463705F22
:10F570007A65726F5F77696E646F775F70726F62C2
:10F58000653A20696E76616C696420706362000080
:10F590002F5368617265642F4769746875622F43E1
:10F5A000726F75737469626F742F49484D2F4D697E
:10F5B00064646C6577617265732F54686972645F07
:10F5C00050617274792F4C7749502F7372632F6397
:10F5D0006F72652F74696D656F7574732E630000AB
:10F5E0007379735F74696D656F75743A2074696DB2
:10F5F000656F757420213D204E554C4C2C20706F4A
:10F600006F6C204D454D505F5359535F54494D45E4
:10F610004F555420697320656D70747900000000A7
:10F62000417373657274696F6E20222573222066A0
:10F6300061696C6564206174206C696E6520256465
:10F6400020696E2025730A0054696D656F757420FA
:10F6500074696D6520746F6F206C6F6E672C206D00
:10F660006178206973204C5749505F55494E543397
:10F67000325F4D41582F34206D7365637300000075
:10F68000696E76616C696420736C65657074696D10
:10F69000650000002F5368617265642F47697468C4
:10F6A00075622F43726F75737469626F742F494866
:10F6B0004D2F4D6964646C6577617265732F546872
:10F6C0006972645F50617274792F4C7749502F735F
:10F6D00072632F636F72652F7564702E6300000074
:10F6E0007564705F696E7075745F6C6F63616C5F79
:10F6F0006D617463683A20696E76616C696420702C
:10F7000063620000417373657274696F6E20222515
:10F710007322206661696C6564206174206C696E77
:10F720006520256420696E2025730A007564705F6A
:10F73000696E7075745F6C6F63616C5F6D6174632B
:10F74000683A20696E76616C6964206E65746966DA
:10F75000000000007564705F696E7075743A20690E
:10F760006E76616C69642070627566007564705FA6
:10F77000696E7075743A20696E76616C6964206E8A
:10F780006574696600000000706275665F72656D81
:10F790006F76655F686561646572206661696C6536
:10F7A000640A00007564705F73656E643A20696E68
:10F7B00076616C6964207063620000007564705F3C
:10F7C00073656E643A20696E76616C69642070625C
:10F7D000756600007564705F73656E64746F3A20BF
:10F7E000696E76616C696420706362007564705F35
:10F7F00073656E64746F3A20696E76616C6964201B
:10F8000070627566000000007564705F73656E64F9
:10F81000746F3A20696E76616C6964206473745FFA
:10F82000697000007564705F73656E64746F5F6902
:10F83000663A20696E76616C6964207063620000CC
:10F840007564705F73656E64746F5F69663A206992
:10F850006E76616C69642070627566007564705FB5
:10F8600073656E64746F5F69663A20696E76616C69
:10F870006964206473745F69700000007564705F70
:10F8800073656E64746F5F69663A20696E76616C49
:10F890006964206E65746966000000007564705FBD
:10F8A00073656E64746F5F69665F7372633A206933
:10F8B0006E76616C69642070636200007564705FCD
:10F8C00073656E64746F5F69665F7372633A206913
:10F8D0006E76616C69642070627566007564705F35
:10F8E00073656E64746F5F69665F7372633A2069F3
:10F8F0006E76616C6964206473745F6970000000E7
:10F900007564705F73656E64746F5F69665F737250
:10F91000633A20696E76616C6964207372635F6913
:10F92000700000007564705F73656E64746F5F696A
:10F93000665F7372633A20696E76616C6964206EEB
:10F940006574696600000000636865636B20746815
:10F9500061742066697273742070627566206361D9
:10F960006E20686F6C6420737472756374207564A4
:10F97000705F6864720000007564705F62696E6435
:10F980003A20696E76616C696420706362000000E1
:10F990007564705F636F6E6E6563743A20696E762E
:10F9A000616C696420706362000000007564705FC0
:10F9B000636F6E6E6563743A20696E76616C69641C
:10F9C00020697061646472007564705F6469736358
:10F9D0006F6E6E6563743A20696E76616C6964203F
:10F9E000706362007564705F726563763A20696E59
:10F9F00076616C6964207063620000007564705FFA
:10FA000072656D6F76653A20696E76616C69642007
:10FA100070636200FB21F93FFB2109407CD9124051
:10FA2000FB2119407A6A1F407CD92240BBFD25404A
:10FA3000FB2129403A462C407A6A2F405C473140EE
:10FA40007CD932409C6B3440BBFD3540DB8F374066
:10FA5000FB2139401BB43A403A463C405AD83D401D
:10FA60007A6A3F404C7E40405C4741406C104240C7
:10FA70007CD942408CA243409C6B4440AC3445400E
:10FA8000BBFD4540CBC64640DB8F4740EB58484066
:10FA9000FB21494083F9A200444E6E00FC29150069
:10FAA000D1572700DD34F50062DBC0003C9995009A
:10FAB000419043006351FE00BBDEAB00B761C5005F
:10FAC0003A6E2400D24D42004906E00009EA2E00B9
:10FAD0001C92D100EB1DFE0029B11C00E83EA700DE
:10FAE000F535820044BB2E009CE98400B4267000EA
:10FAF000417E5F00D6913900538339009CF4390070
:10FB00008B5F840028F9BD00F81F3B00DEFF9700E3
:10FB10000F980500112FEF000A5A8B006D1F6D0022
:10FB2000CF7E360009CB2700464FB7009E663F00C8
:10FB30002DEA5F00BA277500E5EBC7003D7BF100B9
:10FB4000F739070092528A00FB6BEA001FB15F0091
:10FB5000085D8D00300356007BFC4600F0AB6B0067
:10FB600020BCCF0036F49A00E3A91D005E6191002D
:10FB7000081BE60085996500A0145F008D406800B1
:10FB800080D8FF0027734D0006063100CA561500C5
:10FB9000C9A873007BE260006B8CC000000000000D
:10FBA0000200000003000000040000000600000046
:10FBB00000000040FB21F93F000000002D44743E8E
:10FBC000000000809846F83C0000006051CC783B73
:10FBD00000000080831BF0390000004020257A38A7
:10FBE000000000802282E336000000001DF369352A
:10FBF00000202020202020202020282828282820FD
:10FC000020202020202020202020202020202020F4
:10FC1000208810101010101010101010101010105C
:10FC2000100404040404040404040410101010104C
:10FC30001010414141414141010101010101010116
:10FC40000101010101010101010101011010101068
:10FC500010104242424242420202020202020202E8
:10FC6000020202020202020202020202101010103C
:10FC70002000000000000000000000000000000064
:10FC80000000000000000000000000000000000074
:10FC90000000000000000000000000000000000064
:10FCA0000000000000000000000000000000000054
:10FCB0000000000000000000000000000000000044
:10FCC0000000000000000000000000000000000034
:10FCD0000000000000000000000000000000000024
:10FCE0000000000000000000000000000000000014
:10FCF00000000000000000000500000019000000E6
:10FD00007D00000000000000000000000000F03F47
:10FD100000000000000024400000000000005940E6
:10FD20000000000000408F40000000000088C34039
:10FD300000000000006AF8400000000080842E41AE
:10FD400000000000D01263410000000084D79741FA
:10FD50000000000065CDCD41000000205FA0024200
:10FD6000000000E876483742000000A2941A6D4275
:10FD7000000040E59C30A2420000901EC4BCD64268
:10FD800000003426F56B0C430080E03779C3414313
:10FD900000A0D8855734764300C84E676DC1AB4389
:10FDA000003D9160E458E143408CB5781DAF1544A7
:10FDB00050EFE2D6E41A4B4492D54D06CFF0804482
:10FDC000F64AE1C7022DB544B49DD9794378EA4497
:10FDD000BC89D897B2D29C3C33A7A8D523F6493921
:10FDE0003DA7F444FD0FA5329D978CCF08BA5B2543
:10FDF000436FAC642806C80A0080E03779C34143EA
:10FE0000176E05B5B5B89346F5F93FE9034F384D80
:10FE1000321D30F94877825A3CBF737FDD4F15752C
:10FE200035000000CEFBFFFFCB0300000100000007
:10FE30000000000034000000CEFBFFFFCB030000F9
:10FE40000100000000000000BC89D897B2D29C3CA1
:10FE500033A7A8D523F649393DA7F444FD0FA532B1
:10FE60009D978CCF08BA5B25436FAC642806681158
:10FE70000000000000000000000000000000000082
:10FE80000000000000000000000000000000000072
:10FE90000000000000000000000000000000000062
:10FEA0001011121314151617181900000000000085
:10FEB000001A1B1C1D1E1F00000000000000000097
:10FEC0000000000000000000000000000000000032
:10FED000001A1B1C1D1E1F00000000000000000077
:10FEE0000000000000000000000000000000000012
:10FEF0000000000000000000000000000000000002
:10FF000000000000000000000000000000000000F1
:10FF100000000000000000000000000000000000E1
:10FF200000000000000000000000000000000000D1
:10FF300000000000000000000000000000000000C1
:10FF400000000000000000000000000000000000B1
:10FF500000000000000000000000000000000000A1
:10FF60000000000000000000000000000000000091
:10FF70005C021208600212086402120820060C00DB
:10FF8000040200106043011000000000010203049D
:10FF9000010203040607080901000200040006002C
:10FFA00008000A000C001000200040008000000142
:10FFB0000101010307010000080402040801010116
:10FFC000FFFFFFFFFFFF0000000000000000000037
:10FFD0000000000020000400984501101C4601109C
:10FFE0009C00050020460110304901101C0008004B
:10FFF00034490110184A0110100010001C4A011069
:020000040812E0
:10000000204B011020000500244B0110C84B0110AB
:1000100018000F00CC4B0110384D011010000300E8
:100020003C4D0110704D011010003200744D011054
:1000300098500110600210009C500110A076011031
:10004000D4FF1108E0FF1108ECFF1108F8FF1108B8
:1000500004001208100012081C00120828001208E0
:100060003400120801020304050607070707070703
:100070000700000003060C1830607800B876011005
:10008000B4760110BC760110C0760110FA000000B1
:10009000DD5D1108E803000085351108E803000064
:1000A000E91A11085245454E54206D616C6C6F631E
:1000B0002073756363656564656400002E2E2F2EC2
:1000C0002E2F2E2E2F2E2E2F2E2E2F2E2E2F6E65D4
:1000D000776C69622F6C6962632F7374646C6962F8
:1000E0002F72616E642E63002C2066756E637469D6
:1000F0006F6E3A2000000000617373657274696F5F
:100100006E2022257322206661696C65643A206640
:10011000696C6520222573222C206C696E65202570
:1001200064257325730A0000232D302B2000000066
:10013000686C4C006566674546470000494E4600BE
:10014000696E66004E414E006E616E003000000028
:10015000496E66696E697479000000004E614E0058
:100160002E2E2F2E2E2F2E2E2F2E2E2F2E2E2F2EAA
:100170002E2F6E65776C69622F6C6962632F7374C2
:10018000646C69622F64746F612E630042616C6CF1
:100190006F632073756363656564656400000000C8
:1001A00065256C6400000000303132333435363759
:1001B0003839414243444546000000003031323373
:1001C0003435363738396162636465660000000093
:1001D0002E2E2F2E2E2F2E2E2F2E2E2F2E2E2F2E3A
:1001E0002E2F6E65776C69622F6C6962632F737452
:1001F000646C69622F6D707265632E63000000008D
:100200002E0000006E660000696E697479000000BF
:10021000616E00002E2E2F2E2E2F2E2E2F2E2E2FE3
:100220002E2E2F2E2E2F6E65776C69622F6C6962D1
:10023000632F7374646C69622F6764746F612D67D8
:1002400065746865782E6300412D46612D663839E6
:1002500030313233343536375D0000002B2D00004D
:10026000303000007858000043000000504F5349E0
:040270005800000032
:080274008C26FE7F0100000052
:04027C00290310083A
:04028000010310085E
:100284000000000003000000644C00101000001087
:1002940000000000644C0010CC4C0010344D0010E1
:1002A400000000000000000000000000000000004A
:1002B400000000000000000000000000000000003A
:1002C400000000000000000000000000000000002A
:1002D40000000000000000000000000043000000D7
:1002E400000000000000000000000000000000000A
:1002F40000000000000000000000000043000000B7
:1003040000000000000000000000000000000000E9
:100314000000000000000000000000004300000096
:1003240000000000000000000000000000000000C9
:100334000000000000000000000000004300000076
:1003440000000000000000000000000000000000A9
:100354000000000000000000000000004300000056
:100364000000000000000000000000000000000089
:100374000000000000000000000000004300000036
:100384000000000000000000000000000000000069
:100394000000000000000000000000004300000016
:1003A4000000000000000000000000000000000049
:1003B400000000000000000000000000BD8B1008D9
:1003C400A591100800000000F0FB110800021208BB
:1003D400F4001208F4001208F4001208F4001208E1
:1003E400F4001208F4001208F4001208F4001208D1
:1003F400F4001208FFFFFFFFFFFFFFFFFFFFFFFFF7
:10040400FFFF000001004153434949000000000080
:1004140000000000000000000000000000000000D8
:10042400000000000000415343494900000000005F
:1004340000000000000000000000000000000000B8
:10044400000000000000000000222C3A7B7D000028
:10045400000000381C04003881C1100895C1100840
:10046400D9C11008A5C110080DC210080090D0030E
:100474000090D00310000000010000C06E190000BD
:0404840000C00000B4
:100488000000000000000000000000000000000064
:100498000000000000000000000000000000000054
:1004A8000000000000000000000000000000000044
:1004B8000000000000000000000000000000000034
:1004C8000000000000000000000000000000000024
:1004D8000000000000000000000000000000000014
:1004E8000000000000000000000000000000000004
:1004F80000000000000000000000000000000000F4
:1005080000000000000000000000000000000000E3
:1005180000000000000000000000000000000000D3
:1005280000000000000000000000000000000000C3
:1005380000000000000000000000000000000000B3
:1005480000000000000000000000000000000000A3
:100558000000000000000000000000000000000093
:100568000000000000000000000000000000000083
:100578000000000000000000000000000000000073
:100588000000000000000000000000000000000063
:100598000000000000000000000000000000000053
:1005A8000000000000000000000000000000000043
:1005B8000000000000000000000000000000000033
:1005C8000000000000000000000000000000000023
:1005D8000000000000000000000000000000000013
:1005E8000000000000000000000000000000000003
:1005F80000000000000000000000000000000000F3
:1006080000000000000000000000000000000000E2
:1006180000000000000000000000000000000000D2
:1006280000000000000000000000000000000000C2
:1006380000000000000000000000000000000000B2
:1006480000000000000000000000000000000000A2
:100658000000000000000000000000000000000092
:100668000000000000000000000000000000000082
:100678000000000000000000000000000000000072
:100688000000000000000000000000000000000062
:100698000000000000000000000000000000000052
:1006A8000000000000000000000000000000000042
:1006B8000000000000000000000000000000000032
:1006C8000000000000000000000000000000000022
:1006D8000000000000000000000000000000000012
:1006E8000000000000000000000000000000000002
:1006F80000000000000000000000000000000000F2
:1007080000000000000000000000000000000000E1
:1007180000000000000000000000000000000000D1
:1007280000000000000000000000000000000000C1
:1007380000000000000000000000000000000000B1
:1007480000000000000000000000000000000000A1
:100758000000000000000000000000000000000091
:100768000000000000000000000000000000000081
:100778000000000000000000000000000000000071
:100788000000000000000000000000000000000061
:100798000000000000000000000000000000000051
:1007A8000000000000000000000000000000000041
:1007B8000000000000000000000000000000000031
:1007C8000000000000000000000000000000000021
:1007D8000000000000000000000000000000000011
:1007E8000000000000000000000000000000000001
:1007F80000000000000000000000000000000000F1
:1008080000000000000000000000000000000000E0
:1008180000000000000000000000000000000000D0
:1008280000000000000000000000000000000000C0
:1008380000000000000000000000000000000000B0
:1008480000000000000000000000000000000000A0
:100858000000000000000000000000000000000090
:100868000000000000000000000000000000000080
:100878000000000000000000000000000000000070
:100888000000000000000000000000000000000060
:100898000000000000000000000000000000000050
:1008A8000000000000000000000000000000000040
:1008B8000000000000000000000000000000000030
:1008C8000000000000000000000000000000000020
:1008D8000000000000000000000000000000000010
:1008E8000000000000000000000000000000000000
:1008F80000000000000000000000000000000000F0
:1009080000000000000000000000000000000000DF
:1009180000000000000000000000000000000000CF
:1009280000000000000000000000000000000000BF
:1009380000000000000000000000000000000000AF
:10094800000000000000000000000000000000009F
:10095800000000000000000000000000000000008F
:10096800000000000000000000000000000000007F
:10097800000000000000000000000000000000006F
:10098800000000000000000000000000000000005F
:10099800000000000000000000000000000000004F
:1009A800000000000000000000000000000000003F
:1009B800000000000000000000000000000000002F
:1009C800000000000000000000000000000000001F
:1009D800000000000000000000000000000000000F
:1009E80000000000000000000000000000000000FF
:1009F80000000000000000000000000000000000EF
:100A080000000000000000000000000000000000DE
:100A180000000000000000000000000000000000CE
:100A280000000000000000000000000000000000BE
:100A380000000000000000000000000000000000AE
:100A4800000000000000000000000000000000009E
:100A5800000000000000000000000000000000008E
:100A6800000000000000000000000000000000007E
:100A7800000000000000000000000000000000006E
:100A8800000000000000000000000000000000005E
:100A9800000000000000000000000000000000004E
:100AA800000000000000000000000000000000003E
:100AB800000000000000000000000000000000002E
:100AC800000000000000000000000000000000001E
:100AD800000000000000000000000000000000000E
:100AE80000000000000000000000000000000000FE
:100AF80000000000000000000000000000000000EE
:100B080000000000000000000000000000000000DD
:100B180000000000000000000000000000000000CD
:100B280000000000000000000000000000000000BD
:100B380000000000000000000000000000000000AD
:100B4800000000000000000000000000000000009D
:100B5800000000000000000000000000000000008D
:100B6800000000000000000000000000000000007D
:100B7800000000000000000000000000000000006D
:100B8800000000000000000000000000000000005D
:100B9800000000000000000000000000000000004D
:100BA800000000000000000000000000000000003D
:100BB800000000000000000000000000000000002D
:100BC800000000000000000000000000000000001D
:100BD800000000000000000000000000000000000D
:100BE80000000000000000000000000000000000FD
:100BF80000000000000000000000000000000000ED
:100C080000000000000000000000000000000000DC
:100C180000000000000000000000000000000000CC
:100C280000000000000000000000000000000000BC
:100C380000000000000000000000000000000000AC
:100C4800000000000000000000000000000000009C
:100C5800000000000000000000000000000000008C
:100C6800000000000000000000000000000000007C
:100C7800000000000000000000000000000000006C
:100C8800000000000000000000000000000000005C
:100C9800000000000000000000000000000000004C
:100CA800000000000000000000000000000000003C
:100CB800000000000000000000000000000000002C
:100CC800000000000000000000000000000000001C
:100CD800000000000000000000000000000000000C
:100CE80000000000000000000000000000000000FC
:100CF80000000000000000000000000000000000EC
:100D080000000000000000000000000000000000DB
:100D180000000000000000000000000000000000CB
:100D280000000000000000000000000000000000BB
:100D380000000000000000000000000000000000AB
:100D4800000000000000000000000000000000009B
:100D5800000000000000000000000000000000008B
:100D6800000000000000000000000000000000007B
:100D7800000000000000000000000000000000006B
:100D8800000000000000000000000000000000005B
:100D9800000000000000000000000000000000004B
:100DA800000000000000000000000000000000003B
:100DB800000000000000000000000000000000002B
:100DC800000000000000000000000000000000001B
:100DD800000000000000000000000000000000000B
:100DE80000000000000000000000000000000000FB
:100DF80000000000000000000000000000000000EB
:100E080000000000000000000000000000000000DA
:100E180000000000000000000000000000000000CA
:100E280000000000000000000000000000000000BA
:100E380000000000000000000000000000000000AA
:100E4800000000000000000000000000000000009A
:100E5800000000000000000000000000000000008A
:100E6800000000000000000000000000000000007A
:100E7800000000000000000000000000000000006A
:100E8800000000000000000000000000000000005A
:100E9800000000000000000000000000000000004A
:100EA800000000000000000000000000000000003A
:100EB800000000000000000000000000000000002A
:100EC800000000000000000000000000000000001A
:100ED800000000000000000000000000000000000A
:100EE80000000000000000000000000000000000FA
:100EF80000000000000000000000000000000000EA
:100F080000000000000000000000000000000000D9
:100F180000000000000000000000000000000000C9
:100F280000000000000000000000000000000000B9
:100F380000000000000000000000000000000000A9
:100F48000000000000000000000000000000000099
:100F58000000000000000000000000000000000089
:100F68000000000000000000000000000000000079
:100F78000000000000000000000000000000000069
:100F88000000000000000000000000000000000059
:100F98000000000000000000000000000000000049
:100FA8000000000000000000000000000000000039
:100FB8000000000000000000000000000000000029
:100FC8000000000000000000000000000000000019
:100FD8000000000000000000000000000000000009
:100FE80000000000000000000000000000000000F9
:100FF80000000000000000000000000000000000E9
:1010080000000000000000000000000000000000D8
:1010180000000000000000000000000000000000C8
:1010280000000000000000000000000000000000B8
:1010380000000000000000000000000000000000A8
:101048000000000000000000000000000000000098
:101058000000000000000000000000000000000088
:101068000000000000000000000000000000000078
:101078000000000000000000000000000000000068
:101088000000000000000000000000000000000058
:101098000000000000000000000000000000000048
:1010A8000000000000000000000000000000000038
:1010B8000000000000000000000000000000000028
:1010C8000000000000000000000000000000000018
:1010D8000000000000000000000000000000000008
:1010E80000000000000000000000000000000000F8
:1010F80000000000000000000000000000000000E8
:1011080000000000000000000000000000000000D7
:1011180000000000000000000000000000000000C7
:1011280000000000000000000000000000000000B7
:1011380000000000000000000000000000000000A7
:101148000000000000000000000000000000000097
:101158000000000000000000000000000000000087
:101168000000000000000000000000000000000077
:101178000000000000000000000000000000000067
:101188000000000000000000000000000000000057
:101198000000000000000000000000000000000047
:1011A8000000000000000000000000000000000037
:1011B8000000000000000000000000000000000027
:1011C8000000000000000000000000000000000017
:1011D8000000000000000000000000000000000007
:1011E80000000000000000000000000000000000F7
:1011F80000000000000000000000000000000000E7
:1012080000000000000000000000000000000000D6
:1012180000000000000000000000000000000000C6
:1012280000000000000000000000000000000000B6
:1012380000000000000000000000000000000000A6
:101248000000000000000000000000000000000096
:101258000000000000000000000000000000000086
:101268000000000000000000000000000000000076
:101278000000000000000000000000000000000066
:101288000000000000000000000000000000000056
:101298000000000000000000000000000000000046
:1012A8000000000000000000000000000000000036
:1012B8000000000000000000000000000000000026
:1012C8000000000000000000000000000000000016
:1012D8000000000000000000000000000000000006
:1012E80000000000000000000000000000000000F6
:1012F80000000000000000000000000000000000E6
:1013080000000000000000000000000000000000D5
:1013180000000000000000000000000000000000C5
:1013280000000000000000000000000000000000B5
:1013380000000000000000000000000000000000A5
:101348000000000000000000000000000000000095
:101358000000000000000000000000000000000085
:101368000000000000000000000000000000000075
:101378000000000000000000000000000000000065
:101388000000000000000000000000000000000055
:101398000000000000000000000000000000000045
:1013A8000000000000000000000000000000000035
:1013B8000000000000000000000000000000000025
:1013C8000000000000000000000000000000000015
:1013D8000000000000000000000000000000000005
:1013E80000000000000000000000000000000000F5
:1013F80000000000000000000000000000000000E5
:1014080000000000000000000000000000000000D4
:1014180000000000000000000000000000000000C4
:1014280000000000000000000000000000000000B4
:1014380000000000000000000000000000000000A4
:101448000000000000000000000000000000000094
:101458000000000000000000000000000000000084
:101468000000000000000000000000000000000074
:101478000000000000000000000000000000000064
:101488000000000000000000000000000000000054
:101498000000000000000000000000000000000044
:1014A8000000000000000000000000000000000034
:1014B8000000000000000000000000000000000024
:1014C8000000000000000000000000000000000014
:1014D8000000000000000000000000000000000004
:1014E80000000000000000000000000000000000F4
:1014F80000000000000000000000000000000000E4
:1015080000000000000000000000000000000000D3
:1015180000000000000000000000000000000000C3
:1015280000000000000000000000000000000000B3
:1015380000000000000000000000000000000000A3
:101548000000000000000000000000000000000093
:101558000000000000000000000000000000000083
:101568000000000000000000000000000000000073
:101578000000000000000000000000000000000063
:101588000000000000000000000000000000000053
:101598000000000000000000000000000000000043
:1015A8000000000000000000000000000000000033
:1015B8000000000000000000000000000000000023
:1015C8000000000000000000000000000000000013
:1015D8000000000000000000000000000000000003
:1015E80000000000000000000000000000000000F3
:1015F80000000000000000000000000000000000E3
:1016080000000000000000000000000000000000D2
:1016180000000000000000000000000000000000C2
:1016280000000000000000000000000000000000B2
:1016380000000000000000000000000000000000A2
:101648000000000000000000000000000000000092
:101658000000000000000000000000000000000082
:101668000000000000000000000000000000000072
:101678000000000000000000000000000000000062
:101688000000000000000000000000000000000052
:101698000000000000000000000000000000000042
:1016A8000000000000000000000000000000000032
:1016B8000000000000000000000000000000000022
:1016C8000000000000000000000000000000000012
:1016D8000000000000000000000000000000000002
:1016E80000000000000000000000000000000000F2
:1016F80000000000000000000000000000000000E2
:1017080000000000000000000000000000000000D1
:1017180000000000000000000000000000000000C1
:1017280000000000000000000000000000000000B1
:1017380000000000000000000000000000000000A1
:101748000000000000000000000000000000000091
:101758000000000000000000000000000000000081
:101768000000000000000000000000000000000071
:101778000000000000000000000000000000000061
:101788000000000000000000000000000000000051
:101798000000000000000000000000000000000041
:1017A8000000000000000000000000000000000031
:1017B8000000000000000000000000000000000021
:1017C8000000000000000000000000000000000011
:1017D8000000000000000000000000000000000001
:1017E80000000000000000000000000000000000F1
:1017F80000000000000000000000000000000000E1
:1018080000000000000000000000000000000000D0
:1018180000000000000000000000000000000000C0
:1018280000000000000000000000000000000000B0
:1018380000000000000000000000000000000000A0
:101848000000000000000000000000000000000090
:101858000000000000000000000000000000000080
:101868000000000000000000000000000000000070
:101878000000000000000000000000000000000060
:101888000000000000000000000000000000000050
:101898000000000000000000000000000000000040
:1018A8000000000000000000000000000000000030
:1018B8000000000000000000000000000000000020
:1018C8000000000000000000000000000000000010
:1018D8000000000000000000000000000000000000
:1018E80000000000000000000000000000000000F0
:1018F80000000000000000000000000000000000E0
:1019080000000000000000000000000000000000CF
:1019180000000000000000000000000000000000BF
:1019280000000000000000000000000000000000AF
:10193800000000000000000000000000000000009F
:10194800000000000000000000000000000000008F
:10195800000000000000000000000000000000007F
:10196800000000000000000000000000000000006F
:10197800000000000000000000000000000000005F
:10198800000000000000000000000000000000004F
:10199800000000000000000000000000000000003F
:1019A800000000000000000000000000000000002F
:1019B800000000000000000000000000000000001F
:1019C800000000000000000000000000000000000F
:1019D80000000000000000000000000000000000FF
:1019E80000000000000000000000000000000000EF
:1019F80000000000000000000000000000000000DF
:101A080000000000000000000000000000000000CE
:101A180000000000000000000000000000000000BE
:101A280000000000000000000000000000000000AE
:101A3800000000000000000000000000000000009E
:101A4800000000000000000000000000000000008E
:101A5800000000000000000000000000000000007E
:101A6800000000000000000000000000000000006E
:101A7800000000000000000000000000000000005E
:101A8800000000000000000000000000000000004E
:101A9800000000000000000000000000000000003E
:101AA800000000000000000000000000000000002E
:101AB800000000000000000000000000000000001E
:101AC800000000000000000000000000000000000E
:101AD80000000000000000000000000000000000FE
:101AE80000000000000000000000000000000000EE
:101AF80000000000000000000000000000000000DE
:101B080000000000000000000000000000000000CD
:101B180000000000000000000000000000000000BD
:101B280000000000000000000000000000000000AD
:101B3800000000000000000000000000000000009D
:101B4800000000000000000000000000000000008D
:101B5800000000000000000000000000000000007D
:101B6800000000000000000000000000000000006D
:101B7800000000000000000000000000000000005D
:101B8800000000000000000000000000000000004D
:101B9800000000000000000000000000000000003D
:101BA800000000000000000000000000000000002D
:101BB800000000000000000000000000000000001D
:101BC800000000000000000000000000000000000D
:101BD80000000000000000000000000000000000FD
:101BE80000000000000000000000000000000000ED
:101BF80000000000000000000000000000000000DD
:101C080000000000000000000000000000000000CC
:101C180000000000000000000000000000000000BC
:101C280000000000000000000000000000000000AC
:101C3800000000000000000000000000000000009C
:101C4800000000000000000000000000000000008C
:101C5800000000000000000000000000000000007C
:101C6800000000000000000000000000000000006C
:101C7800000000000000000000000000000000005C
:101C8800000000000000000000000000000000004C
:101C9800000000000000000000000000000000003C
:101CA800000000000000000000000000000000002C
:101CB800000000000000000000000000000000001C
:101CC800000000000000000000000000000000000C
:101CD80000000000000000000000000000000000FC
:101CE80000000000000000000000000000000000EC
:101CF80000000000000000000000000000000000DC
:101D080000000000000000000000000000000000CB
:101D180000000000000000000000000000000000BB
:101D280000000000000000000000000000000000AB
:101D3800000000000000000000000000000000009B
:101D4800000000000000000000000000000000008B
:101D5800000000000000000000000000000000007B
:101D6800000000000000000000000000000000006B
:101D7800000000000000000000000000000000005B
:101D8800000000000000000000000000000000004B
:101D9800000000000000000000000000000000003B
:101DA800000000000000000000000000000000002B
:101DB800000000000000000000000000000000001B
:101DC800000000000000000000000000000000000B
:101DD80000000000000000000000000000000000FB
:101DE80000000000000000000000000000000000EB
:101DF80000000000000000000000000000000000DB
:101E080000000000000000000000000000000000CA
:101E180000000000000000000000000000000000BA
:101E280000000000000000000000000000000000AA
:101E3800000000000000000000000000000000009A
:101E4800000000000000000000000000000000008A
:101E5800000000000000000000000000000000007A
:101E6800000000000000000000000000000000006A
:101E7800000000000000000000000000000000005A
:101E8800000000000000000000000000000000004A
:101E9800000000000000000000000000000000003A
:101EA800000000000000000000000000000000002A
:101EB800000000000000000000000000000000001A
:101EC800000000000000000000000000000000000A
:101ED80000000000000000000000000000000000FA
:101EE80000000000000000000000000000000000EA
:101EF80000000000000000000000000000000000DA
:101F080000000000000000000000000000000000C9
:101F180000000000000000000000000000000000B9
:101F280000000000000000000000000000000000A9
:101F38000000000000000000000000000000000099
:101F48000000000000000000000000000000000089
:101F58000000000000000000000000000000000079
:101F68000000000000000000000000000000000069
:101F78000000000000000000000000000000000059
:101F88000000000000000000000000000000000049
:101F98000000000000000000000000000000000039
:101FA8000000000000000000000000000000000029
:101FB8000000000000000000000000000000000019
:101FC8000000000000000000000000000000000009
:101FD80000000000000000000000000000000000F9
:101FE80000000000000000000000000000000000E9
:101FF80000000000000000000000000000000000D9
:1020080000000000000000000000000000000000C8
:1020180000000000000000000000000000000000B8
:1020280000000000000000000000000000000000A8
:102038000000000000000000000000000000000098
:102048000000000000000000000000000000000088
:102058000000000000000000000000000000000078
:102068000000000000000000000000000000000068
:102078000000000000000000000000000000000058
:102088000000000000000000000000000000000048
:102098000000000000000000000000000000000038
:1020A8000000000000000000000000000000000028
:1020B8000000000000000000000000000000000018
:1020C8000000000000000000000000000000000008
:1020D80000000000000000000000000000000000F8
:1020E80000000000000000000000000000000000E8
:1020F80000000000000000000000000000000000D8
:1021080000000000000000000000000000000000C7
:1021180000000000000000000000000000000000B7
:1021280000000000000000000000000000000000A7
:102138000000000000000000000000000000000097
:102148000000000000000000000000000000000087
:102158000000000000000000000000000000000077
:102168000000000000000000000000000000000067
:102178000000000000000000000000000000000057
:102188000000000000000000000000000000000047
:102198000000000000000000000000000000000037
:1021A8000000000000000000000000000000000027
:1021B8000000000000000000000000000000000017
:1021C8000000000000000000000000000000000007
:1021D80000000000000000000000000000000000F7
:1021E80000000000000000000000000000000000E7
:1021F80000000000000000000000000000000000D7
:1022080000000000000000000000000000000000C6
:1022180000000000000000000000000000000000B6
:1022280000000000000000000000000000000000A6
:102238000000000000000000000000000000000096
:102248000000000000000000000000000000000086
:102258000000000000000000000000000000000076
:102268000000000000000000000000000000000066
:102278000000000000000000000000000000000056
:102288000000000000000000000000000000000046
:102298000000000000000000000000000000000036
:1022A8000000000000000000000000000000000026
:1022B8000000000000000000000000000000000016
:1022C8000000000000000000000000000000000006
:1022D80000000000000000000000000000000000F6
:1022E80000000000000000000000000000000000E6
:1022F80000000000000000000000000000000000D6
:1023080000000000000000000000000000000000C5
:1023180000000000000000000000000000000000B5
:1023280000000000000000000000000000000000A5
:102338000000000000000000000000000000000095
:102348000000000000000000000000000000000085
:102358000000000000000000000000000000000075
:102368000000000000000000000000000000000065
:102378000000000000000000000000000000000055
:102388000000000000000000000000000000000045
:102398000000000000000000000000000000000035
:1023A8000000000000000000000000000000000025
:1023B8000000000000000000000000000000000015
:1023C8000000000000000000000000000000000005
:1023D80000000000000000000000000000000000F5
:1023E80000000000000000000000000000000000E5
:1023F80000000000000000000000000000000000D5
:1024080000000000000000000000000000000000C4
:1024180000000000000000000000000000000000B4
:1024280000000000000000000000000000000000A4
:102438000000000000000000000000000000000094
:102448000000000000000000000000000000000084
:102458000000000000000000000000000000000074
:102468000000000000000000000000000000000064
:102478000000000000000000000000000000000054
:102488000000000000000000000000000000000044
:102498000000000000000000000000000000000034
:1024A8000000000000000000000000000000000024
:1024B8000000000000000000000000000000000014
:1024C8000000000000000000000000000000000004
:1024D80000000000000000000000000000000000F4
:1024E80000000000000000000000000000000000E4
:1024F80000000000000000000000000000000000D4
:1025080000000000000000000000000000000000C3
:1025180000000000000000000000000000000000B3
:1025280000000000000000000000000000000000A3
:102538000000000000000000000000000000000093
:102548000000000000000000000000000000000083
:102558000000000000000000000000000000000073
:102568000000000000000000000000000000000063
:102578000000000000000000000000000000000053
:102588000000000000000000000000000000000043
:102598000000000000000000000000000000000033
:1025A8000000000000000000000000000000000023
:1025B8000000000000000000000000000000000013
:1025C8000000000000000000000000000000000003
:1025D80000000000000000000000000000000000F3
:1025E80000000000000000000000000000000000E3
:1025F80000000000000000000000000000000000D3
:1026080000000000000000000000000000000000C2
:1026180000000000000000000000000000000000B2
:1026280000000000000000000000000000000000A2
:102638000000000000000000000000000000000092
:102648000000000000000000000000000000000082
:102658000000000000000000000000000000000072
:102668000000000000000000000000000000000062
:102678000000000000000000000000000000000052
:102688000000000000000000000000000000000042
:102698000000000000000000000000000000000032
:1026A8000000000000000000000000000000000022
:1026B8000000000000000000000000000000000012
:1026C8000000000000000000000000000000000002
:1026D80000000000000000000000000000000000F2
:1026E80000000000000000000000000000000000E2
:1026F80000000000000000000000000000000000D2
:1027080000000000000000000000000000000000C1
:1027180000000000000000000000000000000000B1
:1027280000000000000000000000000000000000A1
:102738000000000000000000000000000000000091
:102748000000000000000000000000000000000081
:102758000000000000000000000000000000000071
:102768000000000000000000000000000000000061
:102778000000000000000000000000000000000051
:102788000000000000000000000000000000000041
:102798000000000000000000000000000000000031
:1027A8000000000000000000000000000000000021
:1027B8000000000000000000000000000000000011
:1027C8000000000000000000000000000000000001
:1027D80000000000000000000000000000000000F1
:1027E80000000000000000000000000000000000E1
:1027F80000000000000000000000000000000000D1
:1028080000000000000000000000000000000000C0
:1028180000000000000000000000000000000000B0
:1028280000000000000000000000000000000000A0
:102838000000000000000000000000000000000090
:102848000000000000000000000000000000000080
:102858000000000000000000000000000000000070
:102868000000000000000000000000000000000060
:102878000000000000000000000000000000000050
:102888000000000000000000000000000000000040
:102898000000000000000000000000000000000030
:1028A8000000000000000000000000000000000020
:1028B8000000000000000000000000000000000010
:1028C8000000000000000000000000000000000000
:1028D80000000000000000000000000000000000F0
:1028E80000000000000000000000000000000000E0
:1028F80000000000000000000000000000000000D0
:1029080000000000000000000000000000000000BF
:1029180000000000000000000000000000000000AF
:10292800000000000000000000000000000000009F
:10293800000000000000000000000000000000008F
:10294800000000000000000000000000000000007F
:10295800000000000000000000000000000000006F
:10296800000000000000000000000000000000005F
:10297800000000000000000000000000000000004F
:10298800000000000000000000000000000000003F
:10299800000000000000000000000000000000002F
:1029A800000000000000000000000000000000001F
:1029B800000000000000000000000000000000000F
:1029C80000000000000000000000000000000000FF
:1029D80000000000000000000000000000000000EF
:1029E80000000000000000000000000000000000DF
:1029F80000000000000000000000000000000000CF
:102A080000000000000000000000000000000000BE
:102A180000000000000000000000000000000000AE
:102A2800000000000000000000000000000000009E
:102A3800000000000000000000000000000000008E
:102A4800000000000000000000000000000000007E
:102A5800000000000000000000000000000000006E
:102A6800000000000000000000000000000000005E
:102A7800000000000000000000000000000000004E
:102A8800000000000000000000000000000000003E
:102A9800000000000000000000000000000000002E
:102AA800000000000000000000000000000000001E
:102AB800000000000000000000000000000000000E
:102AC80000000000000000000000000000000000FE
:102AD80000000000000000000000000000000000EE
:102AE80000000000000000000000000000000000DE
:102AF80000000000000000000000000000000000CE
:102B080000000000000000000000000000000000BD
:102B180000000000000000000000000000000000AD
:102B2800000000000000000000000000000000009D
:102B3800000000000000000000000000000000008D
:102B4800000000000000000000000000000000007D
:102B5800000000000000000000000000000000006D
:102B6800000000000000000000000000000000005D
:102B7800000000000000000000000000000000004D
:102B8800000000000000000000000000000000003D
:102B9800000000000000000000000000000000002D
:102BA800000000000000000000000000000000001D
:102BB800000000000000000000000000000000000D
:102BC80000000000000000000000000000000000FD
:102BD80000000000000000000000000000000000ED
:102BE80000000000000000000000000000000000DD
:102BF80000000000000000000000000000000000CD
:102C080000000000000000000000000000000000BC
:102C180000000000000000000000000000000000AC
:102C2800000000000000000000000000000000009C
:102C3800000000000000000000000000000000008C
:102C4800000000000000000000000000000000007C
:102C5800000000000000000000000000000000006C
:102C6800000000000000000000000000000000005C
:102C7800000000000000000000000000000000004C
:102C8800000000000000000000000000000000003C
:102C9800000000000000000000000000000000002C
:102CA800000000000000000000000000000000001C
:102CB800000000000000000000000000000000000C
:102CC80000000000000000000000000000000000FC
:102CD80000000000000000000000000000000000EC
:102CE80000000000000000000000000000000000DC
:102CF80000000000000000000000000000000000CC
:102D080000000000000000000000000000000000BB
:102D180000000000000000000000000000000000AB
:102D2800000000000000000000000000000000009B
:102D3800000000000000000000000000000000008B
:102D4800000000000000000000000000000000007B
:102D5800000000000000000000000000000000006B
:102D6800000000000000000000000000000000005B
:102D7800000000000000000000000000000000004B
:102D8800000000000000000000000000000000003B
:102D9800000000000000000000000000000000002B
:102DA800000000000000000000000000000000001B
:102DB800000000000000000000000000000000000B
:102DC80000000000000000000000000000000000FB
:102DD80000000000000000000000000000000000EB
:102DE80000000000000000000000000000000000DB
:102DF80000000000000000000000000000000000CB
:102E080000000000000000000000000000000000BA
:102E180000000000000000000000000000000000AA
:102E2800000000000000000000000000000000009A
:102E3800000000000000000000000000000000008A
:102E4800000000000000000000000000000000007A
:102E5800000000000000000000000000000000006A
:102E6800000000000000000000000000000000005A
:102E7800000000000000000000000000000000004A
:102E8800000000000000000000000000000000003A
:102E9800000000000000000000000000000000002A
:102EA800000000000000000000000000000000001A
:102EB800000000000000000000000000000000000A
:102EC80000000000000000000000000000000000FA
:102ED80000000000000000000000000000000000EA
:102EE80000000000000000000000000000000000DA
:102EF80000000000000000000000000000000000CA
:102F080000000000000000000000000000000000B9
:102F180000000000000000000000000000000000A9
:102F28000000000000000000000000000000000099
:102F38000000000000000000000000000000000089
:102F48000000000000000000000000000000000079
:102F58000000000000000000000000000000000069
:102F68000000000000000000000000000000000059
:102F78000000000000000000000000000000000049
:102F88000000000000000000000000000000000039
:102F98000000000000000000000000000000000029
:102FA8000000000000000000000000000000000019
:102FB8000000000000000000000000000000000009
:102FC80000000000000000000000000000000000F9
:102FD80000000000000000000000000000000000E9
:102FE80000000000000000000000000000000000D9
:102FF80000000000000000000000000000000000C9
:1030080000000000000000000000000000000000B8
:1030180000000000000000000000000000000000A8
:103028000000000000000000000000000000000098
:103038000000000000000000000000000000000088
:103048000000000000000000000000000000000078
:103058000000000000000000000000000000000068
:103068000000000000000000000000000000000058
:103078000000000000000000000000000000000048
:103088000000000000000000000000000000000038
:103098000000000000000000000000000000000028
:1030A8000000000000000000000000000000000018
:1030B8000000000000000000000000000000000008
:1030C80000000000000000000000000000000000F8
:1030D80000000000000000000000000000000000E8
:1030E80000000000000000000000000000000000D8
:1030F80000000000000000000000000000000000C8
:1031080000000000000000000000000000000000B7
:1031180000000000000000000000000000000000A7
:103128000000000000000000000000000000000097
:103138000000000000000000000000000000000087
:103148000000000000000000000000000000000077
:103158000000000000000000000000000000000067
:103168000000000000000000000000000000000057
:103178000000000000000000000000000000000047
:103188000000000000000000000000000000000037
:103198000000000000000000000000000000000027
:1031A8000000000000000000000000000000000017
:1031B8000000000000000000000000000000000007
:1031C80000000000000000000000000000000000F7
:1031D80000000000000000000000000000000000E7
:1031E80000000000000000000000000000000000D7
:1031F80000000000000000000000000000000000C7
:1032080000000000000000000000000000000000B6
:1032180000000000000000000000000000000000A6
:103228000000000000000000000000000000000096
:103238000000000000000000000000000000000086
:103248000000000000000000000000000000000076
:103258000000000000000000000000000000000066
:103268000000000000000000000000000000000056
:103278000000000000000000000000000000000046
:103288000000000000000000000000000000000036
:103298000000000000000000000000000000000026
:1032A8000000000000000000000000000000000016
:1032B8000000000000000000000000000000000006
:1032C80000000000000000000000000000000000F6
:1032D80000000000000000000000000000000000E6
:1032E80000000000000000000000000000000000D6
:1032F80000000000000000000000000000000000C6
:1033080000000000000000000000000000000000B5
:1033180000000000000000000000000000000000A5
:103328000000000000000000000000000000000095
:103338000000000000000000000000000000000085
:103348000000000000000000000000000000000075
:103358000000000000000000000000000000000065
:103368000000000000000000000000000000000055
:103378000000000000000000000000000000000045
:103388000000000000000000000000000000000035
:103398000000000000000000000000000000000025
:1033A8000000000000000000000000000000000015
:1033B8000000000000000000000000000000000005
:1033C80000000000000000000000000000000000F5
:1033D80000000000000000000000000000000000E5
:1033E80000000000000000000000000000000000D5
:1033F80000000000000000000000000000000000C5
:1034080000000000000000000000000000000000B4
:1034180000000000000000000000000000000000A4
:103428000000000000000000000000000000000094
:103438000000000000000000000000000000000084
:103448000000000000000000000000000000000074
:103458000000000000000000000000000000000064
:103468000000000000000000000000000000000054
:103478000000000000000000000000000000000044
:103488000000000000000000000000000000000034
:103498000000000000000000000000000000000024
:1034A8000000000000000000000000000000000014
:1034B8000000000000000000000000000000000004
:1034C80000000000000000000000000000000000F4
:1034D80000000000000000000000000000000000E4
:1034E80000000000000000000000000000000000D4
:1034F80000000000000000000000000000000000C4
:1035080000000000000000000000000000000000B3
:1035180000000000000000000000000000000000A3
:103528000000000000000000000000000000000093
:103538000000000000000000000000000000000083
:103548000000000000000000000000000000000073
:103558000000000000000000000000000000000063
:103568000000000000000000000000000000000053
:103578000000000000000000000000000000000043
:103588000000000000000000000000000000000033
:103598000000000000000000000000000000000023
:1035A8000000000000000000000000000000000013
:1035B8000000000000000000000000000000000003
:1035C80000000000000000000000000000000000F3
:1035D80000000000000000000000000000000000E3
:1035E80000000000000000000000000000000000D3
:1035F80000000000000000000000000000000000C3
:1036080000000000000000000000000000000000B2
:1036180000000000000000000000000000000000A2
:103628000000000000000000000000000000000092
:103638000000000000000000000000000000000082
:103648000000000000000000000000000000000072
:103658000000000000000000000000000000000062
:103668000000000000000000000000000000000052
:103678000000000000000000000000000000000042
:103688000000000000000000000000000000000032
:103698000000000000000000000000000000000022
:1036A8000000000000000000000000000000000012
:1036B8000000000000000000000000000000000002
:1036C80000000000000000000000000000000000F2
:1036D80000000000000000000000000000000000E2
:1036E80000000000000000000000000000000000D2
:1036F80000000000000000000000000000000000C2
:1037080000000000000000000000000000000000B1
:1037180000000000000000000000000000000000A1
:103728000000000000000000000000000000000091
:103738000000000000000000000000000000000081
:103748000000000000000000000000000000000071
:103758000000000000000000000000000000000061
:103768000000000000000000000000000000000051
:103778000000000000000000000000000000000041
:103788000000000000000000000000000000000031
:103798000000000000000000000000000000000021
:1037A8000000000000000000000000000000000011
:1037B8000000000000000000000000000000000001
:1037C80000000000000000000000000000000000F1
:1037D80000000000000000000000000000000000E1
:1037E80000000000000000000000000000000000D1
:1037F80000000000000000000000000000000000C1
:1038080000000000000000000000000000000000B0
:1038180000000000000000000000000000000000A0
:103828000000000000000000000000000000000090
:103838000000000000000000000000000000000080
:103848000000000000000000000000000000000070
:103858000000000000000000000000000000000060
:103868000000000000000000000000000000000050
:103878000000000000000000000000000000000040
:103888000000000000000000000000000000000030
:103898000000000000000000000000000000000020
:1038A8000000000000000000000000000000000010
:1038B8000000000000000000000000000000000000
:1038C80000000000000000000000000000000000F0
:1038D80000000000000000000000000000000000E0
:1038E80000000000000000000000000000000000D0
:1038F80000000000000000000000000000000000C0
:1039080000000000000000000000000000000000AF
:10391800000000000000000000000000000000009F
:10392800000000000000000000000000000000008F
:10393800000000000000000000000000000000007F
:10394800000000000000000000000000000000006F
:10395800000000000000000000000000000000005F
:10396800000000000000000000000000000000004F
:10397800000000000000000000000000000000003F
:10398800000000000000000000000000000000002F
:10399800000000000000000000000000000000001F
:1039A800000000000000000000000000000000000F
:1039B80000000000000000000000000000000000FF
:1039C80000000000000000000000000000000000EF
:1039D80000000000000000000000000000000000DF
:1039E80000000000000000000000000000000000CF
:1039F80000000000000000000000000000000000BF
:103A080000000000000000000000000000000000AE
:103A1800000000000000000000000000000000009E
:103A2800000000000000000000000000000000008E
:103A3800000000000000000000000000000000007E
:103A4800000000000000000000000000000000006E
:103A5800000000000000000000000000000000005E
:103A6800000000000000000000000000000000004E
:103A7800000000000000000000000000000000003E
:103A8800000000000000000000000000000000002E
:103A9800000000000000000000000000000000001E
:103AA800000000000000000000000000000000000E
:103AB80000000000000000000000000000000000FE
:103AC80000000000000000000000000000000000EE
:103AD80000000000000000000000000000000000DE
:103AE80000000000000000000000000000000000CE
:103AF80000000000000000000000000000000000BE
:103B080000000000000000000000000000000000AD
:103B1800000000000000000000000000000000009D
:103B2800000000000000000000000000000000008D
:103B3800000000000000000000000000000000007D
:103B4800000000000000000000000000000000006D
:103B5800000000000000000000000000000000005D
:103B6800000000000000000000000000000000004D
:103B7800000000000000000000000000000000003D
:103B8800000000000000000000000000000000002D
:103B9800000000000000000000000000000000001D
:103BA800000000000000000000000000000000000D
:103BB80000000000000000000000000000000000FD
:103BC80000000000000000000000000000000000ED
:103BD80000000000000000000000000000000000DD
:103BE80000000000000000000000000000000000CD
:103BF80000000000000000000000000000000000BD
:103C080000000000000000000000000000000000AC
:103C1800000000000000000000000000000000009C
:103C2800000000000000000000000000000000008C
:103C3800000000000000000000000000000000007C
:103C4800000000000000000000000000000000006C
:103C5800000000000000000000000000000000005C
:103C6800000000000000000000000000000000004C
:103C7800000000000000000000000000000000003C
:103C8800000000000000000000000000000000002C
:103C9800000000000000000000000000000000001C
:103CA800000000000000000000000000000000000C
:103CB80000000000000000000000000000000000FC
:103CC80000000000000000000000000000000000EC
:103CD80000000000000000000000000000000000DC
:103CE80000000000000000000000000000000000CC
:103CF80000000000000000000000000000000000BC
:103D080000000000000000000000000000000000AB
:103D1800000000000000000000000000000000009B
:103D2800000000000000000000000000000000008B
:103D3800000000000000000000000000000000007B
:103D4800000000000000000000000000000000006B
:103D5800000000000000000000000000000000005B
:103D6800000000000000000000000000000000004B
:103D7800000000000000000000000000000000003B
:103D8800000000000000000000000000000000002B
:103D9800000000000000000000000000000000001B
:103DA800000000000000000000000000000000000B
:103DB80000000000000000000000000000000000FB
:103DC80000000000000000000000000000000000EB
:103DD80000000000000000000000000000000000DB
:103DE80000000000000000000000000000000000CB
:103DF80000000000000000000000000000000000BB
:103E080000000000000000000000000000000000AA
:103E1800000000000000000000000000000000009A
:103E2800000000000000000000000000000000008A
:103E3800000000000000000000000000000000007A
:103E4800000000000000000000000000000000006A
:103E5800000000000000000000000000000000005A
:103E6800000000000000000000000000000000004A
:103E7800000000000000000000000000000000003A
:103E8800000000000000000000000000000000002A
:103E9800000000000000000000000000000000001A
:103EA800000000000000000000000000000000000A
:103EB80000000000000000000000000000000000FA
:103EC80000000000000000000000000000000000EA
:103ED80000000000000000000000000000000000DA
:103EE80000000000000000000000000000000000CA
:103EF80000000000000000000000000000000000BA
:103F080000000000000000000000000000000000A9
:103F18000000000000000000000000000000000099
:103F28000000000000000000000000000000000089
:103F38000000000000000000000000000000000079
:103F48000000000000000000000000000000000069
:103F58000000000000000000000000000000000059
:103F68000000000000000000000000000000000049
:103F78000000000000000000000000000000000039
:103F88000000000000000000000000000000000029
:103F98000000000000000000000000000000000019
:103FA8000000000000000000000000000000000009
:103FB80000000000000000000000000000000000F9
:103FC80000000000000000000000000000000000E9
:103FD80000000000000000000000000000000000D9
:103FE80000000000000000000000000000000000C9
:103FF80000000000000000000000000000000000B9
:1040080000000000000000000000000000000000A8
:104018000000000000000000000000000000000098
:104028000000000000000000000000000000000088
:104038000000000000000000000000000000000078
:104048000000000000000000000000000000000068
:104058000000000000000000000000000000000058
:104068000000000000000000000000000000000048
:104078000000000000000000000000000000000038
:104088000000000000000000000000000000000028
:104098000000000000000000000000000000000018
:1040A8000000000000000000000000000000000008
:1040B80000000000000000000000000000000000F8
:1040C80000000000000000000000000000000000E8
:1040D80000000000000000000000000000000000D8
:1040E80000000000000000000000000000000000C8
:1040F80000000000000000000000000000000000B8
:1041080000000000000000000000000000000000A7
:104118000000000000000000000000000000000097
:104128000000000000000000000000000000000087
:104138000000000000000000000000000000000077
:104148000000000000000000000000000000000067
:104158000000000000000000000000000000000057
:104168000000000000000000000000000000000047
:104178000000000000000000000000000000000037
:104188000000000000000000000000000000000027
:104198000000000000000000000000000000000017
:1041A8000000000000000000000000000000000007
:1041B80000000000000000000000000000000000F7
:1041C80000000000000000000000000000000000E7
:1041D80000000000000000000000000000000000D7
:1041E80000000000000000000000000000000000C7
:1041F80000000000000000000000000000000000B7
:1042080000000000000000000000000000000000A6
:104218000000000000000000000000000000000096
:104228000000000000000000000000000000000086
:104238000000000000000000000000000000000076
:104248000000000000000000000000000000000066
:104258000000000000000000000000000000000056
:104268000000000000000000000000000000000046
:104278000000000000000000000000000000000036
:104288000000000000000000000000000000000026
:104298000000000000000000000000000000000016
:1042A8000000000000000000000000000000000006
:1042B80000000000000000000000000000000000F6
:1042C80000000000000000000000000000000000E6
:1042D80000000000000000000000000000000000D6
:1042E80000000000000000000000000000000000C6
:1042F80000000000000000000000000000000000B6
:1043080000000000000000000000000000000000A5
:104318000000000000000000000000000000000095
:104328000000000000000000000000000000000085
:104338000000000000000000000000000000000075
:104348000000000000000000000000000000000065
:104358000000000000000000000000000000000055
:104368000000000000000000000000000000000045
:104378000000000000000000000000000000000035
:104388000000000000000000000000000000000025
:104398000000000000000000000000000000000015
:1043A8000000000000000000000000000000000005
:1043B80000000000000000000000000000000000F5
:1043C80000000000000000000000000000000000E5
:1043D80000000000000000000000000000000000D5
:1043E80000000000000000000000000000000000C5
:1043F80000000000000000000000000000000000B5
:1044080000000000000000000000000000000000A4
:104418000000000000000000000000000000000094
:104428000000000000000000000000000000000084
:104438000000000000000000000000000000000074
:104448000000000000000000000000000000000064
:104458000000000000000000000000000000000054
:104468000000000000000000000000000000000044
:104478000000000000000000000000000000000034
:104488000000000000000000000000000000000024
:104498000000000000000000000000000000000014
:1044A8000000000000000000000000000000000004
:1044B80000000000000000000000000000000000F4
:1044C80000000000000000000000000000000000E4
:1044D80000000000000000000000000000000000D4
:1044E80000000000000000000000000000000000C4
:1044F80000000000000000000000000000000000B4
:1045080000000000000000000000000000000000A3
:104518000000000000000000000000000000000093
:104528000000000000000000000000000000000083
:104538000000000000000000000000000000000073
:104548000000000000000000000000000000000063
:104558000000000000000000000000000000000053
:104568000000000000000000000000000000000043
:104578000000000000000000000000000000000033
:104588000000000000000000000000000000000023
:104598000000000000000000000000000000000013
:1045A8000000000000000000000000000000000003
:1045B80000000000000000000000000000000000F3
:1045C80000000000000000000000000000000000E3
:1045D80000000000000000000000000000000000D3
:1045E80000000000000000000000000000000000C3
:1045F80000000000000000000000000000000000B3
:1046080000000000000000000000000000000000A2
:104618000000000000000000000000000000000092
:104628000000000000000000000000000000000082
:104638000000000000000000000000000000000072
:104648000000000000000000000000000000000062
:104658000000000000000000000000000000000052
:104668000000000000000000000000000000000042
:104678000000000000000000000000000000000032
:104688000000000000000000000000000000000022
:104698000000000000000000000000000000000012
:1046A8000000000000000000000000000000000002
:1046B80000000000000000000000000000000000F2
:1046C80000000000000000000000000000000000E2
:1046D80000000000000000000000000000000000D2
:1046E80000000000000000000000000000000000C2
:1046F80000000000000000000000000000000000B2
:1047080000000000000000000000000000000000A1
:104718000000000000000000000000000000000091
:104728000000000000000000000000000000000081
:104738000000000000000000000000000000000071
:104748000000000000000000000000000000000061
:104758000000000000000000000000000000000051
:104768000000000000000000000000000000000041
:104778000000000000000000000000000000000031
:104788000000000000000000000000000000000021
:104798000000000000000000000000000000000011
:1047A8000000000000000000000000000000000001
:1047B80000000000000000000000000000000000F1
:1047C80000000000000000000000000000000000E1
:1047D80000000000000000000000000000000000D1
:1047E80000000000000000000000000000000000C1
:1047F80000000000000000000000000000000000B1
:1048080000000000000000000000000000000000A0
:104818000000000000000000000000000000000090
:104828000000000000000000000000000000000080
:104838000000000000000000000000000000000070
:104848000000000000000000000000000000000060
:104858000000000000000000000000000000000050
:104868000000000000000000000000000000000040
:104878000000000000000000000000000000000030
:104888000000000000000000000000000000000020
:104898000000000000000000000000000000000010
:1048A8000000000000000000000000000000000000
:1048B80000000000000000000000000000000000F0
:1048C80000000000000000000000000000000000E0
:1048D80000000000000000000000000000000000D0
:1048E80000000000000000000000000000000000C0
:1048F80000000000000000000000000000000000B0
:10490800000000000000000000000000000000009F
:10491800000000000000000000000000000000008F
:10492800000000000000000000000000000000007F
:10493800000000000000000000000000000000006F
:10494800000000000000000000000000000000005F
:10495800000000000000000000000000000000004F
:10496800000000000000000000000000000000003F
:10497800000000000000000000000000000000002F
:10498800000000000000000000000000000000001F
:10499800000000000000000000000000000000000F
:1049A80000000000000000000000000000000000FF
:1049B80000000000000000000000000000000000EF
:1049C80000000000000000000000000000000000DF
:1049D80000000000000000000000000000000000CF
:1049E80000000000000000000000000000000000BF
:1049F80000000000000000000000000000000000AF
:104A0800000000000000000000000000000000009E
:104A1800000000000000000000000000000000008E
:104A2800000000000000000000000000000000007E
:104A3800000000000000000000000000000000006E
:104A4800000000000000000000000000000000005E
:104A5800000000000000000000000000000000004E
:104A6800000000000000000000000000000000003E
:104A7800000000000000000000000000000000002E
:104A8800000000000000000000000000000000001E
:104A9800000000000000000000000000000000000E
:104AA80000000000000000000000000000000000FE
:104AB80000000000000000000000000000000000EE
:104AC80000000000000000000000000000000000DE
:104AD80000000000000000000000000000000000CE
:104AE80000000000000000000000000000000000BE
:104AF80000000000000000000000000000000000AE
:104B0800000000000000000000000000000000009D
:104B1800000000000000000000000000000000008D
:104B2800000000000000000000000000000000007D
:104B3800000000000000000000000000000000006D
:104B4800000000000000000000000000000000005D
:104B5800000000000000000000000000000000004D
:104B6800000000000000000000000000000000003D
:104B7800000000000000000000000000000000002D
:104B8800000000000000000000000000000000001D
:104B9800000000000000000000000000000000000D
:104BA80000000000000000000000000000000000FD
:104BB80000000000000000000000000000000000ED
:104BC80000000000000000000000000000000000DD
:104BD80000000000000000000000000000000000CD
:104BE80000000000000000000000000000000000BD
:104BF80000000000000000000000000000000000AD
:104C0800000000000000000000000000000000009C
:104C1800000000000000000000000000000000008C
:104C2800000000000000000000000000000000007C
:104C3800000000000000000000000000000000006C
:104C4800000000000000000000000000000000005C
:104C5800000000000000000000000000000000004C
:104C6800000000000000000000000000000000003C
:104C7800000000000000000000000000000000002C
:104C8800000000000000000000000000000000001C
:104C9800000000000000000000000000000000000C
:104CA80000000000000000000000000000000000FC
:104CB80000000000000000000000000000000000EC
:104CC80000000000000000000000000000000000DC
:104CD80000000000000000000000000000000000CC
:104CE80000000000000000000000000000000000BC
:104CF80000000000000000000000000000000000AC
:104D0800000000000000000000000000000000009B
:104D1800000000000000000000000000000000008B
:104D2800000000000000000000000000000000007B
:104D3800000000000000000000000000000000006B
:104D4800000000000000000000000000000000005B
:104D5800000000000000000000000000000000004B
:104D6800000000000000000000000000000000003B
:104D7800000000000000000000000000000000002B
:104D8800000000000000000000000000000000001B
:104D9800000000000000000000000000000000000B
:104DA80000000000000000000000000000000000FB
:104DB80000000000000000000000000000000000EB
:104DC80000000000000000000000000000000000DB
:104DD80000000000000000000000000000000000CB
:104DE80000000000000000000000000000000000BB
:104DF80000000000000000000000000000000000AB
:034E0800000000A7
:104E0B000000000000000000000000000000000097
:104E1B000000000000000000000000000000000087
:104E2B000000000000000000000000000000000077
:104E3B000000000000000000000000000000000067
:104E4B000000000000000000000000000000000057
:104E5B000000000000000000000000000000000047
:104E6B000000000000000000000000000000000037
:104E7B000000000000000000000000000000000027
:104E8B000000000000000000000000000000000017
:104E9B000000000000000000000000000000000007
:104EAB0000000000000000000000000000000000F7
:104EBB0000000000000000000000000000000000E7
:040000050810C41506
:00000001FF
